cote_rouge;cote_bleu;rouge_gagne;annee
1.77;2.02;0;2026
2.24;1.63;1;2026
1.11;6.5;1;2026
3.35;1.31;0;2026
1.63;2.24;0;2026
1.67;2.18;1;2026
1.34;3.2;0;2026
1.36;3.1;0;2026
1.96;1.82;0;2026
1.88;1.88;1;2026
1.23;4.1;1;2026
1.21;4.3;1;2026
1.4;2.98;1;2026
1.44;2.8;1;2026
1.56;2.44;1;2026
1.17;5.1;1;2026
4.4;1.21;0;2026
1.43;2.84;0;2026
1.72;2.12;1;2026
2.94;1.41;1;2026
1.11;6.7;1;2026
1.13;5.9;1;2026
3.1;1.38;0;2026
1.96;1.85;0;2026
1.22;4.3;1;2026
5.0;1.19;0;2026
2.94;1.42;0;2026
4.7;1.21;0;2026
1.31;3.6;1;2026
3.5;1.31;1;2026
1.56;2.5;1;2026
4.7;1.21;0;2026
1.44;2.88;1;2026
1.38;3.15;1;2026
3.2;1.37;0;2026
2.12;1.76;0;2026
1.13;6.3;1;2026
2.64;1.51;0;2026
1.66;2.28;1;2026
1.51;2.64;0;2026
1.43;2.9;1;2026
3.5;1.32;0;2026
1.5;2.68;1;2026
1.61;2.38;1;2026
1.11;7.1;1;2026
2.58;1.53;0;2026
2.62;1.52;0;2026
1.58;2.44;1;2026
1.57;2.46;0;2026
1.45;2.84;0;2026
1.51;2.66;0;2026
3.65;1.3;0;2026
1.24;3.9;0;2026
1.37;3.2;1;2026
1.19;4.7;1;2026
1.13;6.4;1;2026
1.14;6.2;1;2026
1.56;2.52;1;2026
1.18;5.2;1;2026
2.94;1.43;0;2026
2.16;1.74;1;2026
6.7;1.12;0;2026
1.42;2.98;1;2026
3.25;1.36;1;2026
1.47;2.8;0;2026
2.98;1.42;0;2026
2.0;1.85;1;2026
1.31;3.6;1;2026
2.42;1.6;0;2026
2.2;1.7;0;2026
2.2;1.7;0;2026
1.26;4.1;1;2026
3.45;1.33;0;2026
2.2;1.7;0;2026
2.72;1.49;0;2026
4.2;1.25;1;2026
6.9;1.12;0;2026
1.79;2.08;1;2026
4.0;1.27;0;2026
1.6;2.4;0;2026
1.2;4.8;1;2026
3.45;1.33;0;2026
1.68;2.24;1;2026
7.1;1.11;0;2026
1.38;3.15;1;2026
2.28;1.66;0;2026
1.33;5.6;1;2026
1.31;3.6;1;2026
1.79;2.08;0;2026
1.54;2.56;1;2026
1.62;2.36;1;2026
4.1;1.25;0;2026
1.81;2.06;0;2026
3.45;1.33;0;2026
1.09;8.0;1;2026
3.2;1.37;0;2026
1.28;3.9;1;2026
1.7;2.2;1;2026
1.79;2.08;1;2026
3.05;1.41;1;2026
2.36;1.63;0;2026
2.02;1.83;1;2026
1.34;3.35;0;2026
3.0;1.41;1;2026
1.44;2.88;1;2026
1.3;3.7;1;2026
1.3;3.65;1;2026
2.84;1.45;0;2026
1.07;9.7;1;2026
1.1;7.6;1;2026
2.12;1.76;1;2026
2.54;1.54;1;2026
1.38;3.15;1;2026
4.3;1.24;0;2026
3.0;1.41;0;2025
4.0;1.27;0;2025
2.8;1.47;0;2025
1.61;2.38;1;2025
5.1;1.18;0;2025
1.4;3.05;1;2025
2.8;1.47;0;2025
2.16;1.74;0;2025
2.58;1.53;0;2025
3.0;1.41;1;2025
1.27;4.0;0;2025
1.48;2.76;0;2025
1.98;1.86;0;2025
3.05;1.4;0;2025
1.37;3.2;0;2025
2.08;1.79;0;2025
1.45;2.84;1;2025
2.58;1.53;0;2025
1.77;2.08;0;2025
4.6;1.22;0;2025
1.47;2.8;1;2025
1.06;10.8;1;2025
3.0;1.41;0;2025
1.13;6.3;1;2025
3.35;1.34;0;2025
1.43;2.9;1;2025
2.66;1.51;0;2025
1.68;2.26;1;2025
1.43;2.94;0;2025
3.05;1.4;0;2025
3.7;1.3;1;2025
2.72;1.49;0;2025
1.06;10.0;1;2025
2.18;1.72;0;2025
1.81;2.06;1;2025
1.31;3.6;1;2025
2.9;1.43;0;2025
3.6;1.31;0;2025
1.7;2.2;1;2025
1.66;2.28;0;2025
2.3;1.65;0;2025
2.6;1.53;0;2025
1.41;3.0;1;2025
2.64;1.51;0;2025
1.3;3.65;1;2025
1.24;4.3;0;2025
1.21;4.7;1;2025
1.86;1.98;1;2025
5.4;1.17;0;2025
1.1;7.6;1;2025
2.46;1.57;0;2025
1.61;2.38;1;2025
4.8;1.2;0;2025
2.1;1.77;0;2025
1.85;2.0;1;2025
2.4;1.6;1;2025
1.68;2.24;0;2025
1.53;2.58;0;2025
2.84;1.45;0;2025
1.23;4.4;1;2025
2.6;1.53;0;2025
2.52;1.56;0;2025
1.39;3.1;1;2025
1.72;2.18;1;2025
2.1;1.77;1;2025
2.32;1.6;1;2025
1.68;2.24;0;2025
1.58;2.44;1;2025
1.32;3.5;1;2025
1.37;3.2;1;2025
1.93;1.93;1;2025
1.29;3.8;1;2025
2.46;1.57;0;2025
1.28;3.9;1;2025
2.52;1.56;0;2025
1.44;2.88;1;2025
2.14;1.75;0;2025
1.16;5.6;1;2025
2.66;1.51;1;2025
1.85;2.0;0;2025
2.02;1.83;0;2025
1.43;2.9;1;2025
1.79;2.08;1;2025
1.25;4.2;1;2025
2.36;1.62;1;2025
1.23;4.4;1;2025
1.2;4.85;0;2025
1.2;4.8;0;2025
1.45;2.84;0;2025
1.91;1.94;0;2025
2.12;1.76;0;2025
1.43;2.9;1;2025
1.53;2.6;1;2025
1.76;2.12;1;2025
3.65;1.3;0;2025
1.55;2.6;0;2025
2.88;1.44;1;2025
1.4;3.05;0;2025
1.3;3.65;1;2025
1.34;3.4;0;2025
1.76;2.12;1;2025
1.93;1.93;1;2025
3.65;1.3;1;2025
5.1;1.15;0;2025
1.83;2.02;0;2025
1.44;2.88;0;2025
3.15;1.38;0;2025
1.81;2.06;1;2025
1.34;3.4;1;2025
1.17;5.5;1;2025
2.02;1.83;1;2025
1.17;5.3;1;2025
1.26;1.93;1;2025
1.4;3.05;0;2025
1.24;4.3;1;2025
1.52;2.62;1;2025
4.6;1.22;0;2025
2.72;1.49;0;2025
1.06;10.8;1;2025
1.75;2.14;1;2025
1.29;3.8;0;2025
1.31;3.6;1;2025
1.25;4.2;1;2025
1.49;1.75;0;2025
5.2;1.18;0;2025
3.4;1.34;1;2025
1.13;6.4;1;2025
1.41;3.0;1;2025
1.43;2.94;1;2025
1.33;3.45;1;2025
1.31;3.6;0;2025
1.63;2.34;1;2025
1.37;3.2;1;2025
2.46;1.57;1;2025
1.75;2.14;1;2025
2.34;1.63;1;2025
1.48;2.76;1;2025
1.47;2.8;1;2025
2.9;1.43;0;2025
2.76;1.48;1;2025
1.77;2.08;0;2025
2.52;1.56;1;2025
1.43;2.94;1;2025
2.0;1.85;1;2025
1.65;1.69;1;2025
4.2;1.25;0;2025
1.75;1.48;0;2025
1.23;4.4;1;2025
2.58;1.53;1;2025
1.29;3.75;0;2025
2.38;1.61;1;2025
2.72;1.49;0;2025
2.12;1.76;1;2025
2.46;1.57;1;2025
1.3;3.7;1;2025
2.26;1.68;0;2025
1.74;2.16;1;2025
1.37;3.2;1;2025
1.18;5.2;1;2025
1.86;1.98;0;2025
2.76;3.75;0;2025
1.52;2.62;1;2025
1.5;2.68;0;2025
1.76;2.12;0;2025
3.25;1.36;0;2025
3.95;1.27;1;2025
4.8;1.2;0;2025
1.38;3.15;1;2025
1.6;2.42;1;2025
1.2;4.9;1;2025
2.18;1.72;0;2025
3.05;1.4;1;2025
1.34;3.4;1;2025
1.41;3.0;0;2025
1.11;7.4;1;2025
2.18;1.74;0;2025
1.98;1.86;1;2025
3.2;1.37;0;2025
2.32;1.64;1;2025
2.62;1.48;0;2025
2.88;1.44;0;2025
3.65;1.3;1;2025
1.11;7.1;1;2025
2.8;1.48;0;2025
2.16;1.74;0;2025
1.27;4.0;0;2025
1.89;1.96;0;2025
1.5;2.68;1;2025
1.2;4.85;0;2025
3.65;1.3;0;2025
1.17;5.4;1;2025
1.58;2.44;1;2025
3.05;1.4;1;2025
3.15;1.38;0;2025
4.8;1.2;0;2025
1.13;6.3;1;2025
1.12;6.7;1;2025
1.24;4.3;1;2025
1.3;3.7;1;2025
1.22;4.5;1;2025
1.43;2.9;0;2025
1.36;3.7;1;2025
1.42;2.98;0;2025
3.15;1.38;0;2025
1.63;2.32;1;2025
2.34;1.63;1;2025
4.0;1.27;0;2025
1.28;3.9;1;2025
1.43;2.94;1;2025
2.08;1.79;0;2025
1.09;8.3;1;2025
1.15;5.9;1;2025
1.39;3.1;1;2025
1.66;2.28;0;2025
1.29;3.8;1;2025
1.15;5.8;1;2025
1.93;1.93;1;2025
1.51;2.64;0;2025
1.69;2.24;1;2025
4.8;1.2;1;2025
4.1;1.26;1;2025
1.56;2.5;0;2025
1.34;3.35;0;2025
3.6;1.31;0;2025
3.1;1.39;1;2025
1.82;1.96;1;2025
3.0;1.38;0;2025
4.2;1.22;0;2025
2.86;1.41;1;2025
4.0;1.23;0;2025
2.18;1.67;0;2025
2.96;1.38;0;2025
1.15;5.2;1;2025
1.56;2.4;0;2025
3.3;1.32;0;2025
1.96;1.82;1;2025
5.2;1.15;0;2025
1.41;2.86;0;2025
6.2;1.11;0;2025
1.09;7.0;1;2025
1.25;4.2;1;2025
1.4;3.05;1;2025
2.02;1.83;0;2025
1.89;1.96;1;2025
2.46;1.57;1;2025
2.72;1.49;0;2025
2.16;1.74;0;2025
2.76;1.48;0;2025
1.58;2.44;1;2025
12.0;1.05;0;2025
1.22;4.6;1;2025
1.85;2.0;0;2025
2.24;1.69;1;2025
1.42;2.98;1;2025
2.56;1.54;0;2025
1.24;4.3;1;2025
1.4;3.05;1;2025
4.7;1.21;1;2025
2.6;1.53;0;2025
3.05;1.4;1;2025
1.41;3.0;0;2025
1.2;4.85;1;2025
1.6;2.42;0;2025
2.84;1.45;1;2025
1.41;3.0;1;2025
1.6;2.42;1;2025
3.1;1.39;0;2025
5.9;1.15;1;2025
1.3;3.7;1;2025
1.06;10.8;1;2025
2.72;1.49;0;2025
1.26;4.1;1;2025
2.52;1.56;1;2025
1.16;5.6;1;2025
1.4;3.05;1;2025
6.0;1.14;0;2025
4.1;1.26;0;2025
2.46;1.57;1;2025
2.52;1.56;0;2025
6.2;1.14;0;2025
1.16;5.6;1;2025
1.6;2.42;0;2025
1.53;2.58;0;2025
5.6;1.15;0;2025
5.2;1.18;0;2025
1.24;4.3;1;2025
1.65;2.3;1;2025
1.65;2.3;1;2025
1.25;4.2;0;2025
1.52;2.62;1;2025
2.22;1.69;1;2025
1.48;2.76;1;2025
2.02;1.83;0;2025
2.9;1.43;0;2025
1.16;5.6;1;2025
1.48;2.76;0;2025
4.7;1.21;0;2025
2.26;1.68;0;2025
2.98;1.42;0;2025
2.38;1.61;0;2025
2.58;1.53;1;2025
1.83;2.02;1;2025
1.16;5.6;1;2025
1.68;2.5;1;2025
5.3;1.17;0;2025
1.52;2.62;1;2025
1.31;3.6;1;2025
1.51;2.66;0;2025
2.16;1.75;1;2025
1.53;2.6;0;2025
2.94;1.43;0;2025
1.07;9.3;1;2025
1.5;2.68;1;2025
3.25;1.36;0;2025
1.94;1.91;1;2025
1.3;3.65;1;2025
1.62;2.36;1;2025
2.14;1.75;1;2025
2.2;1.7;0;2025
1.19;5.0;1;2025
3.95;1.27;1;2025
1.72;2.18;0;2025
1.44;2.88;1;2025
2.18;1.72;0;2025
5.6;1.16;0;2025
2.28;1.66;1;2025
3.65;1.3;0;2025
3.2;1.37;0;2025
1.79;2.08;0;2025
1.3;3.65;1;2025
2.94;1.42;1;2025
1.61;2.38;1;2025
3.95;1.27;0;2025
2.66;1.51;0;2025
1.7;2.2;0;2025
1.31;3.6;1;2025
1.23;4.4;1;2025
1.61;2.38;1;2025
1.47;2.8;1;2025
1.68;2.26;1;2025
1.2;4.85;1;2025
1.79;2.08;1;2025
1.11;7.1;1;2025
1.93;1.93;1;2025
3.4;1.34;0;2025
1.64;2.32;1;2025
2.42;1.6;0;2025
1.61;2.38;1;2025
2.72;1.49;0;2025
1.66;2.28;0;2025
2.62;1.52;1;2025
2.14;1.75;0;2025
6.6;1.12;0;2025
3.3;1.36;0;2025
2.6;1.53;0;2025
1.69;2.22;1;2025
5.1;1.18;0;2025
1.43;2.9;1;2025
3.6;1.31;0;2025
2.72;1.49;1;2025
2.28;1.66;0;2025
1.6;2.4;1;2025
3.1;1.39;1;2025
1.32;3.5;1;2025
8.3;1.09;0;2025
2.04;1.82;1;2025
1.11;7.1;1;2025
1.51;2.64;1;2025
1.6;2.42;1;2025
1.89;1.96;0;2025
1.43;2.9;1;2025
1.81;2.06;1;2025
1.37;3.2;1;2025
1.21;4.7;1;2025
1.13;6.4;1;2025
1.57;4.7;0;2025
4.6;1.22;0;2025
1.5;2.68;0;2025
1.43;2.94;1;2025
1.3;3.65;1;2025
1.21;4.7;1;2025
1.63;2.34;1;2025
2.2;1.76;0;2025
3.65;1.3;0;2025
1.79;2.08;0;2025
2.88;1.44;0;2025
1.3;3.65;0;2025
1.98;1.86;1;2025
1.77;2.1;0;2025
1.39;3.1;1;2025
2.42;1.6;1;2025
1.25;4.2;1;2025
1.48;2.76;1;2025
1.64;2.32;0;2025
1.29;3.8;0;2025
1.65;2.3;0;2025
2.64;1.51;1;2025
1.5;2.68;1;2025
1.22;4.5;1;2025
1.23;4.4;0;2025
4.9;1.2;0;2025
1.43;2.9;1;2025
1.18;5.1;1;2025
6.6;1.13;1;2025
1.6;2.42;0;2025
4.8;1.2;0;2025
1.57;2.46;0;2025
3.5;1.32;0;2025
1.82;2.04;0;2025
2.3;1.65;1;2025
2.2;1.7;0;2025
2.16;1.74;1;2025
4.9;1.2;0;2025
1.64;2.32;1;2025
2.1;1.77;1;2025
6.3;1.13;0;2025
1.4;3.05;1;2025
1.45;2.84;1;2025
1.86;1.98;1;2025
3.15;1.38;1;2025
2.76;1.48;1;2025
1.41;3.0;0;2025
5.2;1.18;0;2025
3.45;1.33;0;2025
1.39;3.05;1;2025
2.48;1.57;0;2025
1.81;2.06;0;2025
3.1;1.39;0;2025
3.7;1.3;0;2025
2.68;1.5;1;2025
1.2;4.8;1;2025
1.43;2.94;1;2025
2.8;1.47;1;2025
2.2;1.7;0;2025
1.07;9.1;1;2025
3.15;1.38;1;2025
1.83;2.02;0;2025
1.31;3.6;1;2025
1.36;3.25;1;2025
2.94;1.42;1;2025
4.5;1.22;0;2025
1.14;6.2;1;2025
1.41;3.0;0;2025
1.37;3.2;0;2025
5.6;1.16;0;2025
1.89;1.96;1;2025
1.16;5.6;1;2025
1.41;3.05;1;2025
2.04;1.82;0;2025
3.65;1.3;0;2025
6.2;1.14;0;2025
1.45;2.84;1;2025
2.24;1.68;1;2025
2.32;1.64;0;2025
1.41;3.0;1;2025
2.88;1.44;0;2025
1.98;1.86;1;2025
3.65;1.3;0;2025
3.8;1.29;1;2025
2.8;1.47;1;2025
1.22;4.5;1;2025
1.63;2.34;0;2025
1.51;2.64;0;2025
1.31;3.6;1;2025
1.44;2.88;0;2025
2.22;1.69;1;2025
1.26;4.1;1;2025
1.29;3.75;1;2025
1.17;5.3;1;2025
1.4;3.05;1;2025
2.08;1.79;1;2025
1.68;2.26;1;2025
1.29;1.61;1;2025
3.2;1.37;1;2025
2.02;1.83;1;2025
1.22;4.5;1;2025
2.16;1.74;0;2025
1.08;8.5;0;2025
1.36;1.54;0;2025
1.24;4.3;1;2025
1.41;3.0;1;2025
1.41;3.05;0;2025
1.13;6.3;0;2025
3.4;1.34;0;2025
1.26;4.1;1;2025
2.62;1.52;1;2025
1.65;2.3;1;2025
1.38;3.15;1;2025
2.98;1.42;0;2025
3.15;1.38;1;2025
2.98;1.42;1;2025
1.6;2.4;0;2025
1.2;4.85;1;2025
1.6;2.4;1;2025
5.5;1.17;0;2025
1.37;3.2;1;2025
1.36;3.25;0;2025
1.12;6.6;1;2025
1.14;6.3;1;2025
3.05;1.4;0;2024
2.24;1.68;1;2024
1.25;4.1;1;2024
1.29;3.7;0;2024
2.85;1.44;0;2024
1.13;6.25;1;2024
1.43;2.9;1;2024
1.24;4.3;1;2024
1.65;2.3;1;2024
3.1;1.39;0;2024
1.16;5.55;1;2024
1.82;2.02;1;2024
1.41;3.0;0;2024
1.4;3.15;1;2024
1.48;3.95;1;2024
1.26;4.0;1;2024
1.11;7.25;1;2024
1.77;2.1;0;2024
1.26;4.0;1;2024
1.15;1.62;1;2024
1.42;2.95;1;2024
2.5;1.56;0;2024
1.89;1.93;0;2024
2.42;1.59;0;2024
1.77;2.1;1;2024
8.0;1.09;0;2024
1.18;5.1;1;2024
1.33;3.45;1;2024
1.51;2.64;1;2024
1.11;8.5;0;2024
3.15;1.38;0;2024
1.44;3.1;1;2024
2.9;1.43;0;2024
2.02;1.82;0;2024
4.8;1.2;1;2024
2.02;1.82;0;2024
1.32;3.5;1;2024
1.69;2.36;1;2024
1.41;3.0;0;2024
1.18;5.1;1;2024
1.38;3.15;1;2024
1.07;9.0;1;2024
3.35;1.34;1;2024
1.1;7.5;1;2024
1.95;1.87;0;2024
2.95;1.42;1;2024
1.07;9.5;1;2024
1.95;1.87;1;2024
1.59;2.42;0;2024
3.5;1.32;0;2024
6.5;1.12;0;2024
3.5;1.32;0;2024
3.05;1.4;1;2024
4.6;1.21;0;2024
1.21;4.7;1;2024
1.56;2.5;1;2024
1.65;2.3;1;2024
1.52;2.6;0;2024
2.9;1.4;0;2024
1.37;3.2;0;2024
1.27;3.95;1;2024
1.33;3.45;1;2024
3.0;1.41;0;2024
1.29;3.7;1;2024
1.29;3.7;1;2024
1.6;2.4;1;2024
1.93;1.89;1;2024
1.41;3.0;1;2024
3.15;1.38;1;2024
1.65;2.3;1;2024
1.12;6.5;1;2024
1.17;5.25;1;2024
1.68;2.24;1;2024
1.46;2.8;1;2024
1.62;2.36;1;2024
5.55;1.16;1;2024
1.33;3.45;1;2024
1.17;5.25;0;2024
1.59;2.42;1;2024
3.05;1.4;0;2024
2.7;1.49;0;2024
1.39;3.1;1;2024
2.9;1.43;0;2024
1.65;2.3;1;2024
4.3;1.24;1;2024
1.26;4.0;1;2024
1.41;3.0;1;2024
3.4;1.34;0;2024
1.56;2.5;0;2024
1.34;3.35;1;2024
1.42;2.95;1;2024
1.93;1.89;1;2024
2.24;1.68;0;2024
1.41;3.0;1;2024
1.24;4.3;1;2024
1.65;2.3;0;2024
2.02;1.82;0;2024
2.24;1.68;1;2024
8.0;1.09;0;2024
2.85;1.44;0;2024
2.54;1.54;0;2024
1.89;1.93;0;2024
1.2;4.8;1;2024
3.1;1.39;1;2024
1.44;2.85;1;2024
3.45;1.33;1;2024
2.6;1.52;0;2024
1.19;4.9;1;2024
1.8;2.05;1;2024
1.98;1.85;1;2024
1.16;5.55;1;2024
1.11;7.25;1;2024
1.28;3.85;1;2024
1.41;3.0;1;2024
2.05;1.8;1;2024
2.7;1.49;0;2024
1.65;2.3;0;2024
2.0;1.83;0;2024
1.77;2.1;0;2024
2.7;1.49;0;2024
1.51;2.64;0;2024
1.49;2.7;1;2024
2.1;1.77;0;2024
1.77;2.1;0;2024
1.19;5.0;0;2024
3.25;1.36;0;2024
3.25;1.36;0;2024
2.05;1.8;0;2024
1.39;3.1;0;2024
1.05;12.0;1;2024
2.4;1.6;0;2024
3.2;1.37;0;2024
1.39;3.1;1;2024
1.34;3.4;1;2024
2.2;1.7;0;2024
3.6;1.31;0;2024
2.6;1.52;0;2024
1.7;2.2;0;2024
3.0;1.41;0;2024
7.0;1.11;0;2024
1.31;3.6;0;2024
2.8;1.46;0;2024
1.11;7.0;1;2024
1.39;3.1;1;2024
1.34;3.35;1;2024
1.83;2.0;1;2024
3.2;1.34;1;2024
1.22;4.1;0;2024
2.95;1.38;0;2024
4.2;1.24;0;2024
2.14;1.69;0;2024
1.74;2.05;0;2024
2.24;1.62;1;2024
1.1;7.0;1;2024
2.24;1.62;0;2024
2.52;1.56;0;2024
1.24;4.0;1;2024
1.14;5.5;1;2024
3.8;1.25;0;2024
1.29;3.5;1;2024
2.24;1.68;0;2024
4.6;1.19;0;2024
1.71;2.1;1;2024
1.6;2.3;1;2024
1.34;3.4;1;2024
3.5;1.29;0;2024
1.07;8.5;1;2024
1.62;2.24;1;2024
1.43;2.75;0;2024
1.83;1.91;1;2024
1.42;2.95;1;2024
1.37;3.0;0;2024
1.24;4.0;1;2024
1.83;2.0;0;2024
1.37;3.2;1;2024
1.21;4.25;1;2024
1.29;3.5;0;2024
2.95;1.42;1;2024
1.45;2.7;1;2024
1.91;1.83;0;2024
1.57;2.45;1;2024
2.24;1.62;1;2024
2.24;1.62;0;2024
2.9;1.43;1;2024
1.46;2.8;0;2024
1.37;3.0;1;2024
1.53;2.45;0;2024
1.91;1.91;0;2024
1.24;4.2;1;2024
3.2;1.37;1;2024
1.37;3.2;0;2024
1.62;2.24;1;2024
1.87;1.95;1;2024
1.24;4.0;1;2024
1.69;2.14;1;2024
3.4;1.34;0;2024
2.14;1.69;0;2024
1.95;1.8;0;2024
1.5;2.54;1;2024
1.29;3.5;1;2024
2.8;1.42;0;2024
1.74;2.14;0;2024
1.06;9.5;1;2024
1.77;2.0;1;2024
1.42;2.8;0;2024
1.45;2.7;1;2024
1.12;6.0;1;2024
1.77;2.1;0;2024
1.4;3.05;1;2024
1.74;2.14;0;2024
1.25;4.1;1;2024
2.5;1.51;0;2024
1.24;3.9;1;2024
2.95;1.38;0;2024
2.4;1.56;0;2024
1.51;2.64;0;2024
3.3;1.35;1;2024
1.25;4.1;1;2024
1.69;2.14;0;2024
5.5;1.14;0;2024
2.36;1.62;0;2024
1.28;3.6;0;2024
1.42;2.8;1;2024
1.47;2.65;1;2024
2.1;1.77;0;2024
2.9;1.4;1;2024
1.34;3.2;1;2024
1.35;3.3;1;2024
1.69;2.14;0;2024
1.52;2.6;0;2024
2.3;1.6;0;2024
1.82;2.02;1;2024
1.82;2.02;1;2024
3.2;1.34;0;2024
2.9;1.43;1;2024
1.91;1.83;1;2024
2.2;1.67;0;2024
1.66;2.28;1;2024
2.3;1.6;0;2024
1.85;1.98;1;2024
1.98;1.85;0;2024
1.56;2.5;1;2024
2.4;1.6;1;2024
4.2;1.24;1;2024
1.21;4.7;1;2024
4.9;1.19;0;2024
2.8;1.46;0;2024
3.8;1.28;0;2024
3.05;1.4;0;2024
2.54;1.5;0;2024
1.62;2.36;0;2024
3.1;1.36;0;2024
3.95;1.27;0;2024
2.45;1.57;1;2024
2.14;1.74;1;2024
3.8;1.28;0;2024
1.22;4.5;0;2024
2.9;1.43;0;2024
1.77;2.1;1;2024
1.22;4.5;1;2024
1.54;2.54;0;2024
2.9;1.46;0;2024
1.06;10.0;1;2024
2.05;1.8;1;2024
2.54;1.54;0;2024
4.5;1.22;0;2024
2.2;1.7;0;2024
1.44;2.85;1;2024
1.54;2.54;0;2024
1.7;2.2;0;2024
1.32;3.5;1;2024
2.3;1.65;0;2024
3.85;1.28;0;2024
1.4;3.05;0;2024
1.87;1.95;1;2024
2.3;1.65;0;2024
2.3;1.65;0;2024
1.6;2.4;0;2024
1.28;3.85;0;2024
1.46;2.8;0;2024
1.68;2.24;0;2024
2.45;1.57;1;2024
1.39;3.1;1;2024
1.34;3.4;0;2024
1.77;2.1;1;2024
2.42;1.59;1;2024
2.8;1.46;1;2024
1.29;3.7;1;2024
1.85;1.98;1;2024
1.77;2.1;1;2024
2.8;1.46;0;2024
1.49;2.7;1;2024
1.52;2.6;1;2024
1.62;2.36;1;2024
2.1;1.77;0;2024
1.56;2.5;1;2024
2.05;1.8;0;2024
1.57;2.45;0;2024
1.7;2.2;1;2024
2.36;1.62;1;2024
3.45;1.33;0;2024
1.85;1.98;0;2024
5.55;1.16;1;2024
2.7;1.49;1;2024
1.34;3.35;1;2024
2.8;1.46;1;2024
1.7;2.2;0;2024
2.42;1.59;0;2024
1.65;2.3;1;2024
2.14;1.74;1;2024
2.54;1.54;0;2024
1.21;4.7;1;2024
2.95;1.42;0;2024
1.74;2.14;0;2024
1.65;2.3;1;2024
1.27;3.95;1;2024
2.5;1.56;1;2024
1.22;4.5;1;2024
4.2;1.24;0;2024
1.07;9.0;1;2024
4.7;1.21;0;2024
1.19;5.0;1;2024
1.57;2.14;1;2024
6.5;1.12;1;2024
1.24;4.2;1;2024
2.4;9.0;1;2024
1.74;2.14;0;2024
1.33;3.45;0;2024
1.6;2.4;0;2024
1.29;3.7;1;2024
1.12;6.5;1;2024
1.59;2.42;1;2024
2.36;1.62;0;2024
2.14;1.74;1;2024
1.2;4.8;1;2024
2.8;1.46;0;2024
3.3;1.35;0;2024
5.1;1.18;0;2024
1.7;2.2;0;2024
1.49;2.7;1;2024
3.1;1.39;0;2024
1.34;3.4;1;2024
1.46;2.8;1;2024
1.62;2.36;1;2024
1.43;2.9;1;2024
1.07;9.5;1;2024
1.91;1.91;1;2024
2.64;1.51;0;2024
1.26;4.0;1;2024
3.05;1.4;1;2024
1.54;2.54;1;2024
1.43;2.9;0;2024
2.9;1.43;0;2024
1.65;2.3;1;2024
1.95;1.87;1;2024
3.1;1.39;0;2024
2.5;1.56;0;2024
1.49;2.7;1;2024
1.38;3.15;1;2024
3.7;1.29;0;2024
1.46;2.8;0;2024
1.93;1.89;0;2024
2.42;1.59;1;2024
4.0;1.26;1;2024
1.57;2.45;1;2024
2.8;1.46;0;2024
1.42;2.95;0;2024
1.46;2.8;0;2024
1.51;2.64;0;2024
1.34;3.4;1;2024
1.7;2.2;0;2024
1.24;4.3;1;2024
1.19;4.9;1;2024
1.6;2.3;1;2024
1.56;2.4;0;2024
2.14;1.69;0;2024
5.0;1.16;0;2024
1.77;2.0;0;2024
1.4;3.05;1;2024
1.27;3.7;1;2024
7.25;1.11;0;2024
3.85;1.28;1;2024
1.34;3.2;1;2024
1.28;3.8;1;2023
2.64;1.51;0;2023
1.51;2.64;1;2023
1.62;2.36;1;2023
1.51;2.64;0;2023
1.51;6.0;1;2023
6.0;1.12;1;2023
1.65;2.3;1;2023
1.16;5.0;1;2023
1.62;2.36;0;2023
3.1;1.36;0;2023
1.77;2.0;0;2023
1.87;1.95;1;2023
3.6;1.31;0;2023
1.28;3.85;0;2023
1.21;4.6;1;2023
1.28;3.6;1;2023
1.51;2.5;1;2023
1.11;7.0;1;2023
3.05;1.4;0;2023
1.44;1.91;0;2023
1.71;2.1;0;2023
2.64;1.51;0;2023
1.14;5.5;1;2023
1.24;3.9;1;2023
4.8;1.2;1;2023
2.6;1.52;0;2023
2.2;1.67;0;2023
1.95;1.8;0;2023
2.1;1.77;0;2023
3.05;1.4;1;2023
2.8;1.42;0;2023
2.1;1.77;1;2023
1.43;2.75;1;2023
2.75;1.43;0;2023
1.11;6.5;1;2023
1.37;3.0;1;2023
1.87;1.95;1;2023
1.21;4.7;1;2023
1.2;4.8;0;2023
1.49;2.7;1;2023
1.34;3.4;1;2023
1.62;2.95;1;2023
1.29;3.2;1;2023
4.0;1.26;0;2023
1.14;6.0;1;2023
1.33;3.45;1;2023
4.5;1.19;0;2023
2.7;1.49;0;2023
2.95;1.42;0;2023
3.1;1.39;1;2023
1.28;3.85;0;2023
1.19;4.5;1;2023
1.52;2.6;0;2023
1.68;2.24;0;2023
1.8;2.05;1;2023
1.25;3.8;1;2023
2.45;1.57;0;2023
1.7;2.2;0;2023
1.44;2.85;1;2023
1.28;3.6;1;2023
1.52;2.6;1;2023
2.14;1.74;0;2023
2.3;1.6;1;2023
1.16;5.0;0;2023
1.83;2.0;1;2023
1.29;3.5;1;2023
1.42;2.95;0;2023
1.87;1.95;0;2023
1.14;6.0;1;2023
1.34;3.35;1;2023
1.39;3.1;0;2023
1.25;4.1;1;2023
1.31;3.6;1;2023
1.8;2.05;1;2023
1.18;5.1;0;2023
2.95;1.42;0;2023
1.23;4.4;1;2023
1.51;2.64;1;2023
2.02;1.82;1;2023
1.32;3.3;1;2023
1.46;2.88;0;2023
1.34;3.4;1;2023
1.19;4.5;1;2023
1.52;2.6;1;2023
1.51;2.64;1;2023
1.51;2.64;1;2023
1.57;2.45;1;2023
1.51;2.64;1;2023
1.27;3.95;1;2023
1.5;2.45;1;2023
1.69;2.14;1;2023
2.14;1.74;1;2023
1.26;4.0;1;2023
4.0;1.26;0;2023
1.14;6.0;1;2023
2.1;1.77;1;2023
1.39;3.1;1;2023
1.11;7.25;1;2023
1.6;2.4;1;2023
1.62;2.36;1;2023
1.49;2.7;1;2023
2.36;1.62;0;2023
2.1;1.77;0;2023
3.85;1.28;1;2023
2.24;1.68;1;2023
5.0;1.19;0;2023
1.68;2.24;1;2023
1.39;3.1;0;2023
1.32;3.5;1;2023
4.8;1.2;0;2023
2.7;1.49;0;2023
1.6;2.4;1;2023
2.7;1.49;0;2023
1.27;3.95;1;2023
2.42;1.59;1;2023
1.52;2.6;1;2023
2.1;1.77;1;2023
3.45;1.33;1;2023
1.59;2.42;1;2023
2.64;1.51;0;2023
2.24;1.68;1;2023
1.31;3.6;1;2023
3.8;1.28;0;2023
1.35;3.3;1;2023
1.77;2.1;0;2023
2.64;1.51;0;2023
1.41;3.0;1;2023
1.42;2.95;1;2023
2.24;1.68;0;2023
1.26;4.0;1;2023
3.95;1.27;0;2023
2.42;1.59;1;2023
1.59;2.42;1;2023
1.77;2.1;1;2023
1.43;2.9;0;2023
1.46;2.8;1;2023
1.85;1.98;0;2023
1.69;2.25;0;2023
2.0;1.83;0;2023
2.85;1.47;1;2023
2.15;1.74;0;2023
1.28;3.95;1;2023
1.56;2.45;1;2023
1.42;2.95;1;2023
1.35;3.4;1;2023
1.2;5.0;1;2023
1.49;2.75;0;2023
1.48;2.8;1;2023
3.0;1.42;1;2023
2.5;1.57;0;2023
1.71;2.2;1;2023
2.3;1.67;0;2023
1.71;2.2;0;2023
2.6;1.53;0;2023
2.3;1.67;1;2023
1.31;3.7;1;2023
1.65;2.35;1;2023
1.71;2.2;1;2023
2.25;1.69;0;2023
1.91;1.91;1;2023
1.17;5.3;1;2023
1.96;1.89;0;2023
2.3;1.65;0;2023
1.7;2.2;1;2023
1.62;2.36;1;2023
2.26;1.68;0;2023
1.5;2.68;1;2023
2.88;1.44;0;2023
1.33;3.45;1;2023
4.2;1.25;0;2023
1.48;2.76;1;2023
3.1;1.39;0;2023
1.37;3.2;1;2023
1.16;5.6;1;2023
2.28;1.66;0;2023
2.4;1.56;0;2023
1.62;2.36;1;2023
1.86;1.98;0;2023
3.05;1.4;0;2023
4.1;1.26;0;2023
1.5;2.68;0;2023
2.88;1.44;1;2023
1.44;2.88;1;2023
1.58;2.44;1;2023
1.38;2.96;1;2023
1.77;2.08;1;2023
1.72;2.08;1;2023
1.5;2.68;0;2023
1.36;2.32;0;2023
1.5;2.68;0;2023
1.61;2.8;0;2023
1.81;2.06;0;2023
1.08;8.5;1;2023
2.32;1.64;1;2023
1.53;2.6;1;2023
1.53;2.6;1;2023
3.35;1.34;0;2023
2.22;1.69;1;2023
2.2;1.7;1;2023
1.43;2.94;1;2023
2.66;1.51;0;2023
1.3;3.7;1;2023
1.45;2.84;1;2023
1.37;3.2;1;2023
1.63;2.34;1;2023
1.43;2.94;0;2023
2.06;1.81;1;2023
3.25;1.36;1;2023
1.33;3.45;0;2023
1.68;2.14;1;2023
1.98;1.86;0;2023
1.56;2.52;1;2023
1.39;3.1;1;2023
1.57;2.46;1;2023
1.47;2.8;1;2023
1.83;2.02;0;2023
1.44;2.88;1;2023
2.16;1.74;0;2023
1.61;2.08;1;2023
3.6;4.6;0;2023
1.76;2.12;1;2023
2.32;1.64;1;2023
2.04;1.82;1;2023
1.62;2.36;1;2023
2.84;1.45;0;2023
2.16;1.74;0;2023
2.94;1.43;0;2023
1.68;2.24;1;2023
2.4;1.6;0;2023
1.69;2.22;1;2023
2.06;1.81;0;2023
2.66;1.51;0;2023
2.02;1.83;1;2023
1.08;7.3;1;2023
2.2;1.7;0;2023
4.9;1.2;0;2023
1.98;1.86;0;2023
3.45;1.33;0;2023
1.2;4.8;1;2023
2.84;1.45;0;2023
2.9;1.43;1;2023
1.24;4.3;1;2023
1.64;2.3;0;2023
1.42;2.98;0;2023
2.08;1.74;1;2023
1.98;1.86;0;2023
1.83;2.0;1;2023
2.28;1.66;1;2023
1.1;7.6;1;2023
2.42;1.6;0;2023
1.44;2.88;0;2023
1.54;2.54;1;2023
1.22;4.4;1;2023
1.83;2.02;0;2023
2.48;1.57;0;2023
2.6;1.53;0;2023
2.36;1.62;0;2023
2.22;1.69;1;2023
1.26;4.1;1;2023
1.4;3.05;1;2023
1.63;2.34;0;2023
1.57;2.46;1;2023
1.41;3.0;0;2023
1.69;2.22;1;2023
2.22;1.69;1;2023
1.29;3.8;0;2023
2.1;2.38;0;2023
2.38;1.61;0;2023
2.12;1.76;1;2023
1.62;2.36;0;2023
1.27;4.0;1;2023
1.98;1.86;1;2023
1.61;2.38;0;2023
5.4;1.17;0;2023
1.98;1.86;0;2023
2.0;1.85;1;2023
1.51;2.64;0;2023
2.34;1.63;1;2023
1.58;2.44;1;2023
2.46;1.57;1;2023
1.62;2.36;0;2023
2.08;1.77;0;2023
2.76;1.48;1;2023
3.35;1.34;0;2023
1.5;2.68;1;2023
2.64;1.51;1;2023
1.45;2.84;1;2023
1.79;2.08;1;2023
2.08;1.77;0;2023
1.64;2.32;0;2023
2.6;1.53;0;2023
2.14;1.75;1;2023
1.22;4.6;1;2023
2.76;1.48;1;2023
1.38;3.15;1;2023
1.37;3.2;0;2023
2.1;1.77;0;2023
2.32;1.64;0;2023
2.72;1.49;0;2023
3.1;1.39;0;2023
1.26;4.1;1;2023
1.58;2.44;0;2023
1.37;3.2;0;2023
2.16;1.74;0;2023
1.41;3.0;1;2023
1.47;2.8;1;2023
3.2;1.37;0;2023
1.62;2.34;0;2023
3.5;1.32;1;2023
1.61;2.38;0;2023
2.02;1.83;1;2023
1.96;1.89;1;2023
3.05;1.41;1;2023
3.05;1.4;1;2023
1.29;4.1;1;2023
2.54;1.54;1;2023
1.4;3.05;1;2023
1.18;5.2;1;2023
1.91;1.94;1;2023
1.34;3.35;0;2023
1.12;6.9;1;2023
1.56;2.52;1;2023
1.91;3.05;1;2023
1.19;4.6;1;2023
1.41;2.86;1;2023
1.29;3.8;0;2023
1.39;3.1;0;2023
2.24;1.68;1;2023
1.6;2.42;1;2023
1.42;2.98;0;2023
1.08;8.5;1;2023
1.83;2.02;1;2023
1.38;3.15;1;2023
2.16;1.74;0;2023
1.4;3.05;0;2023
1.7;2.2;1;2023
2.52;1.56;0;2023
1.33;3.45;1;2023
1.65;2.35;1;2023
1.17;5.5;0;2023
5.0;1.2;0;2023
1.07;9.5;1;2023
1.61;2.4;1;2023
3.0;1.42;0;2023
2.1;1.77;0;2023
2.05;1.8;0;2023
3.1;1.4;0;2023
2.95;1.43;0;2023
4.3;1.24;0;2023
1.49;2.75;0;2023
1.74;2.15;1;2023
1.13;6.5;1;2023
1.47;2.85;1;2023
2.6;1.53;0;2023
2.05;1.8;1;2023
1.95;1.87;1;2023
2.45;1.59;1;2023
1.19;5.1;1;2023
2.55;1.56;0;2023
1.83;2.0;0;2023
3.45;1.34;0;2023
3.45;1.34;0;2023
1.77;2.1;0;2023
2.8;1.48;0;2023
1.4;3.1;1;2023
4.9;1.2;0;2023
2.55;1.56;1;2023
2.8;1.48;0;2023
1.29;3.9;1;2023
1.31;3.65;1;2023
1.27;4.0;1;2023
1.56;2.55;1;2023
1.31;3.7;1;2023
1.83;2.0;1;2023
1.47;2.85;0;2023
1.91;1.91;1;2023
3.9;1.29;0;2023
1.38;3.25;1;2023
1.22;4.6;1;2023
1.29;3.85;1;2023
3.55;1.33;0;2023
1.36;3.3;0;2023
1.69;2.25;1;2023
1.29;3.85;0;2023
1.65;2.35;0;2023
1.47;2.85;1;2023
5.5;1.17;0;2023
2.85;1.47;0;2023
1.5;2.7;1;2023
1.08;9.0;1;2023
2.25;1.69;0;2023
1.2;4.9;1;2023
4.9;1.2;0;2023
2.6;1.53;0;2023
2.65;1.51;0;2023
1.33;3.55;0;2023
1.27;4.0;1;2023
1.57;2.5;1;2023
7.75;1.1;0;2023
4.0;1.27;0;2023
1.91;1.91;1;2023
1.77;2.1;0;2023
1.19;5.2;1;2023
1.71;2.2;0;2023
2.15;1.74;1;2023
1.74;2.15;1;2023
1.71;2.2;0;2023
1.67;2.3;0;2023
1.1;8.0;1;2023
1.26;4.2;1;2023
1.95;1.87;0;2023
1.12;7.0;1;2023
1.31;3.7;1;2023
1.2;5.0;1;2023
1.28;3.95;1;2023
1.87;1.95;1;2022
1.5;2.7;1;2022
1.24;4.4;1;2022
2.45;1.59;1;2022
1.59;2.45;1;2022
3.05;1.41;0;2022
1.53;2.6;0;2022
1.33;3.55;0;2022
1.91;1.91;1;2022
1.61;2.4;1;2022
2.35;1.65;0;2022
2.75;1.49;0;2022
1.32;3.6;1;2022
1.38;3.2;1;2022
1.65;2.35;1;2022
2.65;1.51;0;2022
1.36;3.35;1;2022
1.61;2.4;1;2022
1.32;3.6;1;2022
2.45;1.59;1;2022
1.61;2.4;1;2022
1.83;2.0;1;2022
1.35;3.4;1;2022
2.45;1.59;1;2022
4.4;1.24;0;2022
1.26;4.2;1;2022
2.55;1.56;0;2022
1.44;2.9;0;2022
2.95;1.43;1;2022
1.83;2.0;0;2022
2.1;1.77;1;2022
2.95;1.43;1;2022
4.1;1.26;1;2022
5.0;1.2;0;2022
1.42;3.0;1;2022
2.35;1.65;0;2022
1.29;3.9;1;2022
1.51;2.65;1;2022
2.9;1.44;0;2022
1.95;1.87;0;2022
1.14;6.1;1;2022
1.61;2.4;1;2022
2.3;1.67;1;2022
2.5;1.57;0;2022
1.51;2.65;1;2022
1.91;1.91;1;2022
1.57;2.5;1;2022
1.61;2.4;1;2022
1.48;2.8;0;2022
3.1;1.4;0;2022
1.65;2.35;1;2022
2.05;1.8;0;2022
1.51;2.65;0;2022
1.24;4.4;1;2022
1.57;2.5;1;2022
2.4;1.61;1;2022
1.91;1.91;1;2022
2.6;1.53;1;2022
2.7;1.5;0;2022
1.74;2.15;1;2022
1.41;3.05;0;2022
1.87;1.95;1;2022
4.3;1.24;0;2022
1.41;3.05;1;2022
1.5;2.7;1;2022
1.12;7.0;1;2022
1.27;4.0;1;2022
1.69;2.25;1;2022
3.25;1.38;0;2022
3.25;1.38;0;2022
1.8;2.05;1;2022
2.05;1.8;0;2022
2.6;1.53;0;2022
1.48;2.8;1;2022
1.65;2.35;0;2022
1.57;2.5;0;2022
1.56;2.55;0;2022
3.0;1.42;0;2022
2.7;1.5;0;2022
1.31;3.65;0;2022
2.35;1.65;1;2022
1.24;4.4;1;2022
2.75;1.49;0;2022
1.56;2.55;1;2022
1.35;3.4;0;2022
3.1;1.4;1;2022
2.9;1.44;0;2022
2.15;1.74;1;2022
2.8;1.48;0;2022
2.6;1.53;0;2022
1.71;2.2;1;2022
1.47;2.85;1;2022
1.09;8.5;1;2022
1.24;4.4;1;2022
1.48;2.8;1;2022
2.9;1.44;0;2022
2.9;1.44;0;2022
4.5;1.23;1;2022
2.6;1.53;0;2022
1.69;2.25;1;2022
1.71;2.2;0;2022
1.26;4.1;1;2022
1.56;2.55;1;2022
1.36;3.3;1;2022
6.0;1.15;0;2022
1.38;3.2;0;2022
1.31;3.7;1;2022
1.38;3.2;1;2022
1.1;8.0;1;2022
1.53;2.6;1;2022
1.56;2.55;0;2022
1.51;2.65;1;2022
1.71;2.2;1;2022
1.8;2.05;0;2022
1.8;2.05;0;2022
3.35;1.36;1;2022
1.49;2.75;1;2022
1.77;2.1;0;2022
1.74;2.15;1;2022
1.19;5.1;1;2022
1.56;2.55;0;2022
1.47;2.85;1;2022
2.85;1.47;1;2022
1.49;2.75;1;2022
2.7;1.5;0;2022
4.3;1.24;1;2022
2.35;1.65;0;2022
2.4;1.61;0;2022
1.67;2.3;1;2022
2.3;1.67;1;2022
1.17;5.4;1;2022
2.45;1.59;0;2022
1.51;2.65;1;2022
2.55;1.56;1;2022
1.47;2.85;0;2022
1.16;5.8;1;2022
2.1;1.77;1;2022
1.19;5.2;0;2022
1.28;3.95;1;2022
2.55;1.56;0;2022
1.57;2.5;0;2022
1.83;2.0;0;2022
1.21;4.8;1;2022
1.48;2.8;1;2022
1.4;3.1;1;2022
1.95;1.87;0;2022
1.47;2.85;1;2022
1.67;2.3;0;2022
1.34;3.45;1;2022
2.95;1.43;0;2022
2.8;1.48;1;2022
1.33;3.5;1;2022
1.8;2.05;0;2022
1.38;3.2;1;2022
1.32;3.6;0;2022
1.3;3.75;1;2022
2.35;1.65;0;2022
2.25;1.69;0;2022
1.12;7.0;1;2022
3.65;1.31;1;2022
3.3;1.36;0;2022
1.61;2.4;0;2022
1.2;5.0;1;2022
1.8;2.05;1;2022
1.44;2.9;1;2022
3.8;1.29;1;2022
1.48;2.8;1;2022
2.3;1.67;0;2022
2.85;1.47;1;2022
1.34;3.45;0;2022
3.75;1.3;1;2022
1.33;3.55;1;2022
1.53;2.6;0;2022
1.28;3.95;1;2022
1.22;4.7;0;2022
3.5;1.33;0;2022
3.65;1.31;0;2022
1.48;2.8;0;2022
3.35;1.36;1;2022
2.2;1.71;0;2022
3.6;1.32;0;2022
1.11;7.5;1;2022
6.2;1.14;0;2022
1.31;3.7;1;2022
1.51;2.65;1;2022
2.0;1.83;1;2022
3.05;1.41;0;2022
1.48;2.8;1;2022
2.35;1.65;0;2022
1.51;2.65;1;2022
1.16;5.6;1;2022
2.6;1.53;1;2022
1.61;2.4;1;2022
1.5;2.7;1;2022
1.17;5.5;1;2022
1.83;2.0;1;2022
1.71;2.2;1;2022
1.49;2.75;1;2022
2.35;1.65;1;2022
1.91;1.91;1;2022
1.36;3.3;1;2022
1.5;2.7;1;2022
1.22;4.7;1;2022
2.25;1.69;0;2022
1.24;4.4;0;2022
1.23;4.5;1;2022
1.18;5.3;1;2022
2.3;1.67;0;2022
1.2;5.0;1;2022
1.35;3.4;1;2022
1.91;1.91;0;2022
2.85;1.47;0;2022
1.51;2.65;0;2022
3.6;1.32;0;2022
2.35;1.65;1;2022
3.2;1.38;1;2022
1.57;2.5;1;2022
2.75;1.49;1;2022
1.4;3.1;1;2022
2.45;1.59;1;2022
1.48;2.8;1;2022
2.05;1.8;1;2022
2.15;1.74;0;2022
2.45;1.59;0;2022
2.8;1.48;0;2022
1.4;3.1;1;2022
4.8;1.21;0;2022
1.43;2.95;0;2022
2.95;1.43;1;2022
2.95;1.43;0;2022
2.35;1.65;1;2022
1.56;2.55;1;2022
1.13;6.5;1;2022
1.65;2.35;1;2022
1.83;2.0;0;2022
1.19;5.2;1;2022
1.56;2.55;1;2022
1.8;2.05;0;2022
2.0;1.83;0;2022
2.3;1.67;0;2022
1.53;2.6;1;2022
1.53;2.6;1;2022
2.45;1.59;0;2022
3.85;1.29;0;2022
3.6;1.32;0;2022
1.65;2.35;0;2022
1.42;3.0;0;2022
4.5;1.23;0;2022
1.74;2.15;1;2022
1.42;3.0;1;2022
7.5;1.11;0;2022
1.87;1.95;1;2022
2.35;1.65;1;2022
2.75;1.49;1;2022
2.45;1.59;0;2022
1.8;2.05;0;2022
2.7;1.5;0;2022
3.0;1.42;1;2022
1.36;3.35;0;2022
3.8;1.29;0;2022
2.95;1.43;1;2022
1.43;2.95;1;2022
2.45;1.59;0;2022
1.31;3.7;1;2022
1.38;3.2;0;2022
2.05;1.8;0;2022
1.3;3.75;1;2022
3.35;1.36;1;2022
6.75;1.12;0;2022
1.4;3.1;1;2022
3.05;1.41;1;2022
2.85;1.44;0;2022
1.16;5.5;1;2022
1.62;2.4;1;2022
2.0;1.83;0;2022
1.53;2.6;1;2022
1.44;2.85;0;2022
2.7;1.5;1;2022
1.34;3.3;1;2022
1.83;2.0;1;2022
1.59;2.5;1;2022
4.1;1.24;0;2022
1.43;2.9;0;2022
1.8;2.05;1;2022
1.5;2.7;1;2022
1.36;3.2;1;2022
1.87;1.95;0;2022
1.59;2.5;1;2022
1.13;6.25;1;2022
2.4;1.62;0;2022
2.05;1.8;0;2022
1.56;2.55;1;2022
1.36;3.2;1;2022
1.21;4.5;1;2022
1.45;2.8;0;2022
2.25;1.69;0;2022
1.4;3.0;1;2022
2.1;1.77;0;2022
2.6;1.49;0;2022
1.5;2.7;1;2022
1.17;5.35;1;2022
1.74;2.15;0;2022
1.36;3.25;1;2022
2.2;1.71;1;2022
1.71;2.2;0;2022
2.7;1.5;1;2022
2.95;1.42;1;2022
1.34;3.3;1;2022
1.56;2.55;1;2022
2.15;1.74;0;2022
1.48;2.75;0;2022
2.15;1.74;1;2022
1.67;2.3;1;2022
1.44;2.85;1;2022
1.31;3.5;1;2022
1.26;3.9;0;2022
1.77;2.1;1;2022
1.43;2.9;0;2022
1.29;3.7;1;2022
3.1;1.38;0;2022
1.87;1.95;1;2022
2.1;1.77;1;2022
2.8;1.45;1;2022
1.38;3.1;1;2022
1.65;2.35;1;2022
1.21;4.5;1;2022
1.8;2.05;1;2022
1.25;4.0;0;2022
2.65;1.51;0;2022
1.95;1.87;1;2022
1.95;1.87;0;2022
1.91;1.91;1;2022
1.38;3.1;0;2022
2.8;1.45;0;2022
1.61;2.45;1;2022
1.5;2.7;1;2022
1.05;11.0;1;2022
1.8;2.05;0;2022
1.87;1.95;1;2022
1.43;2.9;1;2022
1.5;2.7;0;2022
2.9;1.43;0;2022
2.05;1.8;0;2022
1.56;2.55;1;2022
1.95;1.87;0;2022
2.8;1.45;0;2022
2.05;1.8;0;2022
1.16;5.5;1;2022
1.44;2.85;1;2022
1.67;2.3;1;2022
1.8;2.05;0;2022
1.12;6.5;0;2022
1.56;2.55;0;2022
2.0;1.83;1;2022
1.56;2.55;0;2022
1.16;5.5;1;2022
1.48;2.75;1;2022
1.53;2.6;1;2022
4.85;1.19;0;2022
1.17;5.25;1;2022
2.15;1.74;1;2022
3.4;1.33;0;2022
2.15;1.74;1;2022
1.42;2.95;0;2022
1.17;5.35;1;2022
4.1;1.24;1;2022
4.75;1.2;0;2022
1.8;2.05;1;2022
1.8;2.05;0;2022
1.24;4.1;1;2022
1.51;2.65;1;2022
2.35;1.65;0;2022
2.5;1.59;0;2022
2.3;1.67;1;2022
1.8;2.05;1;2022
1.5;2.7;1;2022
1.17;5.35;1;2022
3.4;1.33;0;2022
1.95;1.87;0;2022
1.22;4.4;0;2022
1.36;3.25;1;2022
2.15;1.74;1;2022
3.2;1.36;1;2022
2.35;1.65;1;2022
1.1;7.5;1;2022
4.75;1.2;0;2022
2.05;1.8;1;2022
2.3;1.67;1;2022
2.15;1.74;0;2022
1.91;1.91;1;2022
1.19;4.85;1;2022
1.71;2.2;1;2022
5.35;1.17;0;2022
1.42;2.95;0;2022
3.7;1.29;0;2022
1.5;2.7;0;2022
1.77;2.1;1;2022
1.33;3.35;0;2022
1.2;4.6;1;2022
5.5;1.16;0;2022
1.34;3.3;1;2022
2.25;1.69;1;2022
1.65;2.35;1;2022
1.45;2.8;1;2022
1.51;2.65;1;2022
2.0;1.83;1;2022
2.6;1.53;0;2022
1.77;2.1;1;2022
3.8;1.27;0;2022
1.69;2.25;0;2022
1.62;2.4;0;2022
2.7;1.5;0;2022
1.32;3.45;1;2022
1.53;2.6;1;2022
2.5;1.59;0;2022
1.23;4.3;1;2022
1.56;2.55;1;2022
1.62;2.4;1;2022
1.33;3.4;1;2022
2.15;1.74;1;2022
2.45;1.61;1;2022
7.5;1.1;0;2022
2.9;1.43;1;2022
1.69;2.25;0;2022
1.51;2.65;1;2022
1.13;6.25;1;2022
1.67;2.3;0;2022
1.56;2.55;0;2022
1.38;3.15;1;2022
2.2;1.71;1;2022
1.33;3.4;1;2022
1.95;1.87;1;2022
3.45;1.32;0;2022
1.24;4.2;1;2022
2.5;1.59;0;2022
2.85;1.44;0;2022
1.3;3.6;1;2022
1.36;3.25;1;2022
2.5;1.59;1;2022
1.65;2.35;1;2022
2.65;1.51;0;2022
1.61;2.45;0;2022
1.48;2.75;1;2022
1.8;2.05;0;2022
1.42;2.95;1;2022
1.29;3.7;1;2022
1.29;3.7;1;2022
1.32;3.45;1;2022
1.61;2.45;0;2022
1.62;2.4;1;2022
2.3;1.67;0;2022
1.65;2.35;1;2022
1.69;1.62;1;2022
3.7;1.29;0;2022
1.23;4.3;1;2022
1.38;3.15;1;2022
3.6;1.3;0;2022
1.91;1.91;0;2022
2.75;1.48;1;2022
2.4;1.62;0;2022
3.0;1.4;0;2022
1.53;2.6;0;2022
1.36;3.25;1;2022
4.0;1.25;0;2022
1.74;2.0;0;2022
1.32;3.45;1;2022
2.35;1.62;1;2022
1.51;2.65;0;2022
1.33;3.4;1;2022
2.55;1.56;0;2022
1.91;1.91;1;2022
1.2;4.8;0;2022
1.24;4.3;1;2022
1.38;3.1;1;2022
1.5;2.7;1;2022
2.25;1.67;0;2022
1.53;2.6;0;2022
2.85;1.44;1;2022
1.71;2.2;1;2022
1.65;2.35;1;2022
1.48;2.75;1;2022
2.85;1.44;0;2022
2.35;1.65;1;2022
2.25;1.69;1;2022
2.05;1.8;1;2022
1.26;3.9;1;2022
1.45;2.8;1;2022
2.2;1.71;1;2021
1.43;2.9;0;2021
1.34;3.3;1;2021
3.35;1.33;0;2021
3.0;1.4;0;2021
1.62;2.4;1;2021
2.9;1.43;0;2021
1.31;3.5;1;2021
1.61;2.45;0;2021
1.43;2.9;1;2021
1.74;2.15;1;2021
1.61;2.45;1;2021
1.71;2.2;1;2021
2.1;1.77;1;2021
1.09;8.0;0;2021
2.1;1.77;1;2021
2.25;1.69;1;2021
3.4;1.33;0;2021
1.77;2.1;1;2021
1.91;1.91;0;2021
2.05;1.8;0;2021
3.45;1.32;0;2021
1.5;2.7;1;2021
1.67;2.3;0;2021
1.61;2.45;1;2021
1.5;2.7;0;2021
1.29;3.7;1;2021
1.77;2.1;0;2021
2.05;1.8;0;2021
1.51;2.65;0;2021
2.8;1.45;1;2021
1.27;3.8;0;2021
1.4;3.0;1;2021
2.55;1.56;0;2021
1.31;3.5;1;2021
1.69;2.25;1;2021
1.53;2.6;1;2021
1.59;2.5;0;2021
1.8;2.05;1;2021
1.61;2.45;0;2021
2.0;1.83;1;2021
2.6;1.53;0;2021
4.2;1.24;0;2021
2.05;1.8;1;2021
3.25;1.36;0;2021
2.1;1.77;1;2021
1.91;1.91;1;2021
2.3;1.67;0;2021
1.61;2.45;1;2021
3.3;1.34;1;2021
1.26;3.9;1;2021
1.15;5.75;1;2021
1.61;2.45;0;2021
1.27;3.8;1;2021
1.62;2.4;0;2021
1.69;2.25;1;2021
1.42;2.95;0;2021
1.83;2.0;0;2021
1.25;4.0;1;2021
1.27;3.8;1;2021
1.4;3.0;0;2021
2.05;1.8;0;2021
1.31;3.5;1;2021
2.0;1.83;1;2021
2.6;1.53;0;2021
1.59;2.5;1;2021
1.48;2.75;1;2021
1.36;3.25;1;2021
2.6;1.53;0;2021
1.3;3.6;0;2021
2.0;1.83;0;2021
1.24;4.2;1;2021
1.8;2.05;0;2021
1.25;4.0;1;2021
1.25;4.0;1;2021
2.7;1.5;0;2021
1.38;3.15;0;2021
1.33;3.4;1;2021
1.17;5.25;1;2021
1.38;3.1;1;2021
4.3;1.23;0;2021
1.27;3.8;1;2021
1.61;2.45;1;2021
2.4;1.62;0;2021
1.26;3.9;1;2021
1.36;3.2;1;2021
1.95;1.87;0;2021
3.15;1.38;0;2021
2.8;1.45;0;2021
1.24;4.2;1;2021
2.7;1.5;0;2021
1.69;2.25;1;2021
3.05;1.39;1;2021
1.8;2.05;1;2021
1.42;2.95;1;2021
2.15;1.74;0;2021
1.24;4.1;1;2021
1.38;3.15;1;2021
2.75;1.48;1;2021
2.5;1.59;0;2021
1.65;2.35;1;2021
1.74;2.15;0;2021
1.95;1.87;1;2021
1.71;2.2;0;2021
2.05;1.8;1;2021
1.36;3.25;1;2021
1.31;3.5;1;2021
3.8;1.27;1;2021
2.35;1.65;0;2021
3.5;1.31;1;2021
1.45;2.8;0;2021
1.71;2.2;1;2021
2.15;1.74;0;2021
1.5;2.7;0;2021
1.32;3.5;1;2021
2.6;1.53;0;2021
1.5;2.7;0;2021
1.37;3.2;1;2021
1.17;5.25;1;2021
2.7;1.5;0;2021
1.3;3.6;1;2021
1.32;3.5;1;2021
1.67;2.3;1;2021
2.7;1.5;0;2021
2.1;1.77;0;2021
1.15;5.75;1;2021
1.74;2.15;0;2021
3.15;1.38;0;2021
6.0;1.14;0;2021
1.65;2.35;0;2021
1.36;3.25;1;2021
1.65;2.35;1;2021
1.33;3.35;1;2021
1.56;2.55;1;2021
1.07;9.0;1;2021
2.4;1.62;0;2021
1.26;3.9;1;2021
1.45;2.8;1;2021
3.45;1.32;0;2021
1.67;2.3;1;2021
2.8;1.45;0;2021
4.0;1.25;0;2021
1.87;1.95;0;2021
2.25;1.69;0;2021
1.19;4.85;1;2021
2.4;1.62;1;2021
1.67;2.3;1;2021
1.59;2.5;1;2021
1.8;2.05;1;2021
1.12;6.75;1;2021
2.7;1.5;1;2021
1.56;2.55;1;2021
2.05;1.8;0;2021
2.15;1.74;0;2021
1.16;5.5;1;2021
1.23;4.3;1;2021
1.95;1.87;0;2021
1.8;2.05;0;2021
2.3;1.67;1;2021
1.42;2.95;1;2021
1.8;2.05;1;2021
1.62;2.4;0;2021
1.69;2.25;1;2021
1.83;2.0;1;2021
1.16;5.5;1;2021
2.7;1.5;1;2021
2.4;1.62;0;2021
1.8;2.05;0;2021
1.5;2.7;1;2021
1.69;2.25;1;2021
1.69;2.25;0;2021
1.18;5.0;1;2021
1.17;5.1;0;2021
1.38;3.15;0;2021
1.95;1.87;0;2021
1.5;2.7;1;2021
1.21;4.5;1;2021
1.67;2.3;0;2021
1.33;3.4;1;2021
1.69;2.25;1;2021
2.5;1.59;0;2021
2.7;1.5;1;2021
1.67;2.3;0;2021
1.71;2.2;1;2021
1.59;2.5;1;2021
2.0;1.83;1;2021
1.59;2.5;1;2021
1.65;2.35;0;2021
1.59;2.5;1;2021
1.65;2.35;0;2021
2.45;1.61;0;2021
3.5;1.31;0;2021
1.95;1.87;1;2021
1.87;1.95;0;2021
1.62;2.4;1;2021
2.05;1.8;1;2021
3.35;1.33;0;2021
1.91;1.91;1;2021
1.34;3.3;1;2021
1.69;2.25;0;2021
1.5;2.7;1;2021
1.43;2.9;1;2021
1.95;1.87;0;2021
1.29;3.7;1;2021
2.75;1.48;0;2021
1.69;2.25;1;2021
1.56;2.55;0;2021
2.35;1.65;0;2021
1.38;3.15;0;2021
3.7;1.29;1;2021
2.4;1.62;1;2021
1.71;2.2;0;2021
2.45;1.61;1;2021
1.48;2.75;0;2021
1.31;3.5;0;2021
2.3;1.65;1;2021
1.65;2.35;0;2021
1.42;2.95;1;2021
1.91;1.91;0;2021
2.35;1.65;1;2021
2.5;1.59;1;2021
1.45;2.8;1;2021
1.24;4.1;1;2021
1.83;2.0;1;2021
1.11;7.0;1;2021
2.55;1.56;0;2021
3.2;1.36;0;2021
1.48;2.75;1;2021
1.67;2.3;0;2021
1.33;3.35;1;2021
1.17;5.35;1;2021
1.71;2.2;0;2021
1.32;3.45;0;2021
4.1;1.24;0;2021
1.78;2.0;1;2021
2.3;1.62;1;2021
1.77;2.05;1;2021
1.93;1.87;1;2021
1.1;6.8;1;2021
2.5;1.53;0;2021
2.5;1.54;0;2021
2.85;1.43;0;2021
1.94;1.85;0;2021
1.5;2.62;1;2021
2.3;1.62;0;2021
1.32;3.4;1;2021
1.65;2.25;1;2021
1.51;2.53;1;2021
1.43;2.8;0;2021
1.7;2.13;1;2021
1.4;2.95;1;2021
1.74;2.1;1;2021
1.33;3.35;1;2021
1.42;2.87;0;2021
1.44;2.8;1;2021
1.27;3.75;1;2021
1.56;2.4;1;2021
2.2;1.67;0;2021
2.3;1.62;1;2021
3.0;1.38;0;2021
1.43;2.8;1;2021
2.2;1.67;0;2021
2.0;1.8;0;2021
2.45;1.54;1;2021
1.38;3.0;0;2021
2.12;1.72;0;2021
1.62;2.3;1;2021
1.65;2.2;1;2021
1.75;2.05;0;2021
2.35;1.6;1;2021
1.43;2.85;1;2021
1.51;2.5;0;2021
1.2;4.55;1;2021
2.7;1.45;0;2021
3.1;1.36;1;2021
1.66;2.2;0;2021
1.67;2.2;1;2021
2.17;1.68;1;2021
1.42;2.88;1;2021
1.42;2.87;1;2021
1.48;2.6;0;2021
1.93;1.88;0;2021
1.8;2.02;1;2021
1.61;2.3;1;2021
1.85;1.94;1;2021
2.4;1.56;0;2021
1.67;2.2;1;2021
2.05;1.75;1;2021
1.56;2.4;0;2021
1.88;2.95;1;2021
1.5;2.6;0;2021
2.8;1.43;0;2021
1.43;2.8;0;2021
1.61;4.75;1;2021
1.5;2.6;1;2021
2.65;1.47;1;2021
1.77;2.1;1;2021
1.73;2.17;0;2021
1.56;2.57;0;2021
1.56;2.57;0;2021
2.25;1.69;1;2021
1.76;2.12;1;2021
1.29;3.85;1;2021
2.05;1.8;1;2021
1.28;3.95;1;2021
1.43;2.95;1;2021
1.2;4.9;1;2021
5.0;1.2;0;2021
1.77;2.1;1;2021
2.27;1.68;0;2021
1.61;2.45;0;2021
1.79;2.07;1;2021
1.68;2.27;0;2021
1.85;1.97;0;2021
2.05;1.8;1;2021
1.93;1.89;1;2021
2.0;1.83;1;2021
1.43;2.95;0;2021
2.2;1.71;0;2021
1.44;2.85;1;2021
1.43;2.95;1;2021
1.67;2.3;0;2021
2.55;1.5;1;2021
2.57;1.56;0;2021
2.22;1.7;0;2021
2.32;1.66;1;2021
1.4;3.1;0;2021
2.35;1.65;1;2021
2.75;1.48;0;2021
1.83;2.0;0;2021
1.45;2.8;1;2021
1.41;3.05;1;2021
1.34;3.45;1;2021
2.35;1.65;0;2021
1.62;2.42;0;2021
1.41;3.05;0;2021
1.24;4.35;1;2021
1.53;2.65;1;2021
1.79;2.07;0;2021
1.31;3.6;1;2021
1.5;2.7;0;2021
1.22;4.6;1;2021
2.4;1.62;1;2021
3.1;1.4;1;2021
2.05;1.8;0;2021
1.57;2.55;1;2021
2.15;1.74;0;2021
1.42;3.0;1;2021
1.43;2.9;1;2021
2.75;1.48;1;2021
2.0;1.83;0;2021
2.78;1.47;0;2021
1.41;3.05;1;2021
2.1;1.77;1;2021
1.33;3.5;0;2021
1.31;3.65;1;2021
1.65;2.35;1;2021
1.62;2.4;1;2021
3.1;1.4;1;2021
1.8;2.05;0;2021
1.43;2.9;1;2021
1.26;4.2;1;2021
1.34;3.45;1;2021
2.35;1.65;1;2021
2.25;1.69;0;2021
1.83;2.0;0;2021
2.0;1.83;0;2021
3.05;1.41;0;2021
2.85;1.44;0;2021
2.7;1.5;1;2021
1.32;3.55;0;2021
2.6;1.54;0;2021
1.69;2.25;1;2021
1.68;2.27;1;2021
1.4;3.1;1;2021
2.17;1.73;0;2021
2.7;1.5;0;2021
1.27;4.1;1;2021
2.25;1.69;0;2021
2.15;1.74;1;2021
1.36;3.35;1;2021
2.75;1.48;0;2021
2.57;1.56;0;2021
2.7;1.5;0;2021
1.79;2.07;1;2021
2.75;1.48;1;2021
2.65;1.53;0;2021
1.38;3.2;0;2021
1.47;2.78;1;2021
1.23;4.45;1;2021
2.85;1.44;0;2021
2.6;1.54;0;2021
1.87;1.95;1;2021
1.17;5.5;1;2021
2.15;1.74;1;2021
1.8;2.05;0;2021
1.53;2.65;1;2021
1.33;3.5;0;2021
1.77;2.1;0;2021
1.3;3.7;1;2021
1.33;3.5;1;2021
1.37;3.3;1;2021
1.19;5.15;1;2021
2.22;1.7;0;2021
1.5;2.7;0;2021
1.77;2.1;1;2021
3.05;1.41;1;2021
1.14;6.0;1;2021
1.82;2.02;0;2021
1.22;4.65;1;2021
2.6;1.54;0;2021
2.2;1.71;1;2021
1.45;2.8;0;2021
2.25;1.69;0;2021
2.17;1.73;0;2021
1.65;2.35;1;2021
2.9;1.43;1;2021
1.45;2.8;1;2021
3.0;1.42;0;2021
1.5;2.7;1;2021
1.42;3.0;0;2021
2.85;1.44;0;2021
3.5;1.33;0;2021
2.15;1.74;1;2021
1.67;2.3;1;2021
1.45;2.8;0;2021
2.78;1.47;1;2021
2.6;1.54;0;2021
1.64;2.37;1;2021
1.25;4.0;0;2021
1.36;3.15;0;2021
1.53;2.5;0;2021
2.4;1.56;0;2021
1.8;1.95;1;2021
3.0;1.38;0;2021
2.1;1.72;1;2021
2.0;1.8;0;2021
1.89;1.89;0;2021
2.25;1.65;0;2021
2.5;1.53;1;2021
1.4;2.95;1;2021
1.36;3.28;1;2021
1.93;1.93;0;2021
1.49;2.74;1;2021
1.4;3.1;1;2021
2.45;1.56;0;2021
1.21;4.65;0;2021
1.22;4.4;1;2021
2.0;1.87;1;2021
2.12;1.78;0;2021
1.72;2.2;1;2021
2.5;1.55;0;2021
1.25;4.0;1;2021
1.8;2.0;1;2021
1.8;2.05;0;2021
1.44;2.75;0;2021
1.42;2.88;0;2021
1.56;2.4;0;2021
2.75;1.43;1;2021
3.5;1.33;1;2021
1.75;2.05;0;2021
1.95;1.85;0;2021
2.15;1.7;0;2021
3.5;1.3;1;2021
1.75;2.05;1;2021
2.05;1.77;1;2021
1.3;3.5;0;2021
4.9;1.18;0;2021
1.94;1.85;1;2021
2.2;1.68;1;2021
2.85;1.43;1;2021
1.75;2.1;1;2021
3.6;1.3;0;2021
2.05;1.77;1;2021
1.33;3.4;1;2021
2.28;1.63;1;2021
1.25;4.0;1;2021
1.25;4.0;1;2021
1.7;2.15;1;2021
1.65;2.25;1;2021
1.57;2.35;0;2021
1.19;4.75;1;2021
2.7;1.47;0;2021
1.62;2.38;1;2021
1.56;2.45;1;2021
1.33;3.4;0;2021
1.36;3.15;0;2021
2.3;1.63;1;2021
1.91;1.91;0;2021
1.53;2.55;1;2021
3.1;1.36;0;2021
1.43;2.8;0;2021
2.8;1.43;0;2021
1.97;1.85;1;2020
1.71;2.2;1;2020
2.05;1.8;1;2020
1.59;2.5;0;2020
1.91;1.91;1;2020
1.48;2.75;1;2020
1.71;2.2;0;2020
2.6;1.54;1;2020
1.69;2.25;0;2020
1.3;3.75;1;2020
1.64;2.37;1;2020
1.29;3.85;1;2020
1.54;2.6;0;2020
1.62;2.4;1;2020
1.74;2.15;1;2020
4.25;1.25;0;2020
2.32;1.66;1;2020
2.2;1.71;0;2020
2.65;1.53;1;2020
1.18;5.25;1;2020
1.32;3.55;1;2020
2.1;1.75;0;2020
2.4;1.56;0;2020
1.47;2.7;1;2020
1.5;2.6;1;2020
1.72;2.12;1;2020
4.1;1.24;0;2020
1.36;3.1;1;2020
1.5;2.6;0;2020
1.72;2.15;1;2020
1.57;2.4;1;2020
1.5;2.6;0;2020
1.56;2.4;0;2020
1.73;2.1;0;2020
3.45;1.3;1;2020
1.6;2.35;0;2020
1.5;2.6;1;2020
1.3;3.5;1;2020
1.65;2.25;0;2020
1.35;3.25;1;2020
1.06;9.5;1;2020
1.67;2.2;0;2020
3.05;1.38;1;2020
2.5;1.53;0;2020
1.53;2.5;1;2020
1.38;3.05;1;2020
1.6;2.3;1;2020
1.3;3.5;0;2020
1.67;2.2;1;2020
1.32;3.3;1;2020
1.22;4.25;0;2020
2.65;1.5;0;2020
1.42;2.85;0;2020
1.43;2.8;0;2020
1.85;1.94;0;2020
2.35;1.6;1;2020
1.56;2.4;1;2020
2.55;1.5;0;2020
2.17;1.68;0;2020
1.38;3.05;1;2020
1.42;2.9;0;2020
3.35;1.33;1;2020
1.25;3.95;1;2020
2.25;1.65;0;2020
2.0;1.8;1;2020
1.12;6.25;1;2020
1.22;4.3;1;2020
1.42;2.85;1;2020
1.7;2.15;1;2020
1.75;2.08;1;2020
1.43;2.85;1;2020
1.67;2.2;1;2020
3.5;1.3;0;2020
1.13;6.0;1;2020
1.3;3.45;0;2020
4.15;1.23;0;2020
1.2;4.56;1;2020
1.27;3.77;1;2020
2.19;1.68;0;2020
1.25;3.96;1;2020
1.61;2.31;1;2020
1.32;3.55;1;2020
1.91;1.91;1;2020
1.53;2.5;1;2020
2.95;1.4;0;2020
1.47;2.7;1;2020
1.3;3.5;1;2020
1.89;1.89;0;2020
2.4;1.56;0;2020
1.89;1.89;0;2020
3.95;1.25;0;2020
1.57;2.38;1;2020
2.6;1.5;1;2020
2.3;1.63;0;2020
1.3;3.5;1;2020
2.2;1.67;0;2020
1.72;2.1;0;2020
1.3;3.45;0;2020
1.47;2.69;1;2020
1.36;3.15;1;2020
1.73;2.1;0;2020
3.77;1.27;0;2020
1.23;4.17;1;2020
2.15;1.71;0;2020
1.35;3.25;1;2020
1.63;2.3;0;2020
2.33;1.6;0;2020
1.18;5.0;1;2020
1.62;2.3;0;2020
1.36;3.1;1;2020
3.05;1.38;1;2020
1.38;3.0;0;2020
2.9;1.41;0;2020
2.36;1.57;1;2020
1.49;2.6;1;2020
4.21;1.22;0;2020
1.8;2.03;1;2020
1.38;3.05;0;2020
1.67;2.22;1;2020
1.21;4.42;1;2020
3.45;1.3;0;2020
2.11;1.73;1;2020
1.8;2.05;0;2020
1.67;2.2;1;2020
1.3;3.46;1;2020
1.92;1.88;1;2020
1.54;2.51;1;2020
1.38;3.15;0;2020
1.42;2.88;0;2020
1.53;2.5;1;2020
2.15;1.7;1;2020
1.3;3.53;1;2020
5.7;1.14;0;2020
2.08;1.78;0;2020
2.34;1.6;1;2020
1.33;3.33;1;2020
1.55;2.5;0;2020
1.3;3.6;1;2020
1.25;4.0;1;2020
1.8;2.0;1;2020
1.56;2.4;1;2020
1.38;3.05;1;2020
1.89;1.89;0;2020
1.27;3.77;0;2020
1.36;3.1;1;2020
1.43;2.8;1;2020
3.45;1.3;1;2020
1.73;2.1;0;2020
1.42;2.87;1;2020
1.53;2.5;1;2020
2.05;1.8;1;2020
2.1;1.73;1;2020
3.4;1.3;1;2020
2.95;1.4;1;2020
1.4;2.95;1;2020
1.33;3.3;0;2020
1.26;3.86;0;2020
1.28;3.75;1;2020
1.34;3.27;1;2020
4.06;1.24;0;2020
1.36;3.15;1;2020
1.38;3.0;1;2020
1.63;2.3;1;2020
2.1;1.75;1;2020
1.89;1.89;1;2020
1.26;4.15;1;2020
2.32;1.61;1;2020
1.55;2.45;1;2020
2.85;1.43;0;2020
3.25;1.36;0;2020
3.0;1.4;0;2020
3.3;1.32;0;2020
1.3;3.4;1;2020
2.15;1.72;0;2020
1.32;3.39;1;2020
1.88;1.92;0;2020
1.44;2.76;1;2020
2.1;1.72;1;2020
1.22;4.3;1;2020
1.36;3.25;0;2020
2.88;1.42;0;2020
1.07;8.5;0;2020
1.43;2.8;1;2020
2.1;1.73;1;2020
1.89;1.89;0;2020
2.04;1.78;0;2020
1.85;1.94;0;2020
1.18;4.87;0;2020
1.94;1.89;1;2020
1.33;3.4;0;2020
2.15;1.7;0;2020
2.88;1.42;0;2020
2.0;1.81;0;2020
2.3;1.62;0;2020
3.4;1.32;0;2020
1.35;3.25;0;2020
1.6;2.3;0;2020
1.94;1.85;1;2020
1.5;2.6;1;2020
2.15;1.71;0;2020
2.25;1.65;0;2020
1.53;2.5;1;2020
1.5;2.6;1;2020
2.2;1.67;1;2020
1.22;4.33;1;2020
1.42;2.88;1;2020
2.3;1.62;1;2020
1.72;2.12;1;2020
1.21;4.4;1;2020
1.54;2.48;1;2020
3.75;1.28;1;2020
1.62;2.3;0;2020
1.5;2.6;1;2020
1.62;2.3;0;2020
3.0;1.4;0;2020
2.1;1.73;0;2020
1.28;3.65;1;2020
1.77;2.07;1;2020
1.53;2.5;1;2020
3.6;1.3;1;2020
2.45;1.55;1;2020
1.73;2.1;1;2020
1.55;2.45;1;2020
1.08;8.0;1;2020
1.75;2.08;1;2020
1.38;3.05;0;2020
1.36;3.2;1;2020
1.5;2.61;1;2020
1.36;3.2;1;2020
2.31;1.62;0;2020
1.25;4.0;1;2020
1.22;4.2;1;2020
1.44;2.8;1;2020
1.89;1.89;1;2020
1.6;2.35;0;2020
1.8;2.0;1;2020
1.48;2.65;0;2020
1.6;2.35;1;2020
1.4;2.95;1;2020
1.3;3.5;0;2020
2.7;1.47;1;2020
2.35;1.6;0;2020
2.6;1.5;0;2020
2.4;1.56;0;2020
1.35;3.2;1;2020
1.71;2.12;1;2020
1.71;2.12;1;2020
1.66;2.2;0;2020
1.29;3.6;0;2020
3.71;1.27;0;2020
1.62;2.3;0;2020
1.56;2.4;1;2020
1.7;2.15;1;2020
1.51;2.55;0;2020
1.14;5.75;1;2020
1.42;2.9;1;2020
1.48;2.7;1;2020
1.47;2.75;1;2020
2.75;1.47;0;2020
1.13;6.0;1;2020
1.63;2.29;0;2020
2.08;1.75;0;2020
1.47;2.7;1;2020
1.56;2.45;1;2020
1.89;1.89;1;2020
1.56;2.42;1;2020
1.4;2.95;1;2020
1.62;2.3;0;2020
1.44;2.8;1;2020
1.32;3.35;1;2020
1.33;3.35;1;2020
2.8;1.43;0;2020
1.4;2.95;0;2020
3.3;1.33;1;2020
1.89;1.89;0;2020
1.22;4.25;0;2020
1.36;3.15;1;2020
1.57;2.38;1;2020
1.94;1.88;0;2020
1.25;4.25;1;2020
2.2;1.71;1;2020
1.62;2.4;1;2020
1.77;2.1;1;2020
3.0;1.42;1;2020
2.95;1.43;0;2020
2.75;1.48;1;2020
2.0;1.83;1;2020
2.0;1.83;0;2020
1.29;3.8;0;2020
1.8;2.05;0;2020
2.6;1.54;1;2020
2.2;1.77;0;2020
3.1;1.43;0;2020
2.7;1.54;1;2020
1.45;3.0;1;2020
1.6;2.57;1;2020
1.3;4.05;1;2020
1.12;7.35;1;2020
1.17;5.85;1;2020
1.74;2.25;1;2020
1.54;2.7;0;2020
1.17;5.5;1;2020
2.2;1.71;0;2020
1.87;1.95;1;2020
1.74;2.15;1;2020
5.0;1.2;0;2020
2.68;1.51;1;2020
1.77;2.1;1;2020
1.4;3.1;1;2020
1.57;2.55;0;2020
2.15;1.74;0;2020
1.44;2.85;0;2020
2.85;1.44;0;2020
1.59;2.5;0;2020
1.95;1.87;0;2020
1.77;2.1;1;2020
1.28;4.0;1;2020
1.24;4.35;1;2020
2.1;1.77;1;2020
1.3;3.75;1;2020
1.85;1.97;1;2020
1.62;2.42;0;2020
3.3;1.37;0;2020
1.91;1.91;1;2020
2.35;1.65;1;2020
1.39;3.15;1;2020
2.12;1.76;1;2020
1.95;1.95;1;2020
1.5;2.7;1;2020
1.65;1.65;1;2020
1.91;1.91;1;2020
1.24;4.35;1;2020
2.0;1.83;1;2020
1.54;2.6;1;2020
1.87;1.95;1;2020
1.57;2.55;0;2020
2.12;1.76;1;2020
2.0;1.83;0;2020
1.59;2.5;1;2020
2.3;1.67;1;2020
1.91;1.91;0;2020
1.27;4.1;1;2020
2.6;1.54;0;2020
1.5;2.7;0;2020
1.62;2.4;1;2020
1.34;3.45;1;2020
1.65;2.35;1;2020
1.24;4.35;1;2020
1.74;2.15;1;2020
3.7;1.3;1;2020
1.65;2.35;1;2020
2.15;1.74;1;2020
1.56;2.58;0;2020
1.44;2.85;1;2020
1.38;3.25;1;2020
3.1;1.4;0;2020
1.5;2.7;1;2020
1.69;2.35;0;2020
2.6;1.59;0;2020
1.29;4.15;1;2020
1.73;2.27;0;2020
1.62;2.5;1;2020
1.67;2.4;0;2020
1.29;4.15;1;2020
1.82;2.12;1;2020
1.71;2.3;0;2020
1.91;2.0;0;2020
1.65;2.45;0;2020
1.38;3.4;1;2020
1.54;2.7;1;2020
1.62;2.52;1;2020
2.57;1.6;1;2020
1.8;2.15;1;2020
1.3;4.0;1;2020
1.47;2.95;1;2020
1.18;5.8;1;2020
2.25;1.74;1;2020
1.59;2.6;0;2020
1.83;2.1;1;2020
1.67;2.3;0;2020
1.11;6.85;1;2020
2.85;1.44;0;2020
1.41;3.05;1;2020
1.21;4.8;1;2020
1.77;2.1;0;2020
2.1;1.77;1;2020
1.37;3.3;1;2020
2.0;1.83;1;2020
1.74;2.15;1;2020
1.53;2.65;0;2020
2.05;1.8;1;2020
2.3;1.67;0;2020
2.0;1.83;1;2020
3.25;1.38;0;2020
2.3;1.67;0;2020
2.2;1.71;1;2020
1.87;1.95;0;2020
1.48;2.75;1;2020
1.5;2.7;1;2020
2.7;1.5;0;2020
1.38;3.2;1;2020
2.55;1.57;0;2020
2.8;1.45;1;2020
1.43;2.95;0;2020
2.35;1.65;1;2020
1.57;2.55;1;2020
1.37;3.3;1;2020
2.3;1.67;0;2020
1.83;2.0;1;2020
1.29;3.85;0;2020
2.3;1.67;1;2020
2.15;1.74;0;2020
1.25;4.25;1;2020
2.5;1.59;0;2020
1.12;6.5;1;2020
3.05;1.41;0;2020
1.22;4.65;1;2020
1.11;7.1;1;2020
1.42;3.0;0;2020
1.8;2.05;0;2020
1.44;2.85;1;2020
1.59;2.3;1;2020
1.29;3.85;0;2020
3.6;1.31;1;2020
1.76;2.12;0;2020
1.8;2.05;0;2020
1.75;2.13;1;2020
1.48;2.75;0;2020
1.36;3.4;1;2020
1.44;2.85;0;2020
3.1;1.4;0;2020
2.8;1.45;0;2020
1.74;2.15;1;2020
1.27;4.1;1;2020
1.43;2.95;1;2020
2.5;1.59;1;2020
1.14;6.0;1;2020
1.8;2.05;1;2020
1.77;2.1;1;2020
2.0;1.83;1;2020
1.33;3.75;1;2020
1.8;2.05;1;2020
2.1;1.83;1;2020
3.0;1.45;0;2020
7.55;1.12;1;2020
2.25;1.74;0;2020
3.9;1.31;1;2020
1.87;2.05;1;2020
2.3;1.71;0;2020
2.25;1.74;1;2020
1.95;1.95;1;2020
2.29;1.66;0;2019
2.45;1.57;1;2019
1.36;3.2;0;2019
1.85;1.85;1;2019
1.72;2.05;1;2019
1.36;3.0;1;2019
1.16;5.84;1;2019
1.36;3.0;1;2019
2.5;1.5;0;2019
1.55;2.59;1;2019
1.66;2.29;1;2019
1.33;3.34;0;2019
2.26;1.65;1;2019
1.53;2.65;1;2019
1.5;2.7;0;2019
1.22;4.65;1;2019
1.61;2.45;1;2019
1.21;4.75;1;2019
1.33;3.5;1;2019
1.42;3.0;0;2019
1.87;1.95;0;2019
1.28;3.95;1;2019
1.61;2.45;1;2019
2.4;1.62;1;2019
2.85;1.44;1;2019
1.8;2.05;1;2019
2.3;1.67;0;2019
2.3;1.67;0;2019
1.48;2.75;1;2019
1.69;2.25;1;2019
3.25;1.38;0;2019
1.31;3.6;1;2019
2.1;1.77;1;2019
1.25;4.25;1;2019
3.15;1.39;1;2019
1.2;5.0;1;2019
1.62;2.4;1;2019
1.26;4.2;1;2019
2.05;1.8;0;2019
2.35;1.65;0;2019
2.7;1.5;0;2019
1.23;4.45;1;2019
1.65;2.35;1;2019
1.74;2.15;0;2019
1.43;2.95;1;2019
1.38;3.2;1;2019
2.95;1.43;0;2019
1.36;3.35;1;2019
1.37;3.3;1;2019
1.42;3.0;0;2019
1.43;2.95;0;2019
1.74;2.15;0;2019
1.69;2.25;1;2019
1.3;3.7;1;2019
1.41;3.05;1;2019
1.69;2.25;0;2019
1.38;3.25;0;2019
2.1;1.77;0;2019
1.95;1.87;0;2019
1.67;2.3;0;2019
1.65;2.35;1;2019
1.5;2.7;0;2019
1.87;1.95;1;2019
1.87;1.95;1;2019
2.5;1.59;1;2019
2.55;1.57;1;2019
1.45;2.8;1;2019
2.6;1.54;0;2019
2.4;1.62;0;2019
1.74;2.15;1;2019
1.87;1.95;1;2019
1.91;1.91;0;2019
2.4;1.62;1;2019
1.36;3.35;0;2019
2.6;1.54;0;2019
1.31;3.65;1;2019
1.61;2.45;1;2019
1.67;2.3;1;2019
2.65;1.53;0;2019
2.7;1.5;0;2019
3.0;1.42;0;2019
1.74;2.15;1;2019
3.05;1.41;1;2019
1.71;2.2;1;2019
1.5;2.7;1;2019
2.7;1.5;1;2019
1.59;2.5;1;2019
1.87;1.95;0;2019
2.6;1.54;1;2019
1.16;5.7;1;2019
1.87;1.95;0;2019
2.3;1.67;1;2019
2.5;1.59;0;2019
2.35;1.65;1;2019
2.25;1.69;0;2019
1.33;3.5;1;2019
2.55;1.57;1;2019
1.69;2.25;1;2019
1.54;2.6;0;2019
2.3;1.67;1;2019
1.71;2.2;1;2019
1.57;2.55;1;2019
1.34;3.45;1;2019
1.69;2.25;0;2019
1.57;2.55;1;2019
1.71;2.2;1;2019
1.4;3.1;1;2019
1.27;4.1;1;2019
1.67;2.3;1;2019
2.1;1.77;0;2019
2.15;1.74;0;2019
1.3;3.7;0;2019
2.2;1.71;0;2019
1.95;1.87;0;2019
1.21;4.75;1;2019
4.25;1.25;1;2019
1.61;2.45;1;2019
1.24;4.35;1;2019
2.55;1.57;0;2019
1.45;2.8;1;2019
1.36;3.35;0;2019
1.17;5.5;1;2019
1.95;1.87;0;2019
1.95;1.87;1;2019
1.34;3.45;0;2019
2.35;1.65;1;2019
1.77;2.1;0;2019
2.45;1.61;0;2019
2.9;1.43;0;2019
1.65;2.35;0;2019
1.23;4.45;0;2019
1.61;2.45;1;2019
1.43;2.95;1;2019
2.25;1.69;1;2019
1.19;5.15;1;2019
1.69;2.25;0;2019
1.67;2.3;1;2019
1.95;1.87;0;2019
1.87;1.95;0;2019
1.33;3.5;1;2019
2.0;1.83;0;2019
1.34;3.45;0;2019
1.25;4.25;1;2019
2.6;1.54;0;2019
1.87;1.95;1;2019
1.22;4.65;0;2019
3.3;1.37;1;2019
1.95;1.87;1;2019
2.05;1.8;0;2019
2.15;1.74;0;2019
1.77;2.1;0;2019
2.45;1.62;1;2019
1.43;2.9;1;2019
2.2;1.71;0;2019
1.25;4.25;1;2019
1.83;2.0;0;2019
1.26;4.15;1;2019
1.18;5.25;1;2019
1.41;3.05;0;2019
3.1;1.4;1;2019
1.65;2.35;0;2019
1.53;2.65;1;2019
1.26;4.2;1;2019
1.77;2.1;0;2019
1.8;2.05;1;2019
1.53;2.65;1;2019
1.5;2.7;0;2019
3.15;1.39;1;2019
1.54;2.6;1;2019
1.91;1.91;1;2019
2.5;1.59;0;2019
2.25;1.69;0;2019
2.4;1.62;1;2019
3.45;1.34;1;2019
1.45;2.8;1;2019
1.83;2.0;1;2019
1.87;1.95;1;2019
1.69;2.25;0;2019
1.83;2.0;0;2019
1.61;2.45;0;2019
3.35;1.36;0;2019
2.4;1.62;1;2019
1.1;7.5;0;2019
3.2;1.38;0;2019
2.65;1.53;0;2019
1.59;2.5;0;2019
1.34;3.45;1;2019
1.53;2.65;1;2019
1.69;2.25;1;2019
1.09;8.0;1;2019
1.4;3.1;1;2019
1.69;2.25;1;2019
1.53;2.65;1;2019
1.44;2.85;1;2019
1.61;2.45;1;2019
2.2;1.71;1;2019
1.21;4.75;1;2019
1.62;2.4;0;2019
2.0;1.83;1;2019
1.57;2.55;0;2019
3.4;1.36;0;2019
1.77;2.1;1;2019
1.33;3.5;1;2019
1.71;2.3;1;2019
4.15;1.26;0;2019
1.59;2.5;0;2019
1.26;4.2;1;2019
1.83;2.0;0;2019
2.0;1.83;1;2019
1.62;2.4;1;2019
1.65;2.45;0;2019
2.8;1.45;1;2019
1.18;5.25;1;2019
1.95;1.87;1;2019
1.3;3.75;1;2019
1.26;4.15;1;2019
1.3;3.75;1;2019
2.45;1.61;0;2019
2.45;1.61;0;2019
2.65;1.53;0;2019
1.23;4.5;1;2019
2.2;1.71;1;2019
1.71;2.2;0;2019
1.67;2.3;1;2019
1.71;2.2;1;2019
1.91;1.91;0;2019
2.3;1.67;0;2019
1.95;1.87;1;2019
2.05;1.8;0;2019
1.4;3.1;1;2019
2.55;1.57;1;2019
1.87;1.95;1;2019
2.15;1.74;1;2019
2.45;1.61;0;2019
2.1;1.77;0;2019
1.54;2.6;1;2019
2.5;1.59;1;2019
1.25;4.25;0;2019
2.0;1.83;1;2019
4.2;1.28;1;2019
2.5;1.59;1;2019
1.45;2.8;1;2019
1.45;2.8;1;2019
1.62;2.4;1;2019
1.4;3.1;1;2019
1.87;1.95;0;2019
1.45;2.8;0;2019
1.87;1.95;0;2019
1.95;1.95;1;2019
1.15;5.85;1;2019
1.28;4.0;1;2019
2.8;1.45;1;2019
3.2;1.38;1;2019
4.15;1.26;0;2019
3.6;1.31;0;2019
1.21;4.75;1;2019
1.5;2.7;1;2019
2.85;1.44;0;2019
1.18;5.8;1;2019
1.18;5.35;0;2019
1.4;3.1;1;2019
1.45;2.8;1;2019
2.05;1.8;0;2019
1.53;2.65;1;2019
1.41;3.05;0;2019
1.23;4.45;1;2019
1.29;3.9;1;2019
1.26;4.15;1;2019
1.33;3.5;1;2019
1.29;3.9;1;2019
1.24;4.35;1;2019
1.57;2.55;0;2019
1.8;2.05;1;2019
1.45;2.8;0;2019
1.43;2.95;0;2019
1.71;2.2;1;2019
1.54;2.6;1;2019
1.43;2.9;1;2019
2.2;1.71;1;2019
1.71;2.2;1;2019
4.15;1.26;0;2019
2.9;1.43;0;2019
1.39;3.15;0;2019
1.28;4.0;1;2019
2.45;1.61;1;2019
1.09;8.0;1;2019
1.48;2.75;1;2019
4.0;1.28;0;2019
1.62;2.4;0;2019
1.13;6.25;1;2019
1.62;2.4;1;2019
2.05;1.8;0;2019
2.55;1.57;0;2019
1.45;2.8;1;2019
1.59;2.5;0;2019
1.65;2.35;1;2019
1.95;1.87;1;2019
1.31;3.6;0;2019
3.15;1.39;0;2019
1.77;2.1;1;2019
1.61;2.45;0;2019
2.1;1.77;1;2019
2.35;1.65;0;2019
1.25;4.25;0;2019
2.35;1.65;0;2019
2.1;1.77;0;2019
1.8;2.05;1;2019
1.91;1.91;0;2019
1.95;1.87;1;2019
2.3;1.67;1;2019
1.62;2.4;0;2019
1.45;2.8;0;2019
1.09;8.0;1;2019
1.24;4.35;1;2019
1.18;5.25;1;2019
1.38;3.2;1;2019
1.11;7.0;1;2019
1.4;3.1;0;2019
2.45;1.61;0;2019
1.38;3.2;0;2019
2.7;1.5;1;2019
1.12;6.5;1;2019
2.2;1.71;0;2019
1.74;2.15;1;2019
1.69;2.25;0;2019
1.8;2.05;0;2019
1.25;4.25;1;2019
2.05;1.8;0;2019
1.8;2.05;1;2019
1.74;2.15;1;2019
6.25;1.13;0;2019
1.59;2.5;1;2019
1.09;8.0;1;2019
1.36;3.4;0;2019
1.77;2.1;0;2019
1.91;1.91;1;2019
2.6;1.54;0;2019
2.4;1.62;0;2019
1.61;2.45;1;2019
2.4;1.62;0;2019
1.14;6.0;1;2019
1.57;2.55;0;2019
1.24;4.35;1;2019
2.65;1.53;0;2019
2.15;1.74;1;2019
1.83;2.0;0;2019
1.44;2.85;0;2019
1.34;3.45;1;2019
1.61;2.45;0;2019
1.83;2.0;1;2019
1.65;2.35;0;2019
1.21;4.75;1;2019
2.9;1.43;0;2019
2.45;1.61;0;2019
1.77;2.1;1;2019
1.41;3.05;1;2019
1.87;2.05;1;2019
1.16;5.55;1;2019
1.67;2.3;0;2019
1.41;3.05;1;2019
1.31;3.6;1;2019
1.33;3.5;1;2019
3.7;1.3;1;2019
1.43;2.9;1;2019
1.23;4.5;1;2019
1.91;1.91;1;2019
1.67;2.3;1;2019
1.74;2.15;0;2019
2.8;1.45;0;2019
2.2;1.71;1;2019
1.45;2.8;0;2019
2.5;1.59;0;2019
1.54;2.6;0;2019
2.1;1.77;0;2019
2.15;1.74;0;2019
1.61;2.45;0;2019
2.5;1.59;0;2019
2.1;1.77;1;2019
1.57;2.55;0;2019
2.35;1.65;0;2019
1.17;5.5;1;2019
2.45;1.61;0;2019
1.53;2.65;1;2019
1.83;2.0;0;2019
2.3;1.67;0;2019
2.3;1.67;1;2019
1.62;2.4;0;2019
1.54;2.6;0;2019
1.69;2.25;1;2019
1.29;3.9;1;2019
5.5;1.17;0;2019
1.8;2.05;0;2019
1.44;2.85;1;2019
1.43;2.9;0;2019
1.61;2.45;0;2019
1.27;4.28;1;2019
1.23;4.45;0;2019
1.36;3.35;1;2019
1.33;3.5;1;2019
2.5;1.59;1;2019
1.44;2.85;1;2019
1.36;3.35;1;2019
2.3;1.67;1;2019
1.59;2.5;1;2019
1.69;2.25;0;2019
2.35;1.65;1;2019
3.6;1.31;0;2019
1.77;2.1;0;2019
1.44;2.85;0;2019
1.71;2.2;1;2019
3.2;1.38;0;2019
1.3;3.75;1;2019
2.3;1.67;0;2019
1.74;2.15;1;2019
1.67;2.3;1;2019
2.65;1.53;1;2019
1.59;2.5;0;2019
2.3;1.71;0;2019
1.57;2.55;1;2019
4.1;1.29;1;2019
3.0;1.42;0;2019
2.0;1.83;1;2019
1.48;2.75;0;2019
2.0;1.83;1;2019
1.45;2.8;1;2019
2.35;1.65;0;2019
1.42;3.0;1;2019
2.95;1.43;0;2019
1.5;2.7;1;2019
3.15;1.39;1;2019
1.77;2.1;0;2019
1.57;2.55;1;2019
1.74;2.15;1;2019
1.12;6.5;1;2019
1.53;2.65;0;2019
3.4;1.36;0;2019
2.25;1.69;0;2019
1.62;2.4;0;2019
3.6;1.31;0;2019
2.55;1.57;0;2019
1.59;2.5;1;2019
3.0;1.42;1;2019
1.67;2.3;1;2019
5.15;1.19;0;2019
1.36;3.4;0;2019
2.1;1.77;0;2019
1.87;1.95;1;2019
2.8;1.45;0;2019
1.65;2.35;1;2019
3.25;1.38;0;2019
1.48;2.75;1;2019
2.4;1.62;1;2019
3.05;1.41;0;2019
2.58;1.56;0;2019
1.31;3.65;1;2019
1.21;4.75;0;2019
1.71;2.2;0;2019
1.31;3.65;1;2019
2.75;1.48;1;2019
1.83;2.0;0;2019
3.95;1.28;0;2019
3.45;1.34;0;2019
1.21;4.75;1;2019
2.3;1.67;1;2019
1.74;2.15;0;2019
2.7;1.5;0;2019
2.6;1.54;0;2019
1.62;2.4;0;2019
2.3;1.67;0;2019
1.91;1.91;0;2019
1.19;5.1;1;2019
1.22;4.6;1;2019
1.87;1.95;0;2019
1.4;3.1;1;2019
1.69;2.25;1;2019
1.37;3.3;1;2019
1.26;4.15;1;2019
1.38;3.2;1;2019
3.9;1.29;0;2019
2.9;1.43;0;2019
2.05;1.8;0;2019
2.3;1.67;0;2019
1.91;1.91;1;2019
1.5;2.7;1;2019
1.83;2.0;1;2019
1.43;2.95;1;2019
1.43;2.9;1;2019
2.15;1.74;1;2019
2.85;1.44;1;2019
2.6;1.54;1;2019
1.69;2.25;0;2019
1.77;2.1;1;2019
1.59;2.5;0;2019
1.34;3.45;0;2019
2.85;1.44;1;2019
1.22;4.6;0;2019
1.21;4.75;1;2019
1.42;3.0;1;2019
1.57;2.55;1;2019
1.91;1.91;1;2019
1.45;2.8;0;2019
3.15;1.39;1;2019
1.34;3.45;1;2019
1.19;5.15;1;2019
2.05;1.8;1;2019
2.7;1.5;0;2019
1.61;2.45;0;2019
1.34;3.45;1;2018
1.48;2.75;0;2018
1.95;1.87;0;2018
1.77;2.1;0;2018
1.71;2.2;0;2018
1.77;2.2;0;2018
3.9;1.29;0;2018
4.65;1.22;0;2018
1.83;2.0;1;2018
2.5;1.59;1;2018
1.67;2.3;1;2018
2.55;1.57;0;2018
1.3;3.75;0;2018
1.95;1.87;1;2018
1.61;2.45;1;2018
3.55;1.32;0;2018
3.3;1.37;1;2018
3.1;1.4;0;2018
1.87;1.95;0;2018
2.3;1.67;0;2018
3.7;1.3;0;2018
1.61;2.45;1;2018
1.91;1.91;0;2018
4.75;1.21;0;2018
1.91;1.91;1;2018
1.33;3.5;1;2018
2.35;1.65;0;2018
1.5;2.7;1;2018
2.6;1.54;0;2018
1.32;3.55;0;2018
1.74;2.15;0;2018
1.43;2.95;0;2018
1.8;2.05;1;2018
1.62;2.4;1;2018
1.25;4.25;0;2018
1.18;5.25;1;2018
5.35;1.18;0;2018
1.62;2.4;1;2018
5.15;1.19;1;2018
1.91;1.91;0;2018
1.67;2.3;0;2018
5.5;1.17;0;2018
1.34;3.45;1;2018
3.5;1.33;0;2018
2.25;1.69;1;2018
1.65;2.35;1;2018
4.0;1.28;0;2018
4.1;1.27;0;2018
5.25;1.18;0;2018
3.7;1.3;0;2018
1.57;2.55;1;2018
1.87;1.95;0;2018
1.34;3.45;1;2018
2.0;1.83;0;2018
3.35;1.36;0;2018
1.8;2.05;0;2018
2.0;1.83;1;2018
1.71;2.2;1;2018
2.7;1.5;0;2018
1.29;3.8;1;2018
1.29;3.8;1;2018
1.18;5.25;1;2018
1.42;3.0;0;2018
2.15;1.74;1;2018
1.18;5.25;1;2018
1.45;2.8;1;2018
1.71;2.2;0;2018
3.9;1.29;1;2018
1.8;2.05;0;2018
1.18;5.25;1;2018
1.59;2.5;1;2018
1.28;4.0;1;2018
1.17;5.45;1;2018
2.5;1.59;0;2018
2.75;1.48;0;2018
1.57;2.55;1;2018
1.65;2.35;0;2018
1.54;2.6;0;2018
3.6;1.31;0;2018
2.5;1.59;1;2018
1.69;2.25;1;2018
1.31;3.6;1;2018
1.43;2.95;0;2018
2.0;1.83;1;2018
3.0;1.42;0;2018
1.24;4.35;1;2018
2.1;1.77;0;2018
2.7;1.5;1;2018
2.8;1.45;0;2018
1.62;2.4;1;2018
1.21;4.75;1;2018
2.45;1.61;1;2018
1.71;2.2;1;2018
2.0;1.83;0;2018
1.1;7.5;1;2018
1.43;3.1;1;2018
2.25;1.69;0;2018
1.43;2.9;1;2018
1.26;4.15;1;2018
1.62;2.4;0;2018
1.31;3.65;0;2018
1.31;3.65;1;2018
3.45;1.34;0;2018
1.33;3.5;0;2018
1.17;5.5;1;2018
1.39;3.15;0;2018
1.16;5.65;1;2018
1.25;4.25;1;2018
1.59;2.5;0;2018
1.62;2.4;0;2018
1.14;6.0;1;2018
1.29;3.85;1;2018
1.71;2.2;1;2018
1.43;2.95;1;2018
1.41;3.05;0;2018
1.83;2.0;0;2018
7.0;1.13;0;2018
1.5;2.7;1;2018
1.59;2.5;0;2018
1.22;4.6;0;2018
1.62;2.4;1;2018
1.62;2.4;1;2018
1.53;2.65;1;2018
1.28;3.95;1;2018
2.9;1.43;0;2018
2.35;1.65;1;2018
2.15;1.74;1;2018
1.53;2.65;0;2018
1.14;6.0;1;2018
1.54;2.6;1;2018
3.6;1.31;1;2018
3.05;1.41;0;2018
2.9;1.43;0;2018
1.8;2.05;0;2018
1.5;2.7;1;2018
1.2;5.0;1;2018
1.29;3.9;0;2018
1.5;2.7;0;2018
1.21;4.75;1;2018
1.61;2.45;1;2018
1.95;1.87;0;2018
1.43;2.9;1;2018
1.36;3.35;1;2018
2.2;1.71;1;2018
1.62;2.4;1;2018
1.1;7.5;1;2018
1.07;11.0;1;2018
1.83;2.0;0;2018
2.25;1.69;1;2018
2.2;1.71;0;2018
1.23;4.5;1;2018
1.61;2.45;1;2018
1.08;8.75;1;2018
1.12;6.7;1;2018
1.17;5.5;1;2018
1.18;5.3;1;2018
3.4;1.36;0;2018
1.15;5.9;1;2018
1.18;5.25;1;2018
1.95;1.87;1;2018
1.22;4.6;1;2018
1.07;10.0;1;2018
1.67;2.3;1;2018
1.91;1.91;1;2018
4.35;1.24;0;2018
1.59;2.5;1;2018
1.48;2.75;1;2018
1.59;2.5;0;2018
2.75;1.48;1;2018
2.55;1.57;1;2018
1.91;1.91;1;2018
2.75;1.53;0;2018
2.2;1.71;1;2018
2.0;1.83;1;2018
2.15;1.74;1;2018
4.35;1.24;0;2018
2.5;1.59;0;2018
1.08;8.75;1;2018
3.7;1.3;1;2018
1.5;2.7;1;2018
1.71;2.2;1;2018
1.31;3.95;1;2018
1.54;2.6;1;2018
1.42;3.0;1;2018
1.95;1.87;1;2018
1.8;2.05;1;2018
1.21;4.75;0;2018
3.5;1.33;0;2018
1.65;2.35;0;2018
1.29;3.8;1;2018
1.48;2.75;1;2018
2.05;1.8;1;2018
1.36;3.35;1;2018
1.71;2.2;0;2018
1.83;2.0;1;2018
3.6;1.31;0;2018
1.21;4.75;1;2018
2.35;1.65;0;2018
2.0;1.83;1;2018
1.31;3.6;1;2018
1.91;1.91;1;2018
1.67;2.3;1;2018
1.21;4.75;1;2018
5.5;1.17;0;2018
2.15;1.74;0;2018
1.43;2.95;1;2018
2.4;1.62;0;2018
2.7;1.5;1;2018
2.2;1.71;0;2018
1.95;1.87;1;2018
1.67;2.3;0;2018
1.83;2.0;0;2018
2.75;1.48;0;2018
1.53;2.65;1;2018
1.48;2.75;1;2018
2.4;1.62;1;2018
1.67;2.3;0;2018
1.71;2.2;0;2018
2.8;1.45;0;2018
1.95;1.87;0;2018
3.6;1.31;0;2018
2.9;1.43;0;2018
1.8;2.05;0;2018
1.53;2.65;1;2018
1.8;1.95;1;2018
1.54;2.6;0;2018
1.77;2.1;0;2018
2.0;1.83;0;2018
1.91;1.91;1;2018
2.55;1.57;0;2018
2.8;1.45;0;2018
1.95;1.87;0;2018
1.61;2.45;0;2018
1.87;1.95;1;2018
2.15;1.74;1;2018
2.5;1.59;1;2018
1.62;2.4;0;2018
1.32;3.55;0;2018
1.59;2.5;0;2018
1.57;2.55;0;2018
1.62;2.4;0;2018
3.45;1.34;0;2018
1.71;2.2;1;2018
1.5;2.7;0;2018
1.59;2.5;1;2018
1.87;1.95;1;2018
1.54;2.6;0;2018
1.95;1.87;0;2018
2.3;1.67;1;2018
3.2;1.38;0;2018
1.77;2.1;1;2018
2.3;1.67;1;2018
2.15;1.74;1;2018
1.69;2.25;1;2018
1.26;4.15;1;2018
1.77;2.1;1;2018
2.2;1.71;0;2018
1.8;2.05;0;2018
2.8;1.45;1;2018
3.15;1.39;0;2018
2.25;1.69;1;2018
1.61;2.45;0;2018
1.41;3.05;1;2018
5.5;1.17;0;2018
1.95;1.87;0;2018
2.45;1.61;0;2018
1.34;3.45;1;2018
5.5;1.17;0;2018
1.61;2.45;0;2018
2.65;1.53;1;2018
3.0;1.42;0;2018
1.59;2.5;1;2018
1.36;3.35;1;2018
2.15;1.74;0;2018
1.69;2.25;1;2018
2.9;1.43;0;2018
2.65;1.53;0;2018
2.7;1.5;0;2018
1.37;3.3;1;2018
3.05;1.41;0;2018
1.87;1.95;0;2018
2.88;1.49;0;2018
1.5;2.7;0;2018
2.2;1.71;0;2018
1.91;1.91;0;2018
1.83;2.0;0;2018
1.25;4.25;1;2018
1.45;2.8;1;2018
1.62;2.4;0;2018
1.54;2.6;1;2018
2.35;1.65;0;2018
1.48;2.75;1;2018
3.5;1.33;0;2018
1.22;4.6;1;2018
1.08;7.0;1;2018
3.05;1.41;0;2018
2.25;1.69;0;2018
1.67;2.3;0;2018
1.13;6.25;1;2018
1.41;3.05;1;2018
1.59;2.5;0;2018
4.25;1.25;1;2018
1.62;2.4;0;2018
4.15;1.26;0;2018
2.4;1.62;1;2018
2.2;1.71;0;2018
2.35;1.65;1;2018
1.26;4.2;1;2018
5.15;1.19;0;2018
5.25;1.18;0;2018
2.8;1.45;0;2018
1.57;2.55;0;2018
3.8;1.29;0;2018
1.43;2.95;1;2018
1.53;2.65;0;2018
1.91;1.91;0;2018
1.57;2.64;1;2018
1.65;2.45;1;2018
1.43;2.95;1;2018
3.8;1.29;0;2018
3.65;1.31;1;2018
1.14;6.0;1;2018
1.87;1.95;0;2018
1.38;3.2;1;2018
1.38;3.25;1;2018
2.65;1.53;0;2018
1.67;2.3;1;2018
2.35;1.69;1;2018
1.54;2.6;1;2018
2.0;1.83;1;2018
1.36;3.4;1;2018
2.1;1.77;0;2018
2.5;1.59;0;2018
1.33;3.5;1;2018
2.45;1.61;0;2018
1.36;3.35;1;2018
1.34;3.45;1;2018
2.4;1.62;1;2018
1.87;1.95;1;2018
3.5;1.33;0;2018
1.67;2.3;1;2018
1.91;1.91;0;2018
2.5;1.59;1;2018
1.61;2.45;1;2018
1.5;2.7;1;2018
1.8;2.05;1;2018
2.55;1.57;0;2018
1.41;3.05;1;2018
2.45;1.61;1;2018
3.2;1.38;0;2018
1.48;2.75;1;2018
1.83;2.0;0;2018
1.77;2.1;0;2018
1.16;5.7;1;2018
2.4;1.62;0;2018
2.05;1.8;0;2018
1.31;3.65;0;2018
1.91;1.91;0;2018
1.23;4.45;1;2018
1.16;5.7;1;2018
1.91;1.91;1;2018
1.87;1.95;1;2018
1.14;6.0;1;2018
1.69;2.25;0;2018
1.53;2.65;1;2018
1.71;2.2;0;2018
2.7;1.5;0;2018
1.95;1.87;1;2018
1.48;2.75;0;2018
1.67;2.3;0;2018
1.23;4.45;1;2018
1.53;2.65;1;2018
1.87;1.95;0;2018
1.77;2.1;1;2018
3.4;1.38;1;2018
6.5;1.12;1;2018
1.48;2.75;0;2018
3.2;1.38;0;2018
1.1;7.5;1;2018
1.65;2.35;0;2018
1.69;2.25;1;2018
1.54;2.6;0;2018
2.75;1.48;0;2018
4.9;1.2;0;2018
1.24;4.35;0;2018
1.62;2.4;1;2018
1.91;1.91;1;2018
3.7;1.3;0;2018
1.95;1.87;0;2018
1.39;3.15;1;2018
2.1;1.77;0;2018
1.4;3.1;1;2018
1.61;2.45;0;2018
1.33;3.5;0;2018
1.61;2.45;0;2018
1.53;2.65;0;2018
2.3;1.67;0;2018
3.1;1.4;0;2018
2.8;1.45;1;2018
1.45;2.8;1;2018
1.71;2.2;0;2018
2.55;1.57;0;2018
2.0;1.83;1;2018
1.91;1.91;1;2018
1.48;2.75;1;2018
1.67;2.3;0;2018
2.3;1.67;0;2018
1.27;4.13;1;2018
1.57;2.55;0;2018
1.48;2.75;1;2018
2.35;1.69;1;2018
2.3;1.67;0;2018
4.0;1.28;0;2018
1.29;3.8;1;2018
2.6;1.54;1;2018
2.65;1.53;0;2018
1.36;3.35;1;2018
2.25;1.69;1;2018
1.33;3.5;1;2018
2.15;1.74;0;2018
4.05;1.27;0;2018
1.5;2.7;1;2018
1.91;1.91;1;2018
1.62;2.4;1;2018
2.35;1.65;0;2018
2.4;1.62;1;2018
3.05;1.41;1;2018
1.09;8.0;1;2018
1.83;2.0;1;2018
2.5;1.59;1;2018
2.65;1.53;1;2018
1.39;3.15;1;2018
2.73;1.49;1;2018
1.42;3.0;1;2018
4.5;1.23;0;2018
1.83;2.0;1;2018
2.1;1.77;1;2018
2.2;1.71;1;2018
1.67;2.3;0;2018
5.25;1.18;0;2018
1.71;2.2;1;2018
2.55;1.57;0;2018
1.18;5.25;1;2018
1.53;2.65;1;2018
1.65;2.35;1;2018
1.62;2.4;0;2018
2.1;1.77;1;2018
1.27;4.05;1;2018
2.7;1.5;0;2018
2.5;1.59;1;2018
1.29;3.85;1;2018
2.9;1.43;1;2018
1.65;2.35;1;2018
1.69;2.25;0;2018
2.2;1.71;1;2018
2.68;1.51;0;2018
1.74;2.15;1;2018
2.2;1.71;0;2018
3.45;1.34;0;2018
1.34;3.45;1;2018
2.45;1.61;1;2018
1.83;2.0;0;2018
1.13;6.25;1;2018
2.75;1.48;1;2018
1.56;2.58;1;2018
1.5;2.85;0;2018
2.15;1.74;0;2018
1.34;3.45;1;2018
2.15;1.74;0;2018
2.1;1.77;0;2018
2.65;1.53;1;2018
1.31;3.65;1;2017
1.24;4.3;1;2017
2.65;1.53;1;2017
1.45;2.8;0;2017
1.77;2.1;0;2017
1.57;2.55;1;2017
2.7;1.5;0;2017
1.53;2.65;1;2017
2.05;1.8;0;2017
1.34;3.45;0;2017
1.65;2.35;1;2017
2.25;1.69;1;2017
1.53;2.65;0;2017
1.29;3.8;1;2017
1.69;2.25;1;2017
1.65;2.35;1;2017
2.25;1.69;1;2017
1.62;2.4;1;2017
1.62;2.4;1;2017
2.0;1.83;0;2017
1.3;3.7;0;2017
1.69;2.35;1;2017
1.69;2.25;1;2017
1.21;4.75;1;2017
2.05;1.8;0;2017
2.05;1.8;1;2017
1.29;3.85;0;2017
4.35;1.24;0;2017
2.65;1.53;1;2017
2.55;1.57;1;2017
4.25;1.25;0;2017
3.3;1.37;0;2017
1.38;3.2;1;2017
3.1;1.43;0;2017
1.31;3.6;1;2017
2.5;1.59;1;2017
1.4;3.1;1;2017
1.74;2.15;0;2017
1.26;4.2;0;2017
1.77;2.1;1;2017
1.87;1.95;1;2017
1.19;5.15;1;2017
3.25;1.38;0;2017
5.15;1.19;0;2017
1.43;2.9;1;2017
1.48;2.75;1;2017
1.43;2.9;1;2017
1.42;3.0;0;2017
2.5;1.59;0;2017
2.45;1.61;0;2017
4.0;1.28;0;2017
1.17;5.5;0;2017
4.75;1.24;0;2017
2.65;1.53;0;2017
2.65;1.53;1;2017
3.43;1.35;0;2017
1.5;2.7;1;2017
2.2;1.71;1;2017
1.45;2.8;0;2017
1.2;5.0;1;2017
3.5;1.33;1;2017
2.2;1.71;0;2017
1.62;2.4;1;2017
2.05;1.8;0;2017
1.77;2.2;0;2017
2.4;1.67;0;2017
1.4;3.1;1;2017
1.33;3.5;1;2017
1.77;2.1;0;2017
1.48;2.75;0;2017
1.71;2.2;1;2017
1.32;3.55;1;2017
1.16;5.7;1;2017
1.34;3.45;1;2017
4.45;1.23;1;2017
2.55;1.57;0;2017
2.05;1.8;0;2017
2.7;1.5;0;2017
3.7;1.3;0;2017
2.55;1.57;0;2017
1.91;1.91;1;2017
1.29;3.9;1;2017
1.31;3.6;0;2017
3.25;1.38;0;2017
1.27;4.1;1;2017
2.05;1.8;0;2017
1.8;2.05;0;2017
1.35;3.43;1;2017
1.53;2.65;1;2017
1.59;2.5;0;2017
3.45;1.34;0;2017
3.15;1.39;1;2017
2.85;1.39;0;2017
1.83;2.0;0;2017
1.48;2.75;0;2017
1.14;6.0;0;2017
1.53;2.65;1;2017
4.05;1.27;0;2017
2.35;1.65;1;2017
1.27;4.1;0;2017
1.57;2.55;1;2017
2.05;1.8;1;2017
3.5;1.33;0;2017
2.65;1.53;0;2017
1.69;2.35;1;2017
1.83;2.0;0;2017
2.55;1.57;1;2017
1.45;2.8;1;2017
1.91;1.91;1;2017
1.21;4.85;1;2017
1.77;2.1;1;2017
1.27;4.3;1;2017
2.35;1.65;0;2017
1.43;2.9;1;2017
2.25;1.69;1;2017
1.38;3.25;1;2017
1.67;2.3;0;2017
1.17;5.5;1;2017
2.3;1.67;1;2017
1.45;2.8;1;2017
1.28;3.95;1;2017
1.87;1.95;0;2017
2.3;1.67;0;2017
2.5;1.59;0;2017
3.5;1.33;0;2017
3.0;1.42;0;2017
3.0;1.42;0;2017
1.34;3.45;1;2017
1.1;7.5;1;2017
1.48;2.75;1;2017
3.15;1.39;1;2017
1.62;2.4;0;2017
2.4;1.62;0;2017
1.8;2.05;1;2017
5.25;1.18;1;2017
2.55;1.57;0;2017
1.23;4.45;1;2017
1.34;3.45;0;2017
3.9;1.29;0;2017
1.5;2.7;1;2017
1.65;2.35;1;2017
1.24;4.35;1;2017
1.91;1.91;1;2017
1.67;2.3;1;2017
3.15;1.39;1;2017
2.0;1.83;1;2017
1.2;5.0;1;2017
1.24;4.35;1;2017
2.35;1.65;0;2017
1.24;4.35;1;2017
1.1;7.5;1;2017
1.21;4.75;1;2017
1.87;1.95;0;2017
1.52;2.77;0;2017
1.5;2.7;0;2017
2.3;1.67;0;2017
2.25;1.69;1;2017
2.65;1.53;0;2017
1.25;4.25;1;2017
2.2;1.71;1;2017
1.87;1.95;1;2017
1.5;2.7;0;2017
3.6;1.31;1;2017
1.27;4.1;0;2017
2.8;1.45;0;2017
2.75;1.48;0;2017
5.5;1.17;1;2017
1.77;2.1;1;2017
1.77;2.1;1;2017
1.31;3.6;1;2017
1.4;3.1;1;2017
1.53;2.65;1;2017
1.19;5.5;1;2017
1.26;4.2;1;2017
1.4;3.1;1;2017
2.25;1.69;0;2017
4.25;1.25;0;2017
5.85;1.15;0;2017
2.55;1.57;1;2017
2.55;1.57;1;2017
2.8;1.45;0;2017
1.61;2.45;0;2017
1.33;3.5;0;2017
1.77;2.1;1;2017
1.61;2.45;1;2017
3.4;1.36;0;2017
1.57;2.55;1;2017
2.9;1.43;0;2017
1.41;3.05;1;2017
2.0;1.83;1;2017
2.85;1.44;0;2017
1.45;2.8;1;2017
1.08;9.0;1;2017
1.65;2.35;1;2017
1.57;2.55;0;2017
1.95;1.87;1;2017
2.1;1.77;1;2017
2.6;1.54;1;2017
1.57;2.55;0;2017
2.55;1.57;0;2017
2.25;1.69;0;2017
3.55;1.32;0;2017
2.35;1.65;1;2017
1.48;2.75;0;2017
2.75;1.48;1;2017
1.54;2.6;1;2017
1.67;2.3;0;2017
1.95;1.87;0;2017
1.57;2.55;0;2017
3.05;1.41;0;2017
3.45;1.34;0;2017
1.43;2.95;0;2017
1.36;3.4;0;2017
1.14;6.0;1;2017
4.0;1.28;0;2017
1.57;2.64;0;2017
2.8;1.45;0;2017
1.54;2.6;0;2017
1.2;5.0;1;2017
1.69;2.25;1;2017
2.3;1.71;0;2017
1.53;2.65;1;2017
1.29;3.9;1;2017
2.75;1.48;0;2017
2.5;1.59;1;2017
1.29;3.9;1;2017
1.44;2.85;1;2017
2.1;1.77;0;2017
2.2;1.71;0;2017
5.7;1.16;0;2017
1.43;2.95;1;2017
1.38;3.25;1;2017
1.34;3.45;0;2017
1.18;5.25;1;2017
1.62;2.4;1;2017
2.15;1.74;0;2017
1.41;3.05;1;2017
1.4;3.1;1;2017
1.61;2.45;0;2017
2.5;1.59;0;2017
1.29;3.9;1;2017
1.87;1.95;1;2017
1.53;2.65;1;2017
1.29;3.8;1;2017
1.18;5.25;1;2017
2.25;1.69;0;2017
1.21;4.75;1;2017
3.85;1.29;1;2017
2.25;1.69;0;2017
2.25;1.69;1;2017
2.4;1.62;1;2017
1.32;3.55;1;2017
2.15;1.74;0;2017
3.9;1.29;1;2017
4.15;1.26;0;2017
4.6;1.22;0;2017
1.74;2.15;1;2017
1.8;2.05;1;2017
1.62;2.4;0;2017
1.18;5.35;1;2017
2.9;1.43;0;2017
3.0;1.42;0;2017
2.7;1.5;0;2017
4.25;1.28;0;2017
4.0;1.28;0;2017
1.31;3.6;1;2017
1.19;5.15;0;2017
1.83;2.0;0;2017
1.36;3.35;1;2017
2.0;1.83;0;2017
1.67;2.3;0;2017
1.4;3.1;1;2017
1.69;2.25;1;2017
1.33;3.75;1;2017
1.59;2.6;0;2017
1.17;5.4;1;2017
2.05;1.8;0;2017
2.75;1.48;1;2017
1.48;2.75;1;2017
4.1;1.27;0;2017
1.5;2.7;1;2017
1.69;2.25;0;2017
1.36;3.4;1;2017
1.56;2.58;1;2017
1.38;3.25;1;2017
2.2;1.71;0;2017
3.2;1.38;1;2017
1.91;1.91;0;2017
1.26;4.15;0;2017
1.56;2.58;1;2017
1.38;3.2;1;2017
1.33;3.5;1;2017
4.75;1.21;1;2017
1.74;2.15;1;2017
1.36;3.35;0;2017
3.75;1.3;0;2017
1.61;2.45;1;2017
1.15;5.85;1;2017
2.3;1.67;1;2017
2.35;1.65;0;2017
1.77;2.1;0;2017
1.36;3.35;1;2017
1.34;3.45;0;2017
1.61;2.45;1;2017
1.53;2.65;1;2017
1.87;1.95;1;2017
1.71;2.2;1;2017
1.59;2.5;0;2017
1.91;1.91;0;2017
1.91;1.91;1;2017
1.28;4.2;1;2017
2.4;1.62;0;2017
1.74;2.15;0;2017
4.15;1.26;0;2017
1.17;5.5;1;2017
1.24;4.35;1;2017
1.62;2.4;1;2017
1.25;4.25;1;2017
2.45;1.61;0;2017
2.05;1.8;0;2017
1.8;2.05;1;2017
1.83;2.0;0;2017
1.36;3.4;1;2017
1.91;1.91;0;2017
1.34;3.45;1;2017
1.3;3.7;1;2017
2.3;1.67;1;2017
1.09;8.0;1;2017
2.1;1.77;1;2017
1.38;3.25;0;2017
1.59;2.5;0;2017
1.65;2.35;1;2017
7.5;1.1;0;2017
3.7;1.3;0;2017
2.6;1.54;0;2017
1.25;4.25;1;2017
1.71;2.2;1;2017
3.7;1.3;1;2017
1.18;5.25;1;2017
1.61;2.45;0;2017
2.2;1.71;1;2017
1.95;1.87;0;2017
1.36;3.4;1;2017
2.1;1.77;1;2017
1.45;2.8;0;2017
1.22;4.6;1;2017
1.34;3.45;1;2017
1.39;3.15;1;2017
1.95;1.87;1;2017
1.34;3.45;1;2017
1.5;2.7;0;2017
1.74;2.15;1;2017
5.7;1.16;0;2017
1.69;2.25;1;2017
1.3;3.75;1;2017
1.67;2.3;0;2017
1.87;1.95;1;2017
1.18;5.25;1;2017
1.48;2.75;0;2017
2.7;1.5;0;2017
2.0;1.83;1;2017
1.57;2.55;1;2017
2.35;1.65;1;2017
1.25;4.25;1;2017
1.65;2.35;1;2017
1.62;2.4;1;2017
2.1;1.77;0;2017
2.75;1.48;1;2017
2.5;1.59;0;2017
1.5;2.7;1;2017
1.42;3.0;0;2017
1.33;3.5;1;2017
2.05;1.8;0;2017
3.8;1.29;0;2017
2.2;1.71;1;2017
1.28;4.0;0;2017
1.41;3.05;0;2017
2.5;1.59;0;2017
1.77;2.1;1;2017
1.57;2.55;1;2017
1.13;6.25;0;2017
2.3;1.67;1;2017
1.69;2.25;1;2017
1.71;2.2;1;2017
1.67;2.3;1;2017
1.95;1.87;1;2017
2.1;1.77;1;2017
2.3;1.62;0;2017
1.95;1.87;1;2017
1.12;6.5;1;2017
1.27;4.1;1;2017
3.65;1.31;0;2017
1.38;3.0;0;2017
1.36;3.35;1;2017
2.45;1.61;0;2017
1.33;3.5;1;2017
2.0;1.77;0;2017
2.0;1.83;1;2017
1.17;5.5;1;2017
1.43;2.9;1;2017
1.22;4.6;1;2017
1.69;2.15;0;2017
5.85;1.15;1;2017
3.7;1.3;0;2017
1.57;2.55;1;2017
1.31;3.5;1;2017
1.54;2.6;0;2017
1.26;4.15;0;2017
2.15;1.74;0;2017
1.24;4.35;0;2017
1.37;3.3;0;2017
1.12;6.5;1;2017
1.29;3.9;1;2017
2.05;1.8;1;2017
1.22;4.17;1;2017
2.45;1.54;0;2017
1.54;2.6;1;2017
1.57;2.55;0;2017
4.35;1.24;0;2017
2.15;1.74;0;2017
2.2;1.71;0;2017
1.69;2.25;1;2017
2.1;1.77;0;2017
2.65;1.53;0;2017
1.91;1.91;1;2017
1.77;2.1;1;2017
2.0;1.83;1;2017
2.05;1.8;1;2017
1.29;3.9;1;2017
1.71;2.2;1;2017
1.74;2.15;0;2017
2.4;1.62;0;2017
3.6;1.31;0;2017
1.62;2.4;0;2017
1.71;2.2;1;2017
1.59;2.5;1;2017
2.35;1.57;0;2017
1.65;2.35;1;2017
3.1;1.4;0;2017
2.0;1.83;0;2017
2.65;1.53;1;2016
1.41;3.05;0;2016
1.43;2.9;1;2016
1.69;2.25;1;2016
2.2;1.71;0;2016
2.7;1.5;0;2016
1.83;2.0;1;2016
2.8;1.45;0;2016
1.65;2.35;0;2016
1.91;1.91;0;2016
2.4;1.62;0;2016
1.29;3.8;1;2016
2.25;1.69;1;2016
1.43;2.9;0;2016
1.87;1.95;0;2016
4.0;1.28;0;2016
1.74;2.15;0;2016
1.51;2.68;1;2016
3.55;1.32;1;2016
1.59;2.5;1;2016
1.8;2.05;1;2016
1.62;2.4;0;2016
1.33;3.5;1;2016
1.33;3.5;1;2016
2.95;1.43;1;2016
1.8;2.05;0;2016
1.59;2.5;0;2016
1.87;1.95;0;2016
1.54;2.6;1;2016
1.83;2.0;0;2016
1.77;2.1;0;2016
2.35;1.65;0;2016
2.8;1.45;0;2016
1.77;2.1;0;2016
1.4;3.1;1;2016
1.23;4.5;1;2016
1.25;4.25;1;2016
1.53;2.65;1;2016
1.43;2.9;1;2016
1.67;2.3;1;2016
2.7;1.5;0;2016
1.5;2.7;1;2016
2.65;1.53;0;2016
3.2;1.38;0;2016
2.3;1.67;0;2016
1.43;2.9;1;2016
1.11;7.0;1;2016
1.5;2.63;1;2016
2.75;1.48;0;2016
1.43;2.9;0;2016
1.65;2.35;1;2016
1.53;2.65;1;2016
2.45;1.61;0;2016
1.37;3.3;1;2016
1.67;2.3;1;2016
1.83;2.0;0;2016
1.95;1.87;0;2016
1.95;1.87;0;2016
2.0;1.83;1;2016
1.18;5.25;0;2016
1.91;1.91;0;2016
2.35;1.65;0;2016
1.95;1.87;0;2016
1.91;1.91;0;2016
2.65;1.53;1;2016
2.3;1.67;1;2016
1.74;2.15;0;2016
1.71;2.2;1;2016
1.69;2.25;0;2016
1.91;1.91;1;2016
2.15;1.74;0;2016
1.29;3.8;1;2016
1.33;3.5;1;2016
1.22;4.65;1;2016
1.74;2.15;0;2016
2.75;1.48;0;2016
1.67;2.3;1;2016
2.1;1.77;1;2016
1.61;2.45;0;2016
1.71;2.2;1;2016
1.34;3.45;1;2016
2.35;1.65;1;2016
1.18;5.3;1;2016
1.95;1.87;0;2016
1.67;2.3;0;2016
3.2;1.38;1;2016
1.4;3.1;0;2016
1.5;2.7;1;2016
1.69;2.25;1;2016
1.71;2.2;0;2016
1.71;2.3;1;2016
1.59;2.5;1;2016
1.44;2.85;1;2016
1.45;2.8;1;2016
3.7;1.3;0;2016
2.4;1.62;0;2016
1.25;4.25;1;2016
1.45;2.8;0;2016
1.71;2.2;0;2016
1.31;3.65;1;2016
1.29;3.85;1;2016
1.69;2.25;0;2016
1.8;2.05;1;2016
2.35;1.65;1;2016
2.45;1.61;1;2016
1.71;2.2;0;2016
3.5;1.33;1;2016
1.91;1.91;1;2016
1.95;1.87;1;2016
1.87;1.95;1;2016
1.16;5.6;1;2016
1.42;3.0;1;2016
1.74;2.15;0;2016
2.25;1.74;0;2016
1.95;1.87;0;2016
1.61;2.45;1;2016
1.65;2.35;1;2016
1.18;5.25;1;2016
1.38;3.2;1;2016
4.0;1.28;0;2016
1.69;2.25;0;2016
1.53;2.65;1;2016
1.17;5.4;1;2016
2.3;1.67;0;2016
1.53;2.65;0;2016
2.5;1.59;1;2016
3.45;1.34;0;2016
2.1;1.77;0;2016
2.75;1.48;1;2016
2.05;1.8;1;2016
1.31;3.6;0;2016
1.38;3.2;0;2016
1.19;5.5;0;2016
1.74;2.15;1;2016
1.67;2.3;0;2016
1.69;2.25;1;2016
1.8;2.05;0;2016
2.4;1.62;1;2016
2.0;1.83;0;2016
2.95;1.43;0;2016
1.87;1.95;0;2016
1.1;7.5;1;2016
1.16;5.7;1;2016
1.24;4.35;1;2016
1.65;2.35;1;2016
1.12;6.5;0;2016
1.91;1.91;1;2016
1.41;3.05;0;2016
1.95;1.87;1;2016
1.48;2.75;1;2016
2.3;1.67;1;2016
2.45;1.61;1;2016
1.17;5.4;1;2016
1.71;2.2;0;2016
1.61;2.45;0;2016
2.6;1.54;0;2016
1.29;3.8;1;2016
2.0;1.83;1;2016
2.15;1.74;0;2016
1.67;2.3;1;2016
2.0;1.83;1;2016
4.75;1.21;0;2016
1.36;3.4;1;2016
2.25;1.69;1;2016
5.25;1.18;0;2016
1.69;2.25;1;2016
1.38;3.25;1;2016
4.45;1.23;0;2016
2.5;1.59;0;2016
1.77;2.1;1;2016
1.8;2.05;0;2016
1.45;2.8;1;2016
1.18;5.25;1;2016
1.67;2.3;1;2016
1.77;2.1;1;2016
2.1;1.77;0;2016
1.14;6.0;1;2016
1.59;2.5;1;2016
1.3;3.75;1;2016
2.1;1.77;1;2016
2.7;1.5;1;2016
1.42;3.0;1;2016
1.62;2.4;1;2016
1.95;1.87;0;2016
1.22;4.6;1;2016
2.15;1.74;1;2016
1.61;2.45;1;2016
1.48;2.75;1;2016
1.71;2.2;0;2016
1.37;3.3;1;2016
2.15;1.74;0;2016
3.7;1.3;0;2016
1.62;2.4;0;2016
1.31;3.9;1;2016
1.69;2.25;1;2016
2.15;1.74;0;2016
1.42;3.0;1;2016
2.2;1.71;0;2016
1.36;3.35;0;2016
1.24;4.35;1;2016
1.19;5.15;1;2016
1.31;3.6;1;2016
1.71;2.2;1;2016
1.65;2.35;0;2016
1.71;2.2;0;2016
1.24;4.35;1;2016
2.45;1.61;0;2016
1.3;3.75;1;2016
1.33;3.5;1;2016
1.57;2.55;1;2016
1.91;1.91;1;2016
2.1;1.77;1;2016
1.36;3.35;1;2016
1.67;2.3;1;2016
1.91;1.91;0;2016
1.71;2.2;1;2016
1.43;2.9;1;2016
1.3;3.7;1;2016
2.0;1.83;0;2016
1.83;2.0;0;2016
1.53;2.65;0;2016
1.32;3.55;0;2016
2.3;1.67;0;2016
1.95;1.87;1;2016
1.42;3.0;1;2016
3.25;1.38;0;2016
1.74;2.15;1;2016
1.28;4.0;1;2016
1.95;1.87;0;2016
1.53;2.65;0;2016
1.39;3.15;1;2016
1.17;5.5;1;2016
2.25;1.69;1;2016
1.65;2.35;0;2016
1.42;3.0;1;2016
1.4;3.1;1;2016
1.45;2.8;1;2016
1.45;2.8;1;2016
1.83;2.0;0;2016
2.05;1.8;1;2016
1.87;1.95;0;2016
1.12;6.5;1;2016
3.05;1.41;1;2016
1.54;2.6;0;2016
1.65;2.35;0;2016
2.05;1.8;1;2016
1.59;2.5;0;2016
3.35;1.36;0;2016
2.4;1.62;1;2016
1.38;3.2;1;2016
2.5;1.59;1;2016
1.45;2.8;0;2016
3.65;1.31;0;2016
1.23;4.45;1;2016
2.2;1.71;1;2016
1.28;3.95;1;2016
1.57;2.55;0;2016
1.95;1.87;0;2016
1.24;4.35;1;2016
1.2;4.9;1;2016
1.8;2.05;0;2016
1.34;3.45;1;2016
1.34;3.45;1;2016
1.77;2.1;1;2016
1.62;2.4;1;2016
1.27;4.1;1;2016
4.05;1.27;0;2016
1.45;2.8;1;2016
2.15;1.74;1;2016
1.61;2.45;1;2016
1.71;2.2;0;2016
1.69;2.25;0;2016
1.87;1.95;1;2016
1.62;2.4;0;2016
1.32;3.55;1;2016
1.34;3.45;0;2016
1.77;2.1;0;2016
1.69;2.25;1;2016
1.23;4.9;1;2016
1.8;2.05;0;2016
1.77;2.1;1;2016
1.4;3.1;1;2016
3.0;1.42;0;2016
1.65;2.35;1;2016
1.38;3.25;1;2016
2.05;1.8;1;2016
1.27;4.13;1;2016
1.95;1.87;0;2016
1.59;2.5;1;2016
1.74;2.15;1;2016
1.21;4.75;1;2016
1.67;2.3;0;2016
1.87;1.95;1;2016
1.45;2.8;1;2016
1.59;2.5;0;2016
2.05;1.8;0;2016
1.43;2.95;1;2016
1.87;1.95;1;2016
1.43;2.95;1;2016
1.38;3.2;1;2016
1.13;6.25;0;2016
1.26;4.15;1;2016
1.37;3.3;1;2016
3.65;1.31;1;2016
1.54;2.6;1;2016
1.43;2.95;1;2016
1.71;2.2;1;2016
2.1;1.77;0;2016
1.61;2.45;0;2016
1.91;1.91;1;2016
1.61;2.45;0;2016
1.87;1.95;1;2016
1.5;2.7;0;2016
1.67;2.3;0;2016
2.15;1.74;0;2016
2.25;1.69;1;2016
1.87;1.95;0;2016
3.45;1.34;0;2016
1.8;2.05;1;2016
1.31;3.6;1;2016
2.1;1.77;1;2016
2.2;1.71;1;2016
1.32;3.55;0;2016
3.45;1.34;0;2016
1.54;2.6;0;2016
1.36;3.4;1;2016
1.07;13.0;1;2016
2.4;1.62;1;2016
1.17;5.5;0;2016
1.29;3.9;1;2016
1.28;4.0;1;2016
1.36;3.35;1;2016
1.69;2.25;1;2016
2.95;1.43;1;2016
2.0;1.83;1;2016
1.42;3.0;1;2016
2.85;1.44;0;2016
1.65;2.35;0;2016
1.25;4.25;1;2016
1.5;2.7;1;2016
1.31;3.6;1;2016
1.61;2.45;1;2016
1.4;3.1;1;2016
1.91;1.91;0;2016
1.62;2.4;0;2016
1.17;5.5;1;2016
1.37;3.3;1;2016
1.74;2.15;1;2016
1.14;6.1;1;2016
1.29;3.8;1;2016
1.53;2.65;0;2016
1.31;3.65;1;2016
1.91;1.91;1;2016
1.44;2.85;1;2016
1.28;3.95;1;2016
1.53;2.65;1;2016
2.7;1.5;0;2016
2.6;1.54;1;2016
1.83;2.0;1;2016
4.0;1.28;0;2016
1.44;2.85;1;2016
1.62;2.4;1;2016
1.1;7.5;1;2016
1.87;1.95;1;2016
1.61;2.45;0;2016
2.8;1.45;0;2016
2.0;1.83;0;2016
2.25;1.69;0;2016
1.22;5.0;1;2016
1.54;2.6;0;2016
2.25;1.69;1;2016
1.95;1.87;0;2016
1.67;2.3;1;2016
2.4;1.62;1;2016
1.91;1.91;1;2016
3.8;1.29;0;2016
1.59;2.5;1;2016
1.95;1.87;0;2016
1.67;2.3;0;2016
1.31;3.6;1;2016
1.91;2.0;0;2016
1.91;1.91;0;2016
1.74;2.15;1;2016
2.55;1.57;0;2016
1.67;2.3;1;2016
2.0;1.83;0;2016
2.05;1.8;1;2016
4.85;1.21;1;2016
1.39;3.15;0;2016
1.91;1.91;1;2016
5.15;1.19;0;2016
1.62;2.5;1;2016
1.77;2.1;1;2016
1.8;2.05;0;2016
1.95;1.87;1;2016
1.33;3.5;1;2016
1.24;4.4;0;2016
1.33;3.5;0;2016
2.6;1.54;0;2016
1.4;3.1;1;2016
1.95;1.87;1;2016
1.3;3.75;0;2016
1.44;2.85;0;2016
1.33;3.5;1;2016
2.55;1.57;1;2016
2.6;1.54;1;2016
1.53;2.65;1;2016
1.57;2.55;0;2016
1.36;3.35;0;2016
1.33;3.5;1;2016
1.09;8.5;1;2016
1.65;2.35;0;2016
2.6;1.54;0;2016
1.54;2.6;1;2016
1.28;4.0;1;2016
1.29;3.8;1;2016
2.35;1.65;0;2016
2.7;1.5;0;2016
1.91;1.91;1;2016
2.0;1.91;1;2016
1.87;1.95;1;2016
1.37;3.3;1;2016
1.27;4.05;1;2016
1.22;4.6;1;2016
1.28;3.95;1;2016
1.44;2.85;1;2016
1.54;2.6;1;2016
1.95;1.87;0;2016
1.77;2.1;0;2016
1.74;2.15;1;2016
1.38;3.2;0;2016
1.53;2.65;0;2016
1.32;3.55;1;2016
2.05;1.8;0;2016
1.34;3.45;0;2016
1.87;1.95;1;2016
1.24;4.35;1;2016
1.24;4.35;1;2016
1.14;6.0;1;2016
2.35;1.65;1;2016
1.77;2.1;1;2016
1.95;1.87;1;2016
1.54;2.6;0;2016
1.29;3.9;0;2016
1.19;5.5;1;2016
1.74;2.15;0;2016
1.4;3.1;1;2016
1.71;2.2;0;2016
2.5;1.59;0;2016
1.36;3.35;0;2016
1.38;3.25;1;2016
1.38;3.2;0;2016
1.57;2.55;1;2016
1.36;3.35;0;2016
1.87;1.95;0;2016
1.34;3.45;1;2016
2.25;1.69;0;2016
1.65;2.35;1;2016
1.65;2.35;0;2016
1.28;4.0;0;2016
1.59;2.5;1;2016
1.67;2.3;0;2016
2.3;1.67;1;2016
1.59;2.5;0;2016
1.21;4.75;1;2016
1.8;2.05;0;2016
1.42;3.0;1;2016
1.38;3.45;1;2016
1.39;3.15;1;2016
1.45;2.8;1;2016
2.4;1.62;1;2016
1.87;1.95;1;2016
1.42;3.2;1;2016
3.1;1.4;0;2016
2.45;1.61;0;2016
2.35;1.65;1;2016
1.17;5.5;1;2016
1.27;4.1;0;2016
1.45;2.8;1;2016
1.45;2.8;0;2016
2.3;1.67;1;2016
2.2;1.71;0;2016
1.61;2.45;1;2016
1.59;2.5;1;2015
1.43;2.95;0;2015
1.28;4.0;0;2015
1.61;2.45;0;2015
2.45;1.61;1;2015
1.23;4.5;0;2015
1.87;1.95;0;2015
1.45;2.8;0;2015
1.71;2.2;1;2015
1.42;3.0;1;2015
2.1;1.77;0;2015
1.71;2.2;1;2015
1.87;1.95;0;2015
1.67;2.3;0;2015
1.71;2.2;0;2015
2.05;1.8;1;2015
1.22;4.6;1;2015
1.2;4.9;1;2015
1.34;3.45;1;2015
2.05;1.8;1;2015
5.75;1.15;1;2015
4.0;1.28;0;2015
1.59;2.5;0;2015
1.61;2.45;1;2015
1.74;2.15;1;2015
1.61;2.45;0;2015
2.3;1.67;0;2015
2.65;1.53;0;2015
1.36;3.35;1;2015
2.05;1.8;1;2015
2.2;1.71;1;2015
1.45;2.8;1;2015
2.1;1.77;0;2015
1.69;2.25;1;2015
2.2;1.71;1;2015
2.3;1.67;0;2015
1.1;7.5;1;2015
1.44;2.85;0;2015
1.24;4.3;1;2015
1.69;2.25;0;2015
1.16;5.7;1;2015
1.59;2.5;1;2015
1.67;2.4;1;2015
1.28;3.95;1;2015
1.28;4.0;1;2015
1.43;2.9;1;2015
1.12;6.5;1;2015
1.69;2.25;0;2015
1.4;3.1;1;2015
2.05;1.8;1;2015
1.87;1.95;0;2015
3.7;1.3;1;2015
2.2;1.71;1;2015
2.35;1.65;0;2015
1.62;2.4;0;2015
1.77;2.1;1;2015
3.7;1.3;1;2015
1.23;4.5;1;2015
5.25;1.18;0;2015
1.43;2.9;1;2015
1.48;2.75;0;2015
2.3;1.67;0;2015
1.67;2.3;1;2015
2.55;1.57;0;2015
2.15;1.74;1;2015
2.9;1.43;0;2015
1.59;2.5;0;2015
1.53;2.65;0;2015
2.15;1.74;0;2015
1.13;6.25;0;2015
1.07;10.25;1;2015
1.34;3.45;1;2015
1.65;2.35;0;2015
1.62;2.4;0;2015
1.1;7.5;1;2015
3.05;1.41;1;2015
5.5;1.17;0;2015
1.74;2.15;0;2015
3.3;1.37;1;2015
1.24;4.35;1;2015
1.25;4.25;1;2015
1.77;2.1;1;2015
1.31;3.7;1;2015
1.19;5.15;1;2015
1.19;5.15;1;2015
1.36;3.4;1;2015
2.55;1.57;0;2015
6.0;1.14;0;2015
1.77;2.1;0;2015
2.7;1.5;0;2015
1.59;2.6;0;2015
2.6;1.54;0;2015
2.1;1.77;1;2015
1.59;2.5;0;2015
2.65;1.53;0;2015
2.6;1.54;0;2015
1.42;3.0;1;2015
1.77;2.1;1;2015
1.18;5.25;1;2015
2.0;1.83;1;2015
1.69;2.25;0;2015
3.4;1.36;0;2015
1.65;2.35;1;2015
1.3;3.7;0;2015
1.39;3.15;1;2015
2.15;1.74;1;2015
2.65;1.53;0;2015
1.29;3.8;1;2015
3.2;1.38;0;2015
1.37;3.3;1;2015
3.2;1.38;0;2015
2.1;1.77;1;2015
1.38;3.45;1;2015
4.75;1.21;0;2015
2.7;1.5;0;2015
2.5;1.59;1;2015
1.29;3.85;1;2015
1.25;4.25;0;2015
1.24;4.35;1;2015
1.42;3.0;1;2015
3.1;1.43;0;2015
3.55;1.32;1;2015
1.27;4.05;1;2015
3.6;1.31;0;2015
1.87;1.95;1;2015
1.18;5.3;1;2015
1.65;2.35;1;2015
1.13;6.25;1;2015
1.95;1.87;0;2015
1.07;11.0;1;2015
4.5;1.23;1;2015
2.3;1.67;0;2015
1.59;2.5;0;2015
1.69;2.25;0;2015
2.95;1.43;1;2015
2.05;1.8;1;2015
1.39;3.15;1;2015
2.7;1.5;1;2015
2.5;1.59;1;2015
1.22;4.65;0;2015
1.5;2.7;1;2015
1.38;3.25;0;2015
2.35;1.69;0;2015
3.2;1.38;0;2015
1.67;2.3;0;2015
2.4;1.62;1;2015
3.1;1.4;1;2015
1.18;5.35;1;2015
2.2;1.71;1;2015
1.71;2.2;0;2015
1.26;4.15;1;2015
1.41;3.05;1;2015
1.38;3.2;0;2015
1.23;4.5;1;2015
1.31;3.6;1;2015
1.74;2.15;1;2015
1.21;4.83;1;2015
2.05;1.8;1;2015
2.05;1.8;0;2015
1.8;2.05;1;2015
8.75;1.08;0;2015
1.06;12.0;1;2015
1.43;2.9;1;2015
1.48;2.75;1;2015
4.6;1.22;1;2015
1.57;2.55;1;2015
2.6;1.54;1;2015
1.22;4.6;1;2015
1.42;3.0;1;2015
2.65;1.53;0;2015
1.29;3.8;1;2015
1.4;3.1;1;2015
2.2;1.71;1;2015
1.17;5.5;0;2015
1.5;2.7;1;2015
1.5;2.7;1;2015
1.65;2.35;1;2015
1.32;3.55;1;2015
1.45;2.8;0;2015
1.71;2.2;1;2015
1.74;2.15;0;2015
1.71;2.2;0;2015
1.5;2.7;0;2015
1.65;2.35;0;2015
2.3;1.67;0;2015
1.26;4.4;1;2015
1.74;2.15;1;2015
1.41;3.05;0;2015
1.1;7.5;1;2015
1.43;2.9;1;2015
1.25;4.25;1;2015
1.44;2.85;1;2015
1.69;2.25;1;2015
1.43;2.95;1;2015
2.2;1.71;1;2015
1.62;2.4;1;2015
2.3;1.71;0;2015
1.77;2.2;1;2015
2.65;1.53;1;2015
3.3;1.37;0;2015
1.39;3.15;1;2015
2.7;1.5;0;2015
1.32;3.85;1;2015
1.2;5.0;1;2015
1.38;3.25;1;2015
1.2;5.0;1;2015
2.15;1.74;1;2015
4.75;1.21;0;2015
2.2;1.71;1;2015
3.3;1.37;0;2015
3.05;1.41;0;2015
1.42;3.0;1;2015
2.6;1.54;1;2015
1.5;2.7;1;2015
7.5;1.1;0;2015
2.55;1.57;1;2015
2.0;1.83;1;2015
1.21;4.75;0;2015
1.95;1.87;0;2015
1.4;3.1;1;2015
2.2;1.77;0;2015
2.65;1.53;0;2015
2.45;1.61;1;2015
1.41;3.05;0;2015
2.5;1.59;1;2015
6.0;1.14;0;2015
1.67;2.3;1;2015
4.75;1.21;0;2015
1.74;2.15;0;2015
1.1;7.5;1;2015
2.15;1.74;0;2015
1.4;3.1;0;2015
1.61;2.45;0;2015
2.5;1.59;0;2015
1.59;2.5;1;2015
1.57;2.55;1;2015
1.69;2.25;1;2015
1.24;4.4;1;2015
1.53;2.65;1;2015
2.0;1.83;0;2015
1.87;1.95;0;2015
1.11;7.0;1;2015
1.67;2.3;0;2015
1.27;4.1;1;2015
1.67;2.3;1;2015
1.38;3.4;1;2015
1.62;2.4;1;2015
1.61;2.45;0;2015
1.53;2.65;0;2015
1.43;2.95;1;2015
2.0;1.83;0;2015
3.4;1.36;1;2015
1.22;4.65;0;2015
1.59;2.5;0;2015
1.2;5.0;1;2015
2.55;1.57;1;2015
1.43;2.95;1;2015
1.08;9.25;1;2015
2.2;1.71;1;2015
1.62;2.5;0;2015
5.15;1.19;0;2015
1.91;1.91;0;2015
3.15;1.39;1;2015
1.54;2.6;0;2015
2.45;1.61;1;2015
1.4;3.3;1;2015
1.69;2.25;0;2015
1.5;2.7;0;2015
1.74;2.25;1;2015
1.87;1.95;1;2015
2.15;1.74;0;2015
1.59;2.5;1;2015
1.48;2.75;1;2015
1.57;2.55;0;2015
2.5;1.59;1;2015
1.29;3.9;1;2015
3.25;1.38;0;2015
2.6;1.54;0;2015
3.35;1.36;1;2015
3.15;1.39;1;2015
1.77;2.1;0;2015
1.95;1.87;1;2015
3.3;1.37;0;2015
4.45;1.23;0;2015
1.59;2.5;1;2015
2.35;1.65;0;2015
1.83;2.0;0;2015
1.24;4.35;1;2015
1.14;6.0;1;2015
1.2;5.0;0;2015
1.13;6.25;1;2015
1.12;6.5;1;2015
1.48;2.75;1;2015
1.24;4.35;0;2015
3.65;1.31;0;2015
1.2;5.0;1;2015
1.2;5.0;1;2015
1.18;5.25;1;2015
1.12;6.5;1;2015
2.15;1.74;1;2015
2.05;1.8;0;2015
2.35;1.65;1;2015
4.2;1.26;0;2015
2.9;1.43;0;2015
1.87;1.95;0;2015
2.3;1.71;1;2015
1.71;2.2;1;2015
2.3;1.67;0;2015
1.37;3.3;0;2015
1.43;2.95;1;2015
1.74;2.15;0;2015
1.77;2.2;0;2015
1.53;2.65;0;2015
1.34;3.45;0;2015
1.91;1.91;1;2015
4.0;1.28;0;2015
1.45;2.8;1;2015
1.77;2.1;0;2015
3.1;1.4;1;2015
1.71;2.2;0;2015
1.43;2.9;0;2015
1.1;7.4;1;2015
1.59;2.5;1;2015
1.69;2.25;1;2015
1.91;1.91;1;2015
4.35;1.24;0;2015
1.38;3.2;1;2015
2.78;1.47;1;2015
1.24;4.35;1;2015
1.29;3.8;1;2015
1.48;2.75;1;2015
2.05;1.8;0;2015
1.36;3.35;1;2015
2.25;1.69;0;2015
1.06;11.5;1;2015
1.65;2.35;0;2015
2.0;1.83;0;2015
2.45;1.61;0;2015
1.95;1.87;1;2015
1.25;4.25;0;2015
3.85;1.29;0;2015
2.35;1.65;0;2015
1.71;2.2;1;2015
1.27;4.1;0;2015
1.45;2.8;0;2015
2.0;1.83;1;2015
2.9;1.43;1;2015
1.18;5.25;0;2015
2.5;1.59;0;2015
1.74;2.15;1;2015
1.18;5.25;1;2015
1.74;2.15;0;2015
1.74;2.15;0;2015
2.85;1.44;0;2015
2.35;1.65;0;2015
1.67;2.3;1;2015
1.22;4.65;1;2015
1.91;1.91;0;2015
1.24;4.35;1;2015
1.25;4.25;1;2015
1.41;3.05;1;2015
1.67;2.3;1;2015
2.0;1.83;1;2015
2.2;1.71;0;2015
1.38;3.2;0;2015
2.6;1.54;1;2015
1.95;1.87;1;2015
1.22;4.65;1;2015
2.4;1.62;1;2015
1.13;6.25;1;2015
1.12;6.5;1;2015
3.65;1.31;1;2015
1.5;2.7;1;2015
1.39;3.15;1;2015
1.59;2.5;1;2015
2.75;1.48;0;2015
2.35;1.65;0;2015
1.22;5.0;0;2015
1.62;2.4;0;2015
1.26;4.4;1;2015
2.5;1.62;0;2015
7.0;1.13;0;2015
1.27;4.3;1;2015
1.3;4.05;1;2015
1.83;2.1;0;2015
1.32;3.8;1;2015
1.15;6.4;0;2015
6.75;1.14;0;2015
1.8;2.15;0;2015
1.15;6.4;1;2015
5.25;1.18;0;2015
1.71;2.3;1;2015
1.4;3.3;1;2015
1.42;3.2;1;2015
1.38;3.4;0;2015
2.5;1.62;0;2015
1.14;6.7;1;2015
1.5;2.85;0;2015
2.05;1.87;1;2015
1.65;2.45;0;2015
1.74;2.25;0;2015
1.29;3.8;0;2015
1.26;4.4;0;2015
1.11;8.25;0;2015
2.85;1.5;1;2015
1.37;3.48;0;2015
1.24;4.65;0;2015
1.44;3.05;0;2015
3.25;1.41;1;2015
1.38;3.4;1;2015
2.55;1.61;1;2015
1.22;5.0;1;2015
1.12;7.45;1;2015
2.05;1.87;1;2015
2.45;1.65;0;2015
1.1;8.75;1;2015
2.55;1.61;1;2015
1.43;3.1;1;2015
2.1;1.83;1;2015
1.42;3.2;1;2015
1.54;2.7;1;2015
2.7;1.54;0;2015
1.33;3.7;1;2015
1.71;2.3;0;2015
2.65;1.57;1;2015
6.4;1.15;0;2015
1.45;3.0;0;2015
1.74;2.25;1;2015
2.45;1.65;0;2015
1.57;2.65;1;2015
1.34;3.6;0;2015
4.8;1.23;0;2015
1.53;2.75;0;2015
1.77;2.2;0;2015
2.4;1.67;0;2015
2.65;1.57;1;2015
1.57;2.55;0;2015
1.77;2.1;1;2015
1.1;9.5;1;2015
1.11;8.25;1;2015
4.8;1.23;1;2015
2.78;1.47;1;2015
1.1;8.75;1;2015
2.25;1.74;1;2015
1.1;9.0;1;2015
2.4;1.67;0;2015
2.6;1.59;1;2015
2.67;1.56;0;2015
6.05;1.17;0;2015
1.29;4.15;1;2015
1.61;2.55;1;2015
1.8;2.15;1;2015
3.15;1.43;0;2015
3.1;1.43;0;2015
1.52;2.77;1;2015
1.8;2.15;1;2015
1.77;2.2;1;2015
1.19;5.5;1;2015
1.39;3.35;0;2015
2.0;1.91;0;2015
1.54;2.7;1;2015
1.14;6.7;1;2015
1.5;2.85;1;2015
1.45;3.0;0;2015
1.12;7.75;1;2014
1.1;9.0;1;2014
2.35;1.69;0;2014
2.15;1.8;0;2014
1.25;4.25;1;2014
1.65;2.45;1;2014
1.22;5.0;1;2014
2.2;1.77;0;2014
3.1;1.43;0;2014
5.2;1.21;1;2014
2.6;1.59;0;2014
2.65;1.57;1;2014
1.25;4.55;1;2014
1.36;3.5;1;2014
1.5;2.85;1;2014
2.2;1.77;0;2014
1.36;3.4;0;2014
1.18;5.8;1;2014
3.3;1.4;0;2014
1.22;5.0;0;2014
1.48;2.9;0;2014
1.43;3.1;1;2014
1.44;2.85;1;2014
1.37;3.48;0;2014
1.91;1.91;1;2014
1.54;2.7;0;2014
3.3;1.4;0;2014
2.3;1.71;1;2014
1.29;3.85;1;2014
1.53;2.75;0;2014
1.15;6.35;1;2014
1.14;6.95;1;2014
1.45;3.0;1;2014
2.65;1.57;0;2014
1.45;3.0;0;2014
1.32;3.85;1;2014
1.22;5.0;1;2014
1.32;3.85;1;2014
1.31;3.95;1;2014
1.11;8.25;1;2014
1.71;2.3;0;2014
1.2;5.35;1;2014
2.75;1.53;1;2014
1.42;3.2;1;2014
2.15;1.8;0;2014
1.59;2.6;1;2014
2.4;1.67;0;2014
1.57;2.65;0;2014
1.24;4.75;0;2014
1.23;4.8;1;2014
1.57;2.65;1;2014
1.43;3.1;1;2014
1.24;4.75;0;2014
1.36;3.55;1;2014
1.38;3.45;0;2014
2.0;1.91;1;2014
4.75;1.24;0;2014
1.23;4.8;1;2014
2.45;1.65;0;2014
2.55;1.61;1;2014
1.39;3.35;1;2014
1.62;2.5;0;2014
1.43;3.1;1;2014
3.15;1.43;1;2014
1.34;3.65;1;2014
1.17;5.5;1;2014
1.74;2.25;1;2014
3.05;1.44;1;2014
1.62;2.5;0;2014
1.26;4.4;1;2014
2.95;1.47;1;2014
1.23;4.9;1;2014
2.1;1.77;1;2014
1.67;2.4;1;2014
1.36;3.55;1;2014
2.15;1.8;1;2014
1.27;4.28;1;2014
5.35;1.2;0;2014
1.19;5.5;1;2014
1.77;2.2;0;2014
2.7;1.54;1;2014
1.56;2.67;1;2014
1.21;5.2;1;2014
3.0;1.45;1;2014
1.67;2.4;0;2014
4.1;1.29;0;2014
1.95;1.95;0;2014
1.34;3.6;0;2014
6.4;1.15;0;2014
1.5;2.85;1;2014
1.48;2.9;0;2014
1.77;2.2;1;2014
1.45;3.0;1;2014
1.41;3.25;0;2014
2.85;1.5;0;2014
1.14;6.68;1;2014
2.95;1.47;0;2014
2.5;1.62;0;2014
1.25;4.6;1;2014
1.95;1.95;0;2014
1.23;4.8;1;2014
1.22;5.0;1;2014
1.31;3.9;1;2014
1.29;3.8;1;2014
1.23;4.8;1;2014
1.13;7.0;1;2014
1.91;2.0;1;2014
1.19;5.5;1;2014
1.62;2.5;0;2014
1.2;5.35;0;2014
1.23;4.9;1;2014
1.28;4.25;0;2014
5.8;1.18;0;2014
1.38;3.45;0;2014
1.1;7.5;0;2014
1.83;2.1;1;2014
1.49;2.88;1;2014
1.34;3.6;1;2014
1.71;2.3;1;2014
2.3;1.71;0;2014
1.67;2.4;1;2014
1.38;3.4;1;2014
1.07;12.5;1;2014
1.74;2.25;1;2014
3.4;1.38;0;2014
1.75;2.23;0;2014
1.47;2.95;1;2014
1.18;5.75;1;2014
1.31;3.9;1;2014
4.4;1.26;0;2014
1.42;3.2;0;2014
3.2;1.42;0;2014
2.45;1.65;1;2014
1.83;2.1;1;2014
1.17;6.05;1;2014
1.65;2.45;1;2014
1.32;3.8;1;2014
1.43;3.15;1;2014
1.15;6.4;1;2014
1.34;3.65;0;2014
1.69;2.35;1;2014
1.15;6.4;1;2014
1.67;2.4;0;2014
1.77;2.2;0;2014
1.74;2.25;1;2014
1.23;4.8;0;2014
1.43;3.15;1;2014
1.48;2.9;1;2014
1.95;1.95;1;2014
1.32;3.85;1;2014
1.91;2.0;1;2014
1.77;2.2;1;2014
1.77;2.2;0;2014
1.54;2.7;1;2014
3.15;1.43;0;2014
2.15;1.8;1;2014
1.54;2.7;1;2014
1.3;4.0;0;2014
2.16;1.79;1;2014
2.9;1.48;1;2014
3.3;1.4;1;2014
1.17;6.0;1;2014
1.54;2.7;1;2014
1.2;5.35;1;2014
2.7;1.54;0;2014
1.09;10.0;1;2014
1.38;3.45;1;2014
1.69;2.35;1;2014
2.7;1.54;0;2014
1.87;2.05;1;2014
2.45;1.61;0;2014
3.05;1.44;0;2014
1.65;2.35;1;2014
1.2;5.4;0;2014
3.45;1.38;0;2014
1.48;2.9;0;2014
1.11;7.25;1;2014
1.8;2.15;1;2014
2.45;1.65;1;2014
2.35;1.69;1;2014
2.3;1.71;1;2014
2.45;1.65;0;2014
1.26;4.45;1;2014
1.3;4.05;1;2014
1.43;3.15;1;2014
1.48;2.9;1;2014
2.4;1.67;1;2014
3.05;1.44;1;2014
2.75;1.53;1;2014
1.44;3.05;1;2014
2.3;1.71;0;2014
4.8;1.23;0;2014
3.0;1.45;0;2014
2.3;1.67;0;2014
1.54;2.7;1;2014
2.5;1.62;0;2014
3.85;1.32;1;2014
1.65;2.45;0;2014
1.5;2.85;1;2014
1.74;2.25;1;2014
3.9;1.31;1;2014
1.18;5.8;1;2014
1.8;2.15;1;2014
2.1;1.83;0;2014
1.31;3.95;1;2014
1.15;6.4;1;2014
2.55;1.57;0;2014
1.26;4.4;0;2014
3.15;1.43;0;2014
3.05;1.44;0;2014
2.67;1.56;0;2014
3.75;1.33;0;2014
2.35;1.69;0;2014
3.85;1.32;0;2014
1.48;2.9;0;2014
1.14;6.6;1;2014
1.12;7.6;1;2014
2.49;1.63;0;2014
1.22;5.1;1;2014
1.34;3.65;1;2014
1.65;2.45;1;2014
1.77;2.2;1;2014
1.65;2.45;0;2014
2.15;1.8;0;2014
3.25;1.41;1;2014
1.42;3.2;1;2014
1.31;3.6;1;2014
1.33;3.7;1;2014
1.74;2.25;0;2014
1.29;4.15;1;2014
2.55;1.57;1;2014
1.61;2.55;1;2014
2.2;1.77;0;2014
3.3;1.4;0;2014
2.7;1.54;1;2014
1.18;5.75;1;2014
1.27;4.3;1;2014
1.38;3.45;1;2014
1.67;2.4;0;2014
1.54;2.7;1;2014
1.34;3.6;0;2014
3.0;1.45;0;2014
2.15;1.8;0;2014
1.24;4.75;1;2014
3.1;1.43;1;2014
3.1;1.43;1;2014
1.54;2.7;1;2014
1.11;8.0;1;2014
1.32;3.55;1;2014
1.87;2.05;0;2014
1.14;6.7;1;2014
2.15;1.8;1;2014
1.42;3.2;0;2014
1.54;2.7;0;2014
2.6;1.59;1;2014
1.44;3.05;1;2014
1.36;3.5;1;2014
1.37;3.48;1;2014
1.37;3.48;1;2014
2.4;1.67;1;2014
1.56;2.66;1;2014
2.7;1.54;0;2014
1.54;2.7;0;2014
2.7;1.5;1;2014
1.22;5.1;1;2014
1.71;2.3;1;2014
1.5;2.7;0;2014
2.55;1.61;0;2014
2.85;1.5;0;2014
1.4;3.3;1;2014
1.61;2.55;1;2014
1.8;2.15;1;2014
1.95;1.95;0;2014
1.34;3.6;1;2014
1.83;2.1;1;2014
1.38;3.45;1;2014
1.14;6.6;1;2014
1.87;2.05;1;2014
1.61;2.55;1;2014
2.4;1.67;1;2014
1.61;2.55;1;2014
1.22;5.0;0;2014
2.25;1.74;1;2014
3.0;1.45;1;2014
1.54;2.7;0;2014
2.4;1.67;0;2014
1.95;1.95;1;2014
1.44;3.05;1;2014
2.2;1.77;1;2014
1.18;5.8;1;2014
1.36;3.55;1;2014
2.45;1.65;0;2014
1.83;2.1;0;2014
6.4;1.15;0;2014
1.95;1.95;0;2014
1.41;3.25;1;2014
1.67;2.4;1;2014
1.32;3.8;1;2014
1.15;6.35;1;2014
2.85;1.5;0;2014
2.85;1.5;0;2014
1.22;5.05;1;2014
1.31;3.9;0;2014
3.9;1.31;0;2014
1.2;5.35;1;2014
1.57;2.65;0;2014
1.31;3.95;1;2014
1.31;3.9;1;2014
1.67;2.4;1;2014
1.34;3.65;1;2014
3.35;1.39;0;2014
1.61;2.55;0;2014
1.65;2.45;0;2014
1.41;3.25;0;2014
1.71;2.3;1;2014
1.95;1.95;1;2014
4.05;1.3;0;2014
2.4;1.67;1;2014
3.05;1.44;0;2014
2.6;1.59;0;2014
1.11;8.1;0;2014
1.13;6.25;1;2014
1.59;2.6;1;2014
1.69;2.35;1;2014
1.47;2.95;0;2014
1.67;2.4;1;2014
1.32;3.85;1;2014
1.28;4.2;1;2014
1.23;4.8;0;2014
1.38;3.4;0;2014
1.71;2.3;1;2014
1.8;2.15;0;2014
3.1;1.43;1;2014
2.6;1.59;1;2014
1.34;3.65;0;2014
3.75;1.33;1;2014
1.32;3.8;1;2014
2.35;1.69;1;2014
2.35;1.65;1;2014
1.48;2.9;1;2014
1.18;5.75;0;2014
1.11;8.35;0;2014
5.6;1.19;0;2014
1.34;3.6;1;2014
3.45;1.38;0;2014
1.23;4.9;1;2014
1.42;3.2;0;2014
1.1;9.0;1;2014
1.54;2.7;1;2014
2.25;1.74;1;2014
1.22;5.0;1;2014
1.65;2.45;1;2014
1.74;2.25;0;2014
1.28;4.2;1;2014
1.91;2.0;1;2014
3.0;1.45;1;2014
1.54;2.7;1;2014
2.6;1.59;1;2014
1.69;2.35;0;2014
3.75;1.33;0;2014
1.21;5.23;1;2014
1.38;3.45;1;2014
1.87;2.05;0;2014
1.34;3.65;1;2014
1.24;4.75;1;2014
1.65;2.45;1;2014
1.71;2.3;1;2014
1.34;3.6;1;2014
1.5;2.85;0;2014
2.85;1.5;1;2014
2.75;1.53;0;2014
2.45;1.65;1;2014
1.1;9.5;1;2014
1.95;1.95;0;2014
1.38;3.45;1;2014
1.15;6.4;1;2014
1.65;2.45;1;2014
1.15;6.4;1;2014
1.43;3.15;1;2014
1.43;3.1;1;2014
1.32;3.85;1;2014
2.5;1.62;0;2014
1.71;2.3;1;2014
4.65;1.24;0;2014
3.35;1.39;1;2014
1.36;3.55;1;2014
1.18;5.65;1;2014
3.1;1.43;0;2014
1.61;2.55;0;2014
1.26;4.4;0;2014
3.6;1.34;1;2014
3.85;1.32;1;2014
1.54;2.7;1;2014
1.12;7.6;0;2014
2.7;1.54;1;2014
1.74;2.25;0;2014
1.74;2.25;0;2014
3.85;1.32;1;2014
1.27;4.28;1;2014
1.5;2.85;0;2014
2.6;1.59;0;2014
2.6;1.59;0;2014
1.2;5.35;1;2014
1.59;2.6;1;2014
3.3;1.4;0;2014
1.38;3.4;1;2014
3.9;1.31;0;2014
1.65;2.45;0;2014
6.5;1.15;0;2014
2.45;1.65;0;2014
1.48;2.9;0;2014
1.19;5.5;1;2014
1.67;2.4;1;2014
1.1;9.0;1;2014
1.36;3.55;1;2014
2.25;1.74;0;2014
1.23;4.45;1;2014
1.44;3.05;0;2014
1.38;3.25;1;2014
1.34;3.6;1;2014
1.34;3.65;0;2014
1.87;2.05;1;2014
1.21;5.2;1;2014
2.85;1.5;0;2014
1.62;2.5;0;2014
2.25;1.74;0;2014
1.23;4.9;0;2014
1.28;4.25;1;2014
1.13;7.0;1;2014
1.34;3.6;1;2014
1.61;2.55;1;2014
2.2;1.77;0;2014
1.67;2.4;1;2014
1.37;3.48;1;2014
3.8;1.29;0;2014
1.43;3.1;1;2014
5.23;1.21;0;2014
3.75;1.33;1;2014
1.48;2.9;1;2014
1.2;5.35;1;2014
1.09;10.0;1;2014
1.74;2.25;0;2014
1.14;6.9;1;2014
3.3;1.4;0;2014
2.5;1.62;1;2014
1.65;2.45;1;2014
1.47;2.95;1;2014
2.0;1.91;1;2014
2.95;1.47;1;2014
1.95;1.95;0;2014
1.3;4.05;1;2014
1.13;7.0;1;2014
4.75;1.24;0;2014
2.35;1.69;0;2014
1.87;2.05;0;2014
1.8;2.15;0;2014
1.59;2.6;1;2014
2.15;1.8;1;2014
1.67;2.4;1;2014
1.5;2.85;1;2014
2.3;1.71;0;2014
2.35;1.69;1;2014
1.32;3.8;1;2014
1.34;3.6;1;2014
1.59;2.6;1;2014
2.05;1.87;0;2014
2.77;1.52;1;2014
1.2;5.0;1;2014
3.9;1.31;0;2014
1.42;3.2;1;2014
3.55;1.36;1;2014
1.25;4.55;0;2014
1.25;4.6;1;2014
1.38;3.4;0;2014
1.3;3.7;1;2014
1.48;2.9;1;2014
1.48;2.9;1;2014
1.83;2.1;1;2014
1.65;2.45;1;2014
2.65;1.57;0;2014
1.77;2.2;1;2014
1.37;3.48;0;2014
1.67;2.4;1;2014
1.5;2.85;0;2014
1.42;3.0;1;2014
1.98;1.93;1;2014
2.4;1.62;1;2014
1.31;3.95;1;2014
1.38;3.45;1;2014
1.61;2.55;1;2014
2.75;1.53;1;2014
1.29;4.18;1;2014
1.28;4.25;1;2014
1.83;2.1;0;2014
2.65;1.57;1;2013
1.15;6.55;1;2013
1.74;2.25;0;2013
1.24;4.75;1;2013
1.42;3.2;1;2013
3.95;1.31;0;2013
1.69;2.35;0;2013
2.35;1.69;1;2013
2.2;1.77;1;2013
1.61;2.55;1;2013
1.74;2.25;1;2013
1.67;2.3;1;2013
1.11;7.0;1;2013
1.57;2.65;1;2013
2.1;1.83;0;2013
3.55;1.36;0;2013
2.4;1.67;1;2013
1.45;3.0;0;2013
1.38;3.45;1;2013
2.3;1.71;1;2013
3.1;1.43;0;2013
2.25;1.74;1;2013
1.19;5.5;1;2013
1.59;2.6;0;2013
1.71;2.3;0;2013
1.59;2.6;0;2013
1.31;3.95;1;2013
1.53;2.65;0;2013
4.1;1.29;0;2013
1.43;3.15;0;2013
6.4;1.15;0;2013
1.83;2.1;0;2013
1.34;3.6;1;2013
1.5;2.85;1;2013
1.41;3.25;1;2013
5.0;1.22;0;2013
2.77;1.52;1;2013
1.95;1.95;0;2013
1.41;3.25;1;2013
1.43;3.1;1;2013
1.87;2.05;1;2013
1.52;2.77;1;2013
1.42;3.2;1;2013
1.24;4.65;0;2013
2.0;1.91;0;2013
1.62;2.5;0;2013
1.8;2.15;1;2013
2.65;1.57;0;2013
2.9;1.48;0;2013
1.24;4.78;1;2013
1.31;3.9;1;2013
4.55;1.25;0;2013
4.1;1.29;0;2013
1.45;3.0;1;2013
1.61;2.55;1;2013
1.31;3.9;1;2013
4.25;1.28;0;2013
2.05;1.87;0;2013
1.54;2.7;0;2013
1.83;2.1;0;2013
2.4;1.67;0;2013
1.41;3.25;1;2013
2.3;1.71;1;2013
1.87;2.05;0;2013
1.26;4.4;1;2013
1.53;2.65;0;2013
2.45;1.65;0;2013
2.25;1.74;0;2013
2.1;1.83;0;2013
2.05;1.87;1;2013
2.25;1.74;0;2013
1.53;2.75;1;2013
2.15;1.8;1;2013
4.75;1.24;0;2013
1.69;2.35;0;2013
1.59;2.6;1;2013
1.26;4.4;1;2013
1.67;2.4;1;2013
1.57;2.65;1;2013
1.57;2.65;0;2013
4.75;1.24;0;2013
1.62;2.5;1;2013
2.85;1.5;1;2013
2.1;1.83;0;2013
2.85;1.5;0;2013
1.23;4.9;1;2013
3.95;1.31;1;2013
1.5;2.85;1;2013
1.2;5.35;1;2013
1.18;5.65;1;2013
2.35;1.65;1;2013
1.25;4.55;1;2013
1.69;2.35;1;2013
2.7;1.54;0;2013
2.35;1.69;0;2013
2.75;1.53;0;2013
1.24;4.75;1;2013
2.85;1.5;0;2013
2.35;1.69;0;2013
1.28;3.95;0;2013
1.59;2.6;0;2013
1.26;4.4;1;2013
1.65;2.45;1;2013
3.1;1.43;1;2013
3.1;1.43;1;2013
1.29;4.15;0;2013
1.32;3.8;1;2013
1.29;4.15;0;2013
1.39;3.15;1;2013
1.12;7.6;1;2013
1.13;7.0;1;2013
2.45;1.65;1;2013
1.69;2.35;0;2013
3.45;1.38;0;2013
4.75;1.24;0;2013
1.8;2.15;0;2013
4.8;1.23;0;2013
2.5;1.62;1;2013
1.67;2.4;1;2013
2.05;1.87;1;2013
2.3;1.71;0;2013
3.3;1.4;0;2013
1.3;4.0;1;2013
3.1;1.43;0;2013
1.14;6.8;1;2013
1.32;3.8;0;2013
1.4;3.3;1;2013
4.15;1.29;0;2013
1.36;3.5;0;2013
1.91;2.0;1;2013
2.0;1.91;0;2013
3.55;1.36;0;2013
1.45;3.0;0;2013
2.0;1.91;0;2013
2.67;1.56;0;2013
1.2;5.35;1;2013
1.65;2.45;1;2013
1.5;2.85;0;2013
1.95;1.95;0;2013
3.1;1.43;0;2013
1.39;3.35;0;2013
3.1;1.43;1;2013
2.2;1.77;1;2013
2.85;1.5;0;2013
2.2;1.77;0;2013
1.36;3.55;1;2013
2.05;1.87;0;2013
1.32;3.8;1;2013
2.7;1.54;1;2013
2.6;1.59;1;2013
1.19;5.5;1;2013
1.32;3.85;1;2013
3.48;1.37;0;2013
2.45;1.61;1;2013
1.77;2.2;0;2013
1.8;2.15;1;2013
1.62;2.5;0;2013
1.67;2.4;0;2013
1.47;2.95;1;2013
1.8;2.15;1;2013
1.21;5.2;0;2013
1.41;3.25;0;2013
3.9;1.31;0;2013
1.41;3.25;1;2013
1.48;2.9;0;2013
1.56;2.67;1;2013
1.71;2.3;1;2013
4.5;1.23;0;2013
1.53;2.75;0;2013
1.11;7.85;1;2013
1.31;3.95;0;2013
1.22;5.1;1;2013
1.62;2.5;1;2013
1.25;4.55;1;2013
1.2;5.35;0;2013
1.51;2.8;1;2013
1.62;2.51;1;2013
1.22;5.05;1;2013
1.1;9.0;1;2013
1.83;2.1;0;2013
1.52;2.77;1;2013
1.24;4.75;1;2013
1.43;3.1;1;2013
1.29;4.15;1;2013
1.2;5.35;1;2013
3.55;1.36;0;2013
1.38;3.45;1;2013
2.45;1.65;0;2013
2.65;1.53;0;2013
1.57;2.65;1;2013
2.7;1.54;0;2013
3.2;1.42;0;2013
1.45;3.0;0;2013
1.43;3.1;0;2013
1.16;5.7;1;2013
1.65;2.45;1;2013
2.0;1.91;1;2013
1.56;2.67;1;2013
2.4;1.67;0;2013
1.76;2.21;1;2013
1.65;2.35;1;2013
1.17;6.0;1;2013
1.36;3.5;0;2013
1.15;6.4;1;2013
1.53;2.75;1;2013
1.36;3.5;0;2013
1.32;3.8;1;2013
1.2;5.35;1;2013
2.05;1.87;0;2013
2.9;1.48;1;2013
1.34;3.6;0;2013
2.3;1.71;1;2013
1.74;2.26;1;2013
3.3;1.4;1;2013
1.29;4.1;1;2013
3.45;1.38;0;2013
2.4;1.67;0;2013
2.9;1.48;1;2013
1.24;4.65;1;2013
1.23;4.9;1;2013
1.3;4.0;1;2013
1.23;4.8;1;2013
3.0;1.45;0;2013
1.59;2.6;1;2013
1.65;2.45;1;2013
2.15;1.8;1;2013
1.42;3.2;1;2013
1.14;6.7;1;2013
1.21;5.2;1;2013
1.24;4.75;1;2013
1.74;2.25;0;2013
1.37;3.48;1;2013
2.5;1.62;1;2013
1.34;3.65;1;2013
1.71;2.3;0;2013
1.33;3.75;1;2013
1.59;2.6;1;2013
1.34;3.65;0;2013
1.59;2.6;1;2013
1.95;1.95;1;2013
1.17;6.0;1;2013
1.48;2.9;1;2013
1.33;3.7;1;2013
1.92;1.99;0;2013
1.31;3.9;1;2013
1.39;3.35;1;2013
1.53;2.75;1;2013
1.19;5.5;1;2013
1.38;3.45;1;2013
2.05;1.87;1;2013
1.61;2.55;1;2013
1.32;3.85;1;2013
1.11;7.85;1;2013
1.57;2.65;1;2013
1.43;3.15;1;2013
1.36;3.55;1;2013
1.54;2.7;1;2013
2.35;1.69;0;2013
1.18;5.8;1;2013
2.0;1.91;1;2013
1.49;2.88;0;2013
1.87;2.05;1;2013
1.32;3.8;1;2013
4.35;1.27;0;2013
1.69;2.35;0;2013
3.9;1.31;1;2013
1.16;6.1;1;2013
1.91;2.0;1;2013
2.9;1.48;0;2013
1.18;5.8;1;2013
2.0;1.83;0;2013
1.31;3.9;1;2013
1.57;2.65;1;2013
2.65;1.57;0;2013
1.23;4.9;1;2013
1.35;3.58;0;2013
2.05;1.87;0;2013
1.41;3.25;1;2013
1.48;2.9;1;2013
1.22;5.05;1;2013
1.87;2.05;1;2013
1.77;2.2;1;2013
2.3;1.71;0;2013
2.4;1.67;1;2013
2.8;1.51;0;2013
2.0;1.91;0;2013
1.14;6.75;1;2013
4.1;1.29;0;2013
1.4;3.3;1;2013
1.69;2.35;1;2013
1.45;3.0;1;2013
5.2;1.21;1;2013
3.6;1.34;1;2013
1.42;3.2;1;2013
2.75;1.53;0;2013
2.4;1.67;0;2013
3.4;1.38;0;2013
2.25;1.74;0;2013
1.83;2.1;1;2013
1.18;5.65;1;2013
1.87;2.05;0;2013
1.74;2.25;1;2013
1.69;2.35;0;2013
1.22;5.0;1;2013
1.53;2.75;1;2013
3.1;1.43;0;2013
3.5;1.33;0;2013
1.77;2.2;1;2013
1.27;4.3;1;2013
1.15;6.4;1;2013
2.1;1.83;1;2013
3.7;1.33;1;2013
1.49;2.88;0;2013
3.11;1.43;0;2013
2.85;1.5;1;2013
1.67;2.4;0;2013
1.59;2.6;1;2013
2.1;1.83;0;2013
1.47;2.95;1;2013
2.05;1.87;0;2013
3.48;1.37;0;2013
1.11;8.0;1;2013
1.52;2.77;1;2013
1.29;4.18;1;2013
1.27;4.3;1;2013
1.32;3.8;0;2013
1.95;1.95;1;2013
1.53;2.75;1;2013
1.24;4.65;1;2013
2.5;1.62;1;2013
2.35;1.69;1;2013
2.35;1.69;0;2013
2.45;1.65;1;2013
1.34;3.65;1;2013
2.0;1.91;1;2013
1.5;2.85;1;2013
1.3;4.0;1;2013
1.43;2.9;1;2013
1.28;4.2;0;2013
1.93;1.97;0;2013
2.45;1.65;1;2013
1.91;2.0;1;2013
1.79;2.17;1;2013
2.85;1.5;1;2013
1.57;2.65;1;2013
1.19;5.5;0;2013
1.23;4.9;0;2013
1.58;2.61;0;2013
1.48;2.9;1;2013
2.25;1.74;0;2013
1.62;2.5;1;2013
1.23;4.8;0;2013
1.47;2.95;0;2013
1.74;2.25;0;2013
3.75;1.33;0;2013
1.41;3.05;1;2013
3.15;1.43;0;2013
1.67;2.4;1;2013
1.44;3.05;0;2013
1.54;2.7;1;2013
1.48;2.9;1;2013
3.5;1.36;0;2013
1.19;5.5;1;2013
1.77;2.2;0;2013
1.43;3.15;1;2013
1.43;3.1;0;2013
1.83;2.11;1;2013
1.71;2.3;0;2013
1.87;2.05;1;2013
2.75;1.53;0;2013
2.55;1.61;1;2013
1.32;3.85;1;2013
1.74;2.25;0;2013
1.31;3.9;1;2013
1.47;2.95;0;2013
1.23;4.9;1;2013
1.53;2.75;0;2012
1.54;2.7;1;2012
1.69;2.35;0;2012
2.05;1.87;1;2012
1.69;2.34;0;2012
2.45;1.65;0;2012
1.21;5.2;1;2012
1.71;2.3;0;2012
1.39;3.35;0;2012
4.15;1.29;0;2012
4.8;1.23;0;2012
2.3;1.71;0;2012
1.54;2.7;1;2012
3.7;1.33;1;2012
3.2;1.42;1;2012
1.37;3.48;1;2012
1.77;2.2;1;2012
1.38;3.45;1;2012
3.6;1.34;0;2012
1.95;1.95;1;2012
1.8;2.15;0;2012
2.0;1.91;1;2012
2.75;1.53;0;2012
2.9;1.48;0;2012
1.43;3.15;1;2012
2.16;1.79;0;2012
1.44;3.05;1;2012
1.06;14.0;1;2012
1.25;4.55;1;2012
1.43;3.15;1;2012
3.1;1.43;0;2012
1.71;2.3;0;2012
1.44;2.85;1;2012
3.4;1.36;0;2012
3.75;1.3;0;2012
1.71;2.2;0;2012
3.0;1.42;1;2012
3.5;1.33;1;2012
1.43;2.9;1;2012
1.59;2.5;1;2012
1.71;2.2;0;2012
1.34;3.45;1;2012
1.36;3.4;1;2012
1.33;3.7;1;2012
1.6;2.57;1;2012
1.41;3.25;1;2012
2.9;1.48;0;2012
1.36;3.55;0;2012
1.48;2.9;1;2012
1.8;2.15;1;2012
1.5;2.85;0;2012
1.49;2.88;1;2012
1.45;3.0;1;2012
1.47;2.95;1;2012
2.0;1.91;0;2012
1.22;5.0;0;2012
1.31;3.9;1;2012
2.7;1.54;1;2012
3.85;1.32;0;2012
1.23;4.9;1;2012
1.45;3.0;1;2012
2.95;1.47;0;2012
1.38;3.4;1;2012
1.1;9.0;1;2012
1.48;2.9;1;2012
1.21;5.2;1;2012
2.77;1.52;1;2012
1.28;4.2;1;2012
1.87;2.05;1;2012
1.48;2.9;1;2012
1.77;2.2;1;2012
1.4;3.3;1;2012
1.48;2.9;1;2012
1.69;2.35;0;2012
2.35;1.69;1;2012
1.54;2.7;0;2012
1.32;3.8;1;2012
1.39;3.35;1;2012
1.36;3.55;0;2012
1.54;2.7;1;2012
2.35;1.69;0;2012
1.65;2.45;1;2012
1.59;2.6;1;2012
2.77;1.52;0;2012
1.33;3.7;1;2012
2.55;1.61;1;2012
1.43;3.1;1;2012
1.64;2.46;1;2012
1.91;2.1;0;2012
1.39;3.35;1;2012
1.43;3.1;1;2012
3.25;1.41;0;2012
1.65;2.45;0;2012
2.5;1.62;0;2012
4.1;1.29;0;2012
1.87;2.05;0;2012
1.12;7.6;1;2012
1.41;3.25;0;2012
1.5;2.85;1;2012
1.29;4.1;1;2012
3.15;1.43;1;2012
1.65;2.45;0;2012
2.15;1.8;1;2012
3.0;1.45;1;2012
1.25;4.55;0;2012
1.87;2.05;1;2012
2.64;1.57;1;2012
2.95;1.47;1;2012
1.54;2.7;1;2012
1.3;4.05;1;2012
1.15;6.4;1;2012
2.5;1.62;0;2012
1.32;3.85;1;2012
2.45;1.65;0;2012
2.55;1.61;0;2012
1.65;2.45;0;2012
1.2;5.35;1;2012
1.25;4.55;1;2012
1.36;3.5;1;2012
1.87;2.05;1;2012
1.45;3.0;1;2012
1.71;2.3;0;2012
1.5;2.85;0;2012
1.48;2.9;1;2012
1.53;2.75;1;2012
2.1;1.83;1;2012
2.5;1.62;0;2012
1.32;3.8;0;2012
1.8;2.15;1;2012
1.31;3.95;0;2012
1.8;2.15;0;2012
3.1;1.43;0;2012
1.45;3.0;1;2012
3.35;1.39;1;2012
2.55;1.61;0;2012
2.3;1.71;0;2012
1.26;4.4;1;2012
1.3;4.0;1;2012
2.9;1.48;0;2012
1.24;4.7;1;2012
1.53;2.75;1;2012
2.1;1.83;0;2012
1.28;3.95;1;2012
2.3;1.71;0;2012
1.25;4.5;1;2012
1.53;2.75;1;2012
1.36;3.55;1;2012
1.33;3.7;1;2012
2.85;1.5;1;2012
1.7;2.33;0;2012
1.14;6.7;1;2012
1.87;2.05;0;2012
1.34;3.6;1;2012
1.65;2.43;0;2012
1.53;2.75;1;2012
2.4;1.67;0;2012
2.7;1.54;1;2012
2.25;1.74;0;2012
1.32;3.58;1;2012
3.4;1.38;0;2012
1.21;5.2;1;2012
1.56;2.67;0;2012
2.85;1.5;0;2012
1.83;2.1;0;2012
2.85;1.5;0;2012
1.87;2.05;1;2012
1.38;3.4;1;2012
1.45;3.0;1;2012
1.28;4.2;1;2012
1.43;2.9;1;2012
1.47;2.95;0;2012
1.61;2.55;0;2012
1.67;2.4;1;2012
1.27;4.3;1;2012
2.1;1.83;1;2012
1.48;2.9;0;2012
1.65;2.45;1;2012
1.3;4.0;1;2012
2.4;1.67;1;2012
1.91;2.0;1;2012
1.54;2.7;1;2012
1.53;2.75;1;2012
2.5;1.62;1;2012
1.43;2.9;1;2012
1.95;1.95;1;2012
1.8;2.15;0;2012
2.5;1.62;1;2012
1.77;2.2;1;2012
1.77;2.2;1;2012
1.43;3.1;1;2012
1.65;2.45;0;2012
1.56;2.67;0;2012
3.4;1.38;1;2012
2.85;1.5;0;2012
1.71;2.3;1;2012
1.29;4.15;1;2012
1.57;2.64;1;2012
1.32;3.8;1;2012
2.77;1.52;0;2012
1.36;3.55;1;2012
1.54;2.7;0;2012
1.21;5.2;1;2012
1.25;4.55;1;2012
1.62;2.52;1;2012
1.59;2.5;1;2012
1.77;2.2;1;2012
1.38;3.4;0;2012
1.19;5.6;0;2012
1.65;2.45;0;2012
1.77;2.2;1;2012
1.53;2.75;0;2012
3.15;1.43;0;2012
1.85;2.08;1;2012
3.9;1.29;1;2012
1.95;1.95;1;2012
1.45;3.0;1;2012
1.33;3.75;1;2012
2.3;1.71;1;2012
3.0;1.45;0;2012
1.62;2.5;1;2012
2.7;1.54;1;2012
1.23;4.8;1;2012
1.27;4.28;1;2012
2.1;1.83;0;2012
3.15;1.43;0;2012
2.5;1.62;1;2012
2.23;1.75;0;2012
1.48;2.9;0;2012
1.67;2.4;0;2012
1.32;3.85;0;2012
1.2;5.4;1;2012
1.54;2.7;1;2012
3.45;1.38;1;2012
2.4;1.67;1;2012
1.91;2.0;1;2012
3.4;1.36;1;2012
1.77;2.1;0;2012
1.2;5.4;1;2012
1.15;6.4;1;2012
1.47;2.95;0;2012
1.95;1.95;0;2012
1.21;5.23;0;2012
1.34;3.6;1;2012
1.33;3.7;1;2012
3.0;1.45;1;2012
3.0;1.45;0;2012
1.74;2.25;1;2012
2.35;1.69;0;2012
3.15;1.43;1;2012
1.38;3.4;1;2012
1.26;4.4;1;2012
1.67;2.4;0;2012
2.7;1.54;1;2012
2.7;1.54;0;2012
1.36;3.55;1;2012
1.54;2.7;0;2012
2.77;1.52;1;2012
1.34;3.6;1;2012
1.4;3.3;1;2012
1.31;3.95;1;2012
1.59;2.6;1;2012
1.69;2.35;0;2012
1.11;7.8;1;2012
1.8;2.15;0;2012
1.29;4.15;1;2012
2.35;1.69;1;2012
1.22;5.1;0;2012
1.39;3.35;0;2012
1.71;2.2;1;2012
1.69;2.35;0;2012
3.0;1.45;0;2012
1.77;2.2;0;2012
1.69;2.35;0;2012
3.55;1.36;1;2012
4.15;1.29;0;2012
1.24;4.65;0;2012
1.54;2.7;1;2012
1.35;3.58;1;2012
1.4;3.3;1;2012
1.34;3.6;0;2012
1.32;3.8;1;2012
1.34;3.6;0;2012
1.51;2.81;0;2012
4.2;1.28;0;2012
2.01;1.9;1;2012
2.3;1.71;0;2012
1.19;5.1;1;2012
1.39;3.35;1;2012
1.42;3.2;1;2012
1.61;2.55;1;2012
2.3;1.71;0;2012
2.15;1.8;1;2012
1.53;2.75;0;2012
2.4;1.67;0;2012
1.37;3.48;1;2012
1.47;2.95;1;2012
1.45;3.0;1;2012
1.19;5.45;1;2012
2.15;1.8;0;2012
1.3;4.05;1;2012
1.27;4.28;1;2012
1.66;2.42;1;2012
3.9;1.31;0;2012
1.52;2.76;1;2012
1.26;4.4;1;2012
2.42;1.66;0;2012
1.28;4.2;1;2012
1.95;1.95;1;2012
2.1;1.77;1;2012
1.18;5.75;1;2012
3.25;1.41;1;2012
1.59;2.6;0;2012
1.69;2.35;1;2012
2.4;1.67;0;2012
2.55;1.61;0;2012
1.23;4.8;1;2012
1.5;2.85;1;2012
2.35;1.69;1;2012
2.0;1.91;0;2012
1.28;4.25;1;2012
1.32;3.8;1;2012
1.71;2.3;1;2012
3.5;1.36;0;2012
1.43;3.1;1;2012
1.8;2.15;1;2012
1.2;5.35;1;2012
1.19;5.55;0;2012
1.33;3.75;1;2012
1.8;2.15;1;2012
1.71;2.3;1;2012
1.52;2.77;1;2012
5.55;1.19;0;2012
2.55;1.61;1;2012
2.3;1.71;0;2011
3.55;1.36;1;2011
1.44;3.05;0;2011
4.0;1.3;0;2011
1.61;2.55;0;2011
1.31;3.95;1;2011
2.7;1.54;0;2011
1.29;4.15;1;2011
1.38;3.45;1;2011
2.95;1.47;0;2011
1.21;5.2;1;2011
1.48;2.9;1;2011
3.45;1.38;0;2011
1.91;2.0;0;2011
1.18;5.75;0;2011
1.39;3.35;0;2011
1.57;2.66;0;2011
1.66;2.42;0;2011
2.45;1.65;0;2011
1.7;2.32;1;2011
1.43;3.1;0;2011
4.15;1.29;0;2011
1.52;2.77;1;2011
1.31;3.9;1;2011
1.47;2.95;0;2011
1.29;4.18;1;2011
3.05;1.44;0;2011
2.04;1.88;1;2011
1.44;3.05;0;2011
1.95;1.87;1;2011
1.62;2.5;1;2011
1.25;4.6;1;2011
1.65;2.43;0;2011
2.8;1.45;1;2011
1.57;2.64;1;2011
1.91;2.0;0;2011
2.38;1.68;1;2011
1.26;4.45;1;2011
1.24;4.65;1;2011
4.0;1.3;0;2011
1.65;2.45;1;2011
1.24;4.65;1;2011
1.74;2.25;0;2011
1.27;4.35;1;2011
1.8;2.15;0;2011
3.45;1.38;0;2011
1.44;3.05;1;2011
2.65;1.57;0;2011
1.38;3.4;1;2011
1.26;4.48;0;2011
3.48;1.37;1;2011
1.33;3.7;1;2011
1.83;2.1;1;2011
3.05;1.44;0;2011
2.15;1.8;0;2011
1.3;4.05;1;2011
1.28;4.2;0;2011
1.15;6.4;1;2011
2.2;1.77;1;2011
2.45;1.65;0;2011
1.48;2.9;1;2011
3.35;1.39;0;2011
1.49;2.88;1;2011
2.05;1.87;0;2011
2.18;1.78;1;2011
2.9;1.48;0;2011
1.24;4.65;1;2011
1.32;3.85;1;2011
3.15;1.43;0;2011
1.34;3.65;0;2011
1.26;4.4;1;2011
1.51;2.8;1;2011
1.87;2.05;0;2011
1.83;2.1;0;2011
1.8;2.15;1;2011
1.28;4.2;1;2011
1.38;3.4;1;2011
3.15;1.43;0;2011
1.2;5.35;0;2011
1.34;3.6;1;2011
1.36;3.55;1;2011
3.55;1.36;0;2011
1.74;2.25;0;2011
1.25;4.55;1;2011
1.65;2.45;0;2011
1.18;5.25;1;2011
1.61;2.55;0;2011
1.5;2.85;1;2011
1.45;3.0;1;2011
1.65;2.45;1;2011
1.58;2.63;0;2011
1.26;4.2;1;2011
1.57;2.64;0;2011
1.38;3.4;1;2011
2.0;1.91;1;2011
1.2;5.35;1;2011
4.5;1.25;0;2011
1.28;4.2;0;2011
1.24;4.75;1;2011
1.39;3.35;1;2011
1.29;4.1;1;2011
2.77;1.52;0;2011
2.25;1.74;1;2011
1.45;3.0;1;2011
1.66;2.42;1;2011
1.74;2.25;0;2011
1.57;2.64;1;2011
2.85;1.5;0;2011
1.34;3.6;1;2011
2.7;1.54;0;2011
1.24;4.7;1;2011
1.48;2.75;0;2011
1.61;2.55;1;2011
2.4;1.67;0;2011
1.43;3.1;1;2011
1.77;2.2;1;2011
4.2;1.26;1;2011
1.17;6.0;1;2011
1.48;2.9;1;2011
3.48;1.37;0;2011
3.3;1.4;1;2011
1.42;3.2;0;2011
1.54;2.7;1;2011
1.41;3.25;1;2011
1.24;4.7;1;2011
1.65;2.45;1;2011
1.36;3.55;1;2011
1.21;5.2;1;2011
2.7;1.54;1;2011
1.96;1.94;0;2011
1.59;2.6;0;2011
2.04;1.88;1;2011
1.25;4.5;0;2011
1.42;3.2;0;2011
1.34;3.65;1;2011
2.22;1.76;1;2011
3.0;1.45;1;2011
1.24;4.75;1;2011
1.23;4.9;1;2011
1.83;2.0;1;2011
1.26;4.45;1;2011
1.27;4.35;1;2011
1.31;3.9;1;2011
2.15;1.8;0;2011
1.74;2.25;0;2011
1.39;3.35;1;2011
2.4;1.67;0;2011
1.19;5.6;1;2011
1.61;2.54;1;2011
1.7;2.32;1;2011
1.48;2.9;1;2011
2.3;1.71;1;2011
1.54;2.7;1;2011
1.5;2.85;0;2011
1.95;1.95;1;2011
6.0;1.17;1;2011
2.01;1.9;1;2011
1.36;3.55;1;2011
1.47;2.95;0;2011
1.32;3.85;1;2011
3.05;1.41;0;2011
1.69;2.35;1;2011
2.6;1.59;1;2011
1.5;2.85;1;2011
5.15;1.21;1;2011
3.35;1.39;1;2011
3.35;1.39;0;2011
1.39;3.15;1;2011
1.59;2.5;0;2011
1.31;3.6;1;2011
1.91;1.91;0;2011
1.61;2.45;1;2011
1.18;5.3;1;2011
2.45;1.65;0;2011
1.45;3.0;1;2011
1.67;2.4;1;2011
1.7;2.33;1;2011
4.25;1.25;0;2011
2.67;1.56;0;2011
5.2;1.21;0;2011
3.65;1.31;0;2011
1.77;2.1;1;2011
1.3;3.75;1;2011
2.15;1.74;1;2011
2.75;1.48;1;2011
1.95;1.87;0;2011
3.0;1.45;1;2011
1.77;2.1;1;2011
2.65;1.53;0;2011
1.57;2.55;0;2011
4.0;1.28;0;2011
1.24;4.35;0;2011
3.5;1.33;0;2011
2.7;1.5;1;2011
1.22;4.65;1;2011
1.43;2.9;1;2011
1.33;3.75;1;2011
1.83;2.1;1;2011
2.18;1.78;0;2011
1.43;3.1;0;2011
1.71;2.3;1;2011
1.83;2.1;0;2011
1.8;2.15;0;2011
1.23;4.8;1;2011
1.26;4.4;1;2011
4.15;1.29;0;2011
1.22;5.05;1;2011
1.2;5.35;1;2011
1.29;4.18;1;2011
1.98;1.93;1;2011
2.4;1.67;0;2011
2.27;1.73;0;2011
1.5;2.85;1;2011
2.1;1.83;0;2011
1.54;2.7;1;2011
2.15;1.8;1;2011
1.59;2.6;1;2011
1.62;2.5;0;2011
1.39;3.35;1;2011
1.58;2.63;1;2011
3.2;1.42;0;2011
1.8;2.05;1;2011
1.33;3.5;0;2011
2.9;1.48;0;2011
1.26;4.2;1;2011
1.22;4.65;1;2011
2.8;1.45;0;2011
1.31;3.65;1;2011
2.75;1.48;0;2011
2.6;1.54;0;2011
2.95;1.47;0;2011
1.25;4.55;1;2011
1.39;3.35;1;2011
3.85;1.32;0;2011
3.25;1.41;0;2011
1.54;2.6;1;2011
1.38;3.2;1;2011
1.67;2.3;0;2011
2.25;1.69;0;2011
1.22;4.6;1;2011
2.75;1.48;0;2011
1.61;2.45;1;2011
2.25;1.74;1;2011
2.6;1.59;0;2011
2.9;1.43;0;2011
1.32;3.55;1;2011
1.69;2.25;0;2011
1.77;2.1;0;2011
2.05;1.87;0;2011
1.44;2.85;1;2011
2.85;1.44;0;2011
2.4;1.62;0;2011
1.43;2.95;1;2011
1.34;3.6;1;2011
1.28;4.25;0;2011
3.6;1.31;1;2011
2.7;1.54;0;2011
1.54;2.6;1;2011
1.29;3.9;1;2011
2.0;1.83;1;2011
1.53;2.65;0;2011
1.33;3.5;1;2011
3.25;1.38;1;2011
1.65;2.35;0;2011
1.48;2.9;1;2011
2.18;1.78;1;2011
1.35;3.58;1;2011
1.36;3.55;1;2011
1.31;3.9;1;2011
1.36;3.35;1;2011
1.27;4.05;1;2011
1.87;1.95;0;2011
1.45;2.8;1;2011
2.15;1.74;1;2011
1.42;3.0;1;2011
3.05;1.44;1;2011
1.4;3.3;1;2011
1.4;3.3;1;2011
1.57;2.64;1;2011
1.74;2.25;0;2011
3.55;1.32;0;2011
1.8;2.05;1;2011
3.9;1.29;1;2011
1.91;1.91;1;2011
1.45;2.8;1;2011
2.0;1.83;0;2011
1.68;2.37;0;2011
2.21;1.76;0;2011
1.73;2.27;1;2011
1.33;3.5;1;2011
3.5;1.33;1;2011
3.4;1.36;0;2011
1.44;2.85;0;2011
1.87;1.95;1;2011
2.7;1.5;1;2011
1.23;4.9;1;2010
1.83;2.1;1;2010
2.4;1.67;1;2010
1.42;3.2;0;2010
1.33;3.7;1;2010
3.1;1.4;0;2010
1.67;2.3;1;2010
1.4;3.1;0;2010
2.3;1.67;0;2010
1.69;2.25;0;2010
1.43;2.9;1;2010
1.42;3.2;1;2010
3.65;1.34;0;2010
1.56;2.67;0;2010
2.65;1.53;0;2010
1.91;1.91;1;2010
3.35;1.36;1;2010
2.5;1.59;0;2010
1.83;2.0;0;2010
1.53;2.65;0;2010
2.4;1.62;0;2010
3.15;1.43;1;2010
2.95;1.47;0;2010
1.4;3.3;0;2010
1.21;5.25;1;2010
1.44;3.05;1;2010
2.2;1.77;0;2010
2.15;1.8;0;2010
1.62;2.4;0;2010
4.55;1.22;0;2010
1.5;2.7;1;2010
1.43;2.9;0;2010
1.53;2.75;0;2010
2.05;1.87;1;2010
1.38;3.45;1;2010
1.93;1.98;1;2010
3.8;1.29;1;2010
1.45;2.8;1;2010
1.43;2.9;1;2010
1.45;2.8;1;2010
1.95;1.87;0;2010
1.87;1.95;0;2010
1.61;2.55;0;2010
1.59;2.6;1;2010
2.3;1.71;1;2010
2.63;1.58;0;2010
2.25;1.69;1;2010
1.4;3.1;1;2010
1.57;2.55;0;2010
2.25;1.69;0;2010
1.5;2.7;1;2010
1.91;1.91;1;2010
1.44;2.85;1;2010
1.48;2.9;1;2010
1.59;2.6;0;2010
1.21;5.2;0;2010
2.45;1.61;0;2010
2.35;1.65;0;2010
2.45;1.61;1;2010
1.54;2.6;1;2010
1.48;2.75;1;2010
3.0;1.42;0;2010
1.48;2.9;1;2010
2.6;1.59;0;2010
2.25;1.74;0;2010
2.67;1.56;1;2010
1.95;1.95;1;2010
1.39;3.35;1;2010
1.57;2.64;1;2010
1.36;3.4;1;2010
2.4;1.62;0;2010
1.45;2.8;1;2010
1.53;2.65;0;2010
1.43;3.15;1;2010
1.65;2.45;0;2010
1.8;2.15;1;2010
2.9;1.48;1;2010
2.05;1.8;1;2010
1.54;2.6;0;2010
1.65;2.35;0;2010
2.68;1.51;1;2010
2.4;1.62;1;2010
1.42;3.0;1;2010
3.48;1.37;1;2010
1.17;6.0;1;2010
1.48;2.9;1;2010
1.71;2.3;0;2010
1.53;2.75;1;2010
1.31;3.9;1;2010
1.87;2.05;0;2010
1.43;2.9;1;2010
1.5;2.7;0;2010
1.31;3.65;1;2010
1.22;5.1;1;2010
2.16;1.79;1;2010
2.16;1.79;1;2010
2.78;1.52;1;2010
4.15;1.29;0;2010
1.67;2.3;0;2010
7.0;1.11;0;2010
1.27;4.1;1;2010
3.9;1.29;0;2010
1.5;2.7;1;2010
1.33;3.5;0;2010
1.13;7.02;1;2010
2.85;1.5;0;2010
2.81;1.51;0;2010
1.31;3.9;0;2010
1.95;1.87;0;2010
2.8;1.45;0;2010
1.62;2.4;0;2010
2.8;1.45;1;2010
3.0;1.42;0;2010
1.51;2.68;1;2010
1.69;2.35;1;2010
2.77;1.52;1;2010
1.56;2.68;1;2010
1.53;2.75;0;2010
1.63;2.48;1;2010
1.33;3.75;1;2010
2.5;1.59;0;2010
2.3;1.71;1;2010
1.4;3.1;1;2010
2.7;1.5;0;2010
2.25;1.69;1;2010
1.45;2.8;1;2010
2.4;1.67;0;2010
3.8;1.32;1;2010
1.53;2.65;0;2010
2.2;1.71;0;2010
1.5;2.7;1;2010
1.45;2.8;1;2010
2.55;1.57;0;2010
1.62;2.4;1;2010
2.65;1.53;0;2010
1.84;2.09;0;2010
2.63;1.58;1;2010
1.46;2.98;0;2010
2.7;1.54;1;2010
2.18;1.78;1;2010
1.56;2.68;0;2010
1.98;1.93;0;2010
3.05;1.41;0;2010
1.31;3.65;1;2010
3.15;1.39;0;2010
2.1;1.77;1;2010
1.92;1.99;0;2010
1.51;2.8;1;2010
1.36;3.5;0;2010
5.35;1.2;0;2010
1.47;2.95;0;2010
2.0;1.91;0;2010
1.25;4.55;1;2010
1.27;4.1;1;2010
1.32;3.55;0;2010
1.5;2.7;1;2010
1.67;2.3;0;2010
1.53;2.75;0;2010
1.4;3.3;1;2010
1.53;2.75;0;2010
1.97;1.93;0;2010
2.07;1.85;0;2010
1.17;5.5;0;2010
1.23;4.5;1;2010
4.25;1.25;0;2010
2.9;1.43;1;2010
1.39;3.15;0;2010
1.57;2.55;0;2010
1.15;6.5;1;2010
1.13;7.2;0;2010
1.26;4.4;1;2010
1.74;2.25;0;2010
2.6;1.59;0;2010
4.5;1.23;0;2010
2.45;1.61;0;2010
2.4;1.62;1;2010
3.2;1.38;1;2010
1.41;3.05;1;2010
1.28;4.0;1;2010
1.29;3.9;1;2010
1.43;2.9;0;2010
1.45;2.8;1;2010
1.53;2.65;1;2010
2.9;1.43;1;2010
2.3;1.67;0;2010
3.7;1.3;0;2010
1.15;5.75;1;2010
1.65;2.35;1;2010
2.73;1.49;1;2010
1.15;6.5;1;2010
1.67;2.4;0;2010
1.48;2.9;1;2010
3.95;1.31;0;2010
1.31;3.9;1;2010
1.43;2.95;1;2010
1.54;2.6;1;2010
1.45;2.8;1;2010
1.62;2.4;0;2010
1.43;2.9;1;2010
3.15;1.43;0;2010
1.4;3.3;1;2010
1.29;4.15;1;2010
1.83;2.0;1;2010
1.24;4.35;1;2010
2.45;1.61;0;2010
1.65;2.35;0;2010
1.48;2.75;1;2010
1.38;3.2;1;2010
1.24;4.35;1;2010
2.4;1.62;0;2010
