saison;x_pieds;y_pieds;part_des_tirs;points_par_tir
2003-04;16;1;0.00022;1.14
2003-04;18;1;0.00023;1.14
2003-04;20;1;0.00023;0.86
2003-04;24;1;0.00019;1.29
2003-04;-24;3;0.00206;1.2
2003-04;-22;3;0.00195;1.11
2003-04;-20;3;0.00129;0.78
2003-04;-18;3;0.00241;0.67
2003-04;-16;3;0.00196;0.68
2003-04;-14;3;0.0015;0.71
2003-04;-12;3;0.00085;0.86
2003-04;-10;3;0.00068;0.74
2003-04;-8;3;0.0005;0.72
2003-04;-6;3;0.00034;0.55
2003-04;0;3;0.00046;1.53
2003-04;6;3;0.0002;0.65
2003-04;8;3;0.00048;0.66
2003-04;10;3;0.00078;0.62
2003-04;12;3;0.00114;0.73
2003-04;14;3;0.00181;0.84
2003-04;16;3;0.00231;0.69
2003-04;18;3;0.0023;0.76
2003-04;20;3;0.00192;0.83
2003-04;22;3;0.0012;1.14
2003-04;24;3;0.00352;1.03
2003-04;-24;5;0.0043;1.14
2003-04;-22;5;0.00423;1.16
2003-04;-20;5;0.00228;0.77
2003-04;-18;5;0.0043;0.77
2003-04;-16;5;0.00482;0.75
2003-04;-14;5;0.00374;0.7
2003-04;-12;5;0.00277;0.71
2003-04;-10;5;0.00254;0.72
2003-04;-8;5;0.00268;0.68
2003-04;-6;5;0.00245;0.71
2003-04;-4;5;0.00225;0.48
2003-04;-2;5;0.00657;1.06
2003-04;0;5;0.26223;1.19
2003-04;2;5;0.00656;1.15
2003-04;4;5;0.00202;0.5
2003-04;6;5;0.00204;0.7
2003-04;8;5;0.00219;0.82
2003-04;10;5;0.00285;0.74
2003-04;12;5;0.00317;0.75
2003-04;14;5;0.00488;0.77
2003-04;16;5;0.00629;0.81
2003-04;18;5;0.00561;0.74
2003-04;20;5;0.00321;0.84
2003-04;22;5;0.00317;1.19
2003-04;24;5;0.00793;1.18
2003-04;-24;7;0.00293;1.11
2003-04;-22;7;0.00245;1.07
2003-04;-20;7;0.00157;0.77
2003-04;-18;7;0.00304;0.74
2003-04;-16;7;0.00419;0.77
2003-04;-14;7;0.00346;0.78
2003-04;-12;7;0.00296;0.67
2003-04;-10;7;0.0032;0.68
2003-04;-8;7;0.00422;0.76
2003-04;-6;7;0.00468;0.78
2003-04;-4;7;0.00481;0.71
2003-04;-2;7;0.00829;0.93
2003-04;0;7;0.01047;1.22
2003-04;2;7;0.00741;0.95
2003-04;4;7;0.00448;0.68
2003-04;6;7;0.00395;0.7
2003-04;8;7;0.00346;0.8
2003-04;10;7;0.00319;0.73
2003-04;12;7;0.00314;0.74
2003-04;14;7;0.00407;0.7
2003-04;16;7;0.0051;0.73
2003-04;18;7;0.00356;0.74
2003-04;20;7;0.00217;0.84
2003-04;22;7;0.00185;1.16
2003-04;24;7;0.00366;1.14
2003-04;-24;9;0.00151;1.03
2003-04;-22;9;0.00142;1.08
2003-04;-20;9;0.0009;0.78
2003-04;-18;9;0.00202;0.68
2003-04;-16;9;0.00263;0.74
2003-04;-14;9;0.00247;0.72
2003-04;-12;9;0.00196;0.68
2003-04;-10;9;0.00217;0.72
2003-04;-8;9;0.00284;0.82
2003-04;-6;9;0.00364;0.77
2003-04;-4;9;0.0042;0.76
2003-04;-2;9;0.00525;0.8
2003-04;0;9;0.0082;0.97
2003-04;2;9;0.00515;0.83
2003-04;4;9;0.0046;0.69
2003-04;6;9;0.00368;0.75
2003-04;8;9;0.0027;0.81
2003-04;10;9;0.0022;0.74
2003-04;12;9;0.00227;0.71
2003-04;14;9;0.00257;0.75
2003-04;16;9;0.00281;0.89
2003-04;18;9;0.0018;0.84
2003-04;20;9;0.00111;0.71
2003-04;22;9;0.00088;1.01
2003-04;24;9;0.00222;0.95
2003-04;-24;11;0.00109;1.24
2003-04;-22;11;0.00091;1.05
2003-04;-20;11;0.00074;0.81
2003-04;-18;11;0.0016;0.76
2003-04;-16;11;0.00237;0.72
2003-04;-14;11;0.00258;0.75
2003-04;-12;11;0.00177;0.62
2003-04;-10;11;0.00165;0.74
2003-04;-8;11;0.00195;0.76
2003-04;-6;11;0.0024;0.72
2003-04;-4;11;0.0032;0.7
2003-04;-2;11;0.00463;0.75
2003-04;0;11;0.01035;0.85
2003-04;2;11;0.00541;0.89
2003-04;4;11;0.00351;0.79
2003-04;6;11;0.00282;0.74
2003-04;8;11;0.00179;0.79
2003-04;10;11;0.00186;0.73
2003-04;12;11;0.00213;0.74
2003-04;14;11;0.00266;0.73
2003-04;16;11;0.00258;0.72
2003-04;18;11;0.00168;0.73
2003-04;20;11;0.00088;0.87
2003-04;22;11;0.00083;1.11
2003-04;24;11;0.00128;1.03
2003-04;-24;13;0.00064;0.8
2003-04;-22;13;0.00081;1.1
2003-04;-20;13;0.00077;0.94
2003-04;-18;13;0.00153;0.82
2003-04;-16;13;0.00265;0.79
2003-04;-14;13;0.00269;0.73
2003-04;-12;13;0.00195;0.71
2003-04;-10;13;0.00147;0.78
2003-04;-8;13;0.00134;0.75
2003-04;-6;13;0.00188;0.68
2003-04;-4;13;0.00186;0.66
2003-04;-2;13;0.00272;0.7
2003-04;0;13;0.00621;0.83
2003-04;2;13;0.00265;0.69
2003-04;4;13;0.00172;0.64
2003-04;6;13;0.00185;0.79
2003-04;8;13;0.00161;0.84
2003-04;10;13;0.00152;0.81
2003-04;12;13;0.00178;0.8
2003-04;14;13;0.00288;0.67
2003-04;16;13;0.00295;0.73
2003-04;18;13;0.00161;0.79
2003-04;20;13;0.00091;0.78
2003-04;22;13;0.0006;0.97
2003-04;24;13;0.00089;1.29
2003-04;-24;15;0.00035;1.18
2003-04;-22;15;0.00137;1.25
2003-04;-20;15;0.00053;0.8
2003-04;-18;15;0.00118;0.72
2003-04;-16;15;0.00199;0.76
2003-04;-14;15;0.0028;0.81
2003-04;-12;15;0.00198;0.68
2003-04;-10;15;0.00145;0.79
2003-04;-8;15;0.00112;0.7
2003-04;-6;15;0.00119;0.89
2003-04;-4;15;0.00105;0.81
2003-04;-2;15;0.00136;0.66
2003-04;0;15;0.00315;0.84
2003-04;2;15;0.0014;0.72
2003-04;4;15;0.00107;0.7
2003-04;6;15;0.00137;0.74
2003-04;8;15;0.00113;0.88
2003-04;10;15;0.00145;0.78
2003-04;12;15;0.00187;0.68
2003-04;14;15;0.00323;0.79
2003-04;16;15;0.00258;0.78
2003-04;18;15;0.0013;0.8
2003-04;20;15;0.0007;0.86
2003-04;22;15;0.00117;1.25
2003-04;24;15;0.00041;1.25
2003-04;-24;17;0.00021;1.08
2003-04;-22;17;0.0026;0.96
2003-04;-20;17;0.00079;1.03
2003-04;-18;17;0.00109;0.87
2003-04;-16;17;0.0021;0.85
2003-04;-14;17;0.00355;0.83
2003-04;-12;17;0.00281;0.75
2003-04;-10;17;0.00192;0.77
2003-04;-8;17;0.00155;0.86
2003-04;-6;17;0.00133;0.72
2003-04;-4;17;0.00101;0.81
2003-04;-2;17;0.00088;0.77
2003-04;0;17;0.00257;0.83
2003-04;2;17;0.00101;0.73
2003-04;4;17;0.00101;0.73
2003-04;6;17;0.00134;0.7
2003-04;8;17;0.00146;0.73
2003-04;10;17;0.00182;0.68
2003-04;12;17;0.00271;0.77
2003-04;14;17;0.00336;0.76
2003-04;16;17;0.00216;0.88
2003-04;18;17;0.00113;0.81
2003-04;20;17;0.00058;0.86
2003-04;22;17;0.00284;1.15
2003-04;24;17;0.00036;0.99
2003-04;-22;19;0.00141;1.09
2003-04;-20;19;0.00266;1.08
2003-04;-18;19;0.00064;0.85
2003-04;-16;19;0.00188;0.84
2003-04;-14;19;0.00313;0.8
2003-04;-12;19;0.00398;0.78
2003-04;-10;19;0.00315;0.75
2003-04;-8;19;0.00284;0.82
2003-04;-6;19;0.00131;0.73
2003-04;-4;19;0.00091;0.68
2003-04;-2;19;0.00108;0.67
2003-04;0;19;0.00259;0.9
2003-04;2;19;0.00129;0.87
2003-04;4;19;0.00085;0.9
2003-04;6;19;0.00134;0.91
2003-04;8;19;0.00259;0.92
2003-04;10;19;0.00311;0.78
2003-04;12;19;0.00354;0.8
2003-04;14;19;0.00281;0.78
2003-04;16;19;0.00158;0.82
2003-04;18;19;0.00072;0.9
2003-04;20;19;0.00235;1.15
2003-04;22;19;0.00248;0.93
2003-04;-22;21;0.00032;0.89
2003-04;-20;21;0.00285;0.99
2003-04;-18;21;0.00228;1.23
2003-04;-16;21;0.00098;0.87
2003-04;-14;21;0.00199;0.76
2003-04;-12;21;0.00308;0.66
2003-04;-10;21;0.0034;0.77
2003-04;-8;21;0.00273;0.79
2003-04;-6;21;0.00167;0.81
2003-04;-4;21;0.00128;0.79
2003-04;-2;21;0.00151;0.7
2003-04;0;21;0.00365;0.77
2003-04;2;21;0.00162;0.85
2003-04;4;21;0.00117;0.8
2003-04;6;21;0.00154;0.79
2003-04;8;21;0.00254;0.7
2003-04;10;21;0.00321;0.72
2003-04;12;21;0.00287;0.8
2003-04;14;21;0.00199;0.76
2003-04;16;21;0.001;0.95
2003-04;18;21;0.00181;1.12
2003-04;20;21;0.00395;1.01
2003-04;22;21;0.00068;1.05
2003-04;-20;23;0.0009;0.97
2003-04;-18;23;0.00506;1.03
2003-04;-16;23;0.00253;1.09
2003-04;-14;23;0.00104;0.89
2003-04;-12;23;0.00187;0.72
2003-04;-10;23;0.00231;0.78
2003-04;-8;23;0.00256;0.82
2003-04;-6;23;0.00193;0.7
2003-04;-4;23;0.00156;0.77
2003-04;-2;23;0.00157;0.73
2003-04;0;23;0.00329;0.82
2003-04;2;23;0.00171;0.84
2003-04;4;23;0.00126;0.76
2003-04;6;23;0.0018;0.8
2003-04;8;23;0.00199;0.76
2003-04;10;23;0.00211;0.73
2003-04;12;23;0.0017;0.82
2003-04;14;23;0.00114;0.78
2003-04;16;23;0.00233;1.1
2003-04;18;23;0.00491;1.09
2003-04;20;23;0.00174;0.91
2003-04;22;23;0.00016;0.9
2003-04;-20;25;0.00017;0.82
2003-04;-18;25;0.00163;0.97
2003-04;-16;25;0.00469;1.05
2003-04;-14;25;0.00349;1.08
2003-04;-12;25;0.00087;0.98
2003-04;-10;25;0.00098;0.89
2003-04;-8;25;0.00117;0.77
2003-04;-6;25;0.00137;0.79
2003-04;-4;25;0.00154;0.83
2003-04;-2;25;0.00177;0.73
2003-04;0;25;0.00349;0.83
2003-04;2;25;0.0015;0.71
2003-04;4;25;0.00116;0.62
2003-04;6;25;0.00116;0.63
2003-04;8;25;0.00118;0.77
2003-04;10;25;0.00101;0.86
2003-04;12;25;0.00065;0.89
2003-04;14;25;0.00324;1.07
2003-04;16;25;0.00456;1.04
2003-04;18;25;0.002;0.93
2003-04;20;25;0.00033;1.0
2003-04;-18;27;0.00017;1.09
2003-04;-16;27;0.00135;0.8
2003-04;-14;27;0.00367;1.09
2003-04;-12;27;0.00402;1.06
2003-04;-10;27;0.00195;1.06
2003-04;-8;27;0.00077;0.99
2003-04;-6;27;0.00055;0.65
2003-04;-4;27;0.00063;0.66
2003-04;-2;27;0.00107;0.77
2003-04;0;27;0.00161;0.88
2003-04;2;27;0.00094;0.7
2003-04;4;27;0.00064;0.6
2003-04;6;27;0.00048;0.53
2003-04;8;27;0.0005;0.88
2003-04;10;27;0.00135;1.02
2003-04;12;27;0.00343;1.07
2003-04;14;27;0.00377;0.98
2003-04;16;27;0.00151;1.06
2003-04;18;27;0.00032;0.69
2003-04;-16;29;0.0002;0.87
2003-04;-14;29;0.00048;1.05
2003-04;-12;29;0.00139;0.79
2003-04;-10;29;0.00241;0.94
2003-04;-8;29;0.00268;0.99
2003-04;-6;29;0.00205;0.93
2003-04;-4;29;0.00162;1.14
2003-04;-2;29;0.00156;1.03
2003-04;0;29;0.00228;1.23
2003-04;2;29;0.00154;1.0
2003-04;4;29;0.00133;1.02
2003-04;6;29;0.00173;0.89
2003-04;8;29;0.00211;0.98
2003-04;10;29;0.00228;1.01
2003-04;12;29;0.00155;1.19
2003-04;14;29;0.00058;1.13
2003-04;-12;31;0.00016;1.0
2003-04;-10;31;0.00029;0.6
2003-04;-8;31;0.00067;0.87
2003-04;-6;31;0.00099;0.97
2003-04;-4;31;0.00116;0.96
2003-04;-2;31;0.00191;1.11
2003-04;0;31;0.00373;1.12
2003-04;2;31;0.00237;0.98
2003-04;4;31;0.00134;0.95
2003-04;6;31;0.00083;0.65
2003-04;8;31;0.0006;0.96
2003-04;10;31;0.00033;1.0
2004-05;18;1;0.00017;0.67
2004-05;24;1;0.00019;1.26
2004-05;-24;3;0.00256;1.07
2004-05;-22;3;0.0017;1.27
2004-05;-20;3;0.00128;0.84
2004-05;-18;3;0.00215;0.74
2004-05;-16;3;0.0016;0.77
2004-05;-14;3;0.00136;0.76
2004-05;-12;3;0.0007;0.78
2004-05;-10;3;0.00053;0.65
2004-05;-8;3;0.00039;0.74
2004-05;-6;3;0.00017;0.35
2004-05;0;3;0.00045;1.71
2004-05;2;3;0.00023;1.3
2004-05;6;3;0.00022;0.68
2004-05;8;3;0.00035;0.75
2004-05;10;3;0.00067;0.76
2004-05;12;3;0.00084;0.68
2004-05;14;3;0.00159;0.77
2004-05;16;3;0.00198;0.71
2004-05;18;3;0.00211;0.72
2004-05;20;3;0.00174;0.81
2004-05;22;3;0.00156;1.21
2004-05;24;3;0.00338;1.16
2004-05;-24;5;0.00502;1.16
2004-05;-22;5;0.00527;1.21
2004-05;-20;5;0.0023;0.91
2004-05;-18;5;0.00412;0.78
2004-05;-16;5;0.00486;0.81
2004-05;-14;5;0.00379;0.83
2004-05;-12;5;0.0026;0.75
2004-05;-10;5;0.00215;0.73
2004-05;-8;5;0.0024;0.68
2004-05;-6;5;0.0018;0.62
2004-05;-4;5;0.00206;0.57
2004-05;-2;5;0.00718;1.02
2004-05;0;5;0.26558;1.2
2004-05;2;5;0.00834;1.26
2004-05;4;5;0.00217;0.46
2004-05;6;5;0.00204;0.7
2004-05;8;5;0.00222;0.76
2004-05;10;5;0.00269;0.8
2004-05;12;5;0.00306;0.69
2004-05;14;5;0.00436;0.79
2004-05;16;5;0.00546;0.75
2004-05;18;5;0.00512;0.85
2004-05;20;5;0.00316;0.78
2004-05;22;5;0.00418;1.22
2004-05;24;5;0.00776;1.17
2004-05;-24;7;0.00321;1.2
2004-05;-22;7;0.00315;1.1
2004-05;-20;7;0.00141;0.76
2004-05;-18;7;0.00336;0.8
2004-05;-16;7;0.00448;0.75
2004-05;-14;7;0.00374;0.7
2004-05;-12;7;0.0028;0.69
2004-05;-10;7;0.00308;0.7
2004-05;-8;7;0.00402;0.82
2004-05;-6;7;0.00428;0.77
2004-05;-4;7;0.00453;0.69
2004-05;-2;7;0.00874;0.98
2004-05;0;7;0.01022;1.27
2004-05;2;7;0.00882;1.01
2004-05;4;7;0.00408;0.69
2004-05;6;7;0.00395;0.71
2004-05;8;7;0.00295;0.78
2004-05;10;7;0.00276;0.72
2004-05;12;7;0.00288;0.69
2004-05;14;7;0.00399;0.73
2004-05;16;7;0.00474;0.73
2004-05;18;7;0.00345;0.77
2004-05;20;7;0.002;0.75
2004-05;22;7;0.00207;1.05
2004-05;24;7;0.00409;1.02
2004-05;-24;9;0.00165;1.22
2004-05;-22;9;0.00156;1.14
2004-05;-20;9;0.00084;0.73
2004-05;-18;9;0.00187;0.78
2004-05;-16;9;0.00282;0.71
2004-05;-14;9;0.00231;0.68
2004-05;-12;9;0.00172;0.78
2004-05;-10;9;0.00169;0.75
2004-05;-8;9;0.00258;0.79
2004-05;-6;9;0.00335;0.82
2004-05;-4;9;0.00405;0.8
2004-05;-2;9;0.00453;0.81
2004-05;0;9;0.00801;0.94
2004-05;2;9;0.00516;0.9
2004-05;4;9;0.004;0.77
2004-05;6;9;0.00321;0.81
2004-05;8;9;0.00236;0.86
2004-05;10;9;0.00188;0.75
2004-05;12;9;0.00189;0.68
2004-05;14;9;0.00262;0.67
2004-05;16;9;0.00286;0.69
2004-05;18;9;0.00188;0.73
2004-05;20;9;0.00099;0.86
2004-05;22;9;0.00087;1.08
2004-05;24;9;0.00189;0.99
2004-05;-24;11;0.00107;1.14
2004-05;-22;11;0.00097;1.14
2004-05;-20;11;0.00059;0.95
2004-05;-18;11;0.00171;0.82
2004-05;-16;11;0.00216;0.69
2004-05;-14;11;0.00227;0.75
2004-05;-12;11;0.00151;0.62
2004-05;-10;11;0.00152;0.72
2004-05;-8;11;0.00166;0.72
2004-05;-6;11;0.00216;0.77
2004-05;-4;11;0.00275;0.77
2004-05;-2;11;0.00412;0.81
2004-05;0;11;0.0095;0.89
2004-05;2;11;0.00497;0.85
2004-05;4;11;0.00323;0.7
2004-05;6;11;0.00256;0.83
2004-05;8;11;0.00176;0.79
2004-05;10;11;0.00171;0.74
2004-05;12;11;0.00167;0.68
2004-05;14;11;0.00269;0.76
2004-05;16;11;0.00252;0.84
2004-05;18;11;0.0016;0.78
2004-05;20;11;0.00073;0.97
2004-05;22;11;0.00075;1.11
2004-05;24;11;0.00147;1.03
2004-05;-24;13;0.00054;0.95
2004-05;-22;13;0.00081;1.13
2004-05;-20;13;0.00058;0.88
2004-05;-18;13;0.00146;0.85
2004-05;-16;13;0.00252;0.8
2004-05;-14;13;0.00262;0.71
2004-05;-12;13;0.00171;0.64
2004-05;-10;13;0.00147;0.81
2004-05;-8;13;0.00128;0.84
2004-05;-6;13;0.00155;0.7
2004-05;-4;13;0.00185;0.71
2004-05;-2;13;0.00228;0.76
2004-05;0;13;0.00572;0.9
2004-05;2;13;0.00256;0.77
2004-05;4;13;0.00184;0.65
2004-05;6;13;0.00166;0.82
2004-05;8;13;0.00131;0.72
2004-05;10;13;0.00141;0.67
2004-05;12;13;0.00177;0.75
2004-05;14;13;0.00281;0.78
2004-05;16;13;0.00299;0.72
2004-05;18;13;0.00168;0.8
2004-05;20;13;0.00093;0.83
2004-05;22;13;0.00057;1.19
2004-05;24;13;0.00081;0.98
2004-05;-24;15;0.00031;1.33
2004-05;-22;15;0.00129;1.13
2004-05;-20;15;0.00037;1.01
2004-05;-18;15;0.00113;0.85
2004-05;-16;15;0.00223;0.81
2004-05;-14;15;0.0031;0.74
2004-05;-12;15;0.00193;0.69
2004-05;-10;15;0.00121;0.66
2004-05;-8;15;0.0008;0.78
2004-05;-6;15;0.00098;0.83
2004-05;-4;15;0.00102;0.64
2004-05;-2;15;0.00106;0.62
2004-05;0;15;0.00262;0.76
2004-05;2;15;0.00135;0.88
2004-05;4;15;0.00094;0.78
2004-05;6;15;0.00119;0.74
2004-05;8;15;0.00084;0.84
2004-05;10;15;0.00121;0.9
2004-05;12;15;0.00196;0.7
2004-05;14;15;0.00324;0.75
2004-05;16;15;0.00252;0.76
2004-05;18;15;0.00142;0.81
2004-05;20;15;0.00063;0.73
2004-05;22;15;0.00116;1.13
2004-05;24;15;0.00062;1.06
2004-05;-22;17;0.00234;1.13
2004-05;-20;17;0.00077;1.3
2004-05;-18;17;0.00097;0.87
2004-05;-16;17;0.00222;0.73
2004-05;-14;17;0.00326;0.8
2004-05;-12;17;0.00264;0.78
2004-05;-10;17;0.0017;0.81
2004-05;-8;17;0.00153;0.83
2004-05;-6;17;0.00131;0.95
2004-05;-4;17;0.00086;0.77
2004-05;-2;17;0.00074;0.73
2004-05;0;17;0.00213;0.87
2004-05;2;17;0.00104;0.67
2004-05;4;17;0.00076;0.71
2004-05;6;17;0.00101;0.96
2004-05;8;17;0.00118;0.95
2004-05;10;17;0.00186;0.83
2004-05;12;17;0.00283;0.8
2004-05;14;17;0.00359;0.77
2004-05;16;17;0.00226;0.83
2004-05;18;17;0.00119;0.79
2004-05;20;17;0.00059;1.23
2004-05;22;17;0.00251;1.16
2004-05;24;17;0.00043;0.96
2004-05;-22;19;0.00141;1.18
2004-05;-20;19;0.00271;1.19
2004-05;-18;19;0.0006;0.95
2004-05;-16;19;0.00181;0.87
2004-05;-14;19;0.00343;0.73
2004-05;-12;19;0.00425;0.81
2004-05;-10;19;0.00372;0.81
2004-05;-8;19;0.00285;0.88
2004-05;-6;19;0.00127;0.99
2004-05;-4;19;0.00065;0.77
2004-05;-2;19;0.00106;0.77
2004-05;0;19;0.00254;0.88
2004-05;2;19;0.00125;0.89
2004-05;4;19;0.00089;0.78
2004-05;6;19;0.00108;0.82
2004-05;8;19;0.00219;0.96
2004-05;10;19;0.00339;0.89
2004-05;12;19;0.00395;0.78
2004-05;14;19;0.00343;0.85
2004-05;16;19;0.00184;0.85
2004-05;18;19;0.00091;0.89
2004-05;20;19;0.0024;1.18
2004-05;22;19;0.00227;0.93
2004-05;-22;21;0.00029;0.95
2004-05;-20;21;0.0032;1.1
2004-05;-18;21;0.00239;1.12
2004-05;-16;21;0.00098;0.83
2004-05;-14;21;0.00244;0.82
2004-05;-12;21;0.00342;0.83
2004-05;-10;21;0.00351;0.75
2004-05;-8;21;0.00324;0.86
2004-05;-6;21;0.00174;0.83
2004-05;-4;21;0.00097;0.9
2004-05;-2;21;0.00142;0.77
2004-05;0;21;0.00332;0.88
2004-05;2;21;0.00178;0.82
2004-05;4;21;0.00131;0.86
2004-05;6;21;0.00167;0.76
2004-05;8;21;0.00279;0.87
2004-05;10;21;0.00355;0.81
2004-05;12;21;0.00296;0.82
2004-05;14;21;0.00234;0.8
2004-05;16;21;0.00094;0.85
2004-05;18;21;0.00175;1.09
2004-05;20;21;0.00391;1.09
2004-05;22;21;0.00091;0.88
2004-05;-20;23;0.00103;0.8
2004-05;-18;23;0.00497;1.05
2004-05;-16;23;0.00265;1.13
2004-05;-14;23;0.001;0.93
2004-05;-12;23;0.00216;0.8
2004-05;-10;23;0.00277;0.88
2004-05;-8;23;0.00279;0.81
2004-05;-6;23;0.00208;0.76
2004-05;-4;23;0.00178;0.85
2004-05;-2;23;0.00159;0.81
2004-05;0;23;0.003;0.85
2004-05;2;23;0.00166;0.81
2004-05;4;23;0.0016;0.85
2004-05;6;23;0.00199;0.8
2004-05;8;23;0.00232;0.71
2004-05;10;23;0.00233;0.76
2004-05;12;23;0.00195;0.82
2004-05;14;23;0.00135;0.94
2004-05;16;23;0.00217;1.17
2004-05;18;23;0.00502;1.08
2004-05;20;23;0.00175;0.82
2004-05;22;23;0.00017;0.71
2004-05;-18;25;0.0015;0.99
2004-05;-16;25;0.00448;1.15
2004-05;-14;25;0.00368;1.07
2004-05;-12;25;0.00106;1.02
2004-05;-10;25;0.00118;0.8
2004-05;-8;25;0.00164;0.8
2004-05;-6;25;0.00153;0.66
2004-05;-4;25;0.00139;0.72
2004-05;-2;25;0.00184;0.71
2004-05;0;25;0.0037;0.81
2004-05;2;25;0.00191;0.79
2004-05;4;25;0.00142;0.77
2004-05;6;25;0.0014;0.86
2004-05;8;25;0.00141;0.68
2004-05;10;25;0.00094;0.8
2004-05;12;25;0.00074;1.06
2004-05;14;25;0.0033;1.19
2004-05;16;25;0.00472;1.12
2004-05;18;25;0.00191;0.93
2004-05;20;25;0.00032;0.68
2004-05;-18;27;0.00029;0.84
2004-05;-16;27;0.00111;1.02
2004-05;-14;27;0.00358;0.96
2004-05;-12;27;0.00411;1.09
2004-05;-10;27;0.00198;1.14
2004-05;-8;27;0.00077;0.93
2004-05;-6;27;0.00058;0.9
2004-05;-4;27;0.00077;0.78
2004-05;-2;27;0.00106;0.78
2004-05;0;27;0.00213;0.83
2004-05;2;27;0.00125;0.73
2004-05;4;27;0.00067;0.78
2004-05;6;27;0.00049;0.82
2004-05;8;27;0.0006;0.91
2004-05;10;27;0.00167;1.22
2004-05;12;27;0.00371;1.09
2004-05;14;27;0.00405;1.01
2004-05;16;27;0.00144;0.99
2004-05;18;27;0.00034;0.77
2004-05;-16;29;0.00018;0.92
2004-05;-14;29;0.00059;0.8
2004-05;-12;29;0.00164;1.01
2004-05;-10;29;0.0027;0.98
2004-05;-8;29;0.00281;1.01
2004-05;-6;29;0.00195;1.15
2004-05;-4;29;0.00146;1.07
2004-05;-2;29;0.00151;1.11
2004-05;0;29;0.00239;1.23
2004-05;2;29;0.00166;1.0
2004-05;4;29;0.00132;1.14
2004-05;6;29;0.00189;1.18
2004-05;8;29;0.00277;1.05
2004-05;10;29;0.00257;1.12
2004-05;12;29;0.00177;0.99
2004-05;14;29;0.00071;0.79
2004-05;16;29;0.00022;0.82
2004-05;-12;31;0.00021;1.14
2004-05;-10;31;0.00036;0.99
2004-05;-8;31;0.00072;0.85
2004-05;-6;31;0.00097;0.83
2004-05;-4;31;0.00126;0.92
2004-05;-2;31;0.00211;0.95
2004-05;0;31;0.00387;1.13
2004-05;2;31;0.00237;1.06
2004-05;4;31;0.0013;0.91
2004-05;6;31;0.00094;1.03
2004-05;8;31;0.00075;0.95
2004-05;10;31;0.00046;1.05
2004-05;12;31;0.00019;0.95
2005-06;-24;1;0.00018;1.5
2005-06;-18;1;0.00021;0.8
2005-06;18;1;0.00019;0.89
2005-06;-24;3;0.00255;1.14
2005-06;-22;3;0.00158;0.99
2005-06;-20;3;0.00125;0.72
2005-06;-18;3;0.00165;0.77
2005-06;-16;3;0.00123;0.82
2005-06;-14;3;0.0009;0.83
2005-06;-12;3;0.00064;0.83
2005-06;-10;3;0.00033;0.69
2005-06;-8;3;0.00032;0.66
2005-06;-6;3;0.00017;0.56
2005-06;-2;3;0.00019;1.35
2005-06;0;3;0.00043;1.42
2005-06;2;3;0.00017;0.42
2005-06;8;3;0.00031;0.7
2005-06;10;3;0.00049;0.88
2005-06;12;3;0.00069;0.94
2005-06;14;3;0.00108;0.91
2005-06;16;3;0.00162;0.78
2005-06;18;3;0.00196;0.75
2005-06;20;3;0.00142;0.84
2005-06;22;3;0.0017;1.23
2005-06;24;3;0.00306;1.19
2005-06;-24;5;0.00648;1.2
2005-06;-22;5;0.00496;1.19
2005-06;-20;5;0.00226;0.89
2005-06;-18;5;0.00435;0.88
2005-06;-16;5;0.00465;0.79
2005-06;-14;5;0.00321;0.65
2005-06;-12;5;0.00218;0.61
2005-06;-10;5;0.0021;0.73
2005-06;-8;5;0.00203;0.72
2005-06;-6;5;0.00182;0.66
2005-06;-4;5;0.00206;0.67
2005-06;-2;5;0.00709;1.15
2005-06;0;5;0.26887;1.21
2005-06;2;5;0.00773;1.2
2005-06;4;5;0.00167;0.63
2005-06;6;5;0.00179;0.7
2005-06;8;5;0.00194;0.81
2005-06;10;5;0.00231;0.83
2005-06;12;5;0.00264;0.79
2005-06;14;5;0.00433;0.8
2005-06;16;5;0.00544;0.83
2005-06;18;5;0.00521;0.8
2005-06;20;5;0.0029;0.91
2005-06;22;5;0.00558;1.11
2005-06;24;5;0.00741;1.18
2005-06;-24;7;0.00365;1.11
2005-06;-22;7;0.00278;1.2
2005-06;-20;7;0.00162;0.85
2005-06;-18;7;0.00313;0.82
2005-06;-16;7;0.00451;0.81
2005-06;-14;7;0.00347;0.77
2005-06;-12;7;0.00254;0.71
2005-06;-10;7;0.00265;0.74
2005-06;-8;7;0.00418;0.8
2005-06;-6;7;0.00421;0.74
2005-06;-4;7;0.00469;0.74
2005-06;-2;7;0.00984;1.07
2005-06;0;7;0.01159;1.2
2005-06;2;7;0.00881;1.03
2005-06;4;7;0.00381;0.72
2005-06;6;7;0.00394;0.82
2005-06;8;7;0.00305;0.78
2005-06;10;7;0.00267;0.65
2005-06;12;7;0.00267;0.78
2005-06;14;7;0.00364;0.83
2005-06;16;7;0.00453;0.85
2005-06;18;7;0.00324;0.73
2005-06;20;7;0.0019;0.7
2005-06;22;7;0.00246;1.09
2005-06;24;7;0.00369;1.18
2005-06;-24;9;0.00187;1.17
2005-06;-22;9;0.00128;1.18
2005-06;-20;9;0.00093;0.76
2005-06;-18;9;0.00186;0.78
2005-06;-16;9;0.00254;0.67
2005-06;-14;9;0.0022;0.69
2005-06;-12;9;0.00147;0.69
2005-06;-10;9;0.00156;0.75
2005-06;-8;9;0.00257;0.76
2005-06;-6;9;0.00343;0.75
2005-06;-4;9;0.00396;0.84
2005-06;-2;9;0.00493;0.83
2005-06;0;9;0.0084;0.98
2005-06;2;9;0.00526;0.87
2005-06;4;9;0.00413;0.79
2005-06;6;9;0.00346;0.82
2005-06;8;9;0.00223;0.73
2005-06;10;9;0.00194;0.74
2005-06;12;9;0.00186;0.69
2005-06;14;9;0.00234;0.69
2005-06;16;9;0.00268;0.78
2005-06;18;9;0.00204;0.72
2005-06;20;9;0.0009;0.75
2005-06;22;9;0.00125;1.02
2005-06;24;9;0.00166;1.19
2005-06;-24;11;0.00125;1.26
2005-06;-22;11;0.00083;1.06
2005-06;-20;11;0.00061;0.81
2005-06;-18;11;0.00162;0.81
2005-06;-16;11;0.00245;0.85
2005-06;-14;11;0.00218;0.76
2005-06;-12;11;0.00134;0.69
2005-06;-10;11;0.00127;0.76
2005-06;-8;11;0.00168;0.81
2005-06;-6;11;0.00203;0.76
2005-06;-4;11;0.00255;0.72
2005-06;-2;11;0.00432;0.79
2005-06;0;11;0.01007;0.93
2005-06;2;11;0.00471;0.81
2005-06;4;11;0.00291;0.77
2005-06;6;11;0.00231;0.83
2005-06;8;11;0.00147;0.81
2005-06;10;11;0.00135;0.73
2005-06;12;11;0.00174;0.78
2005-06;14;11;0.00248;0.75
2005-06;16;11;0.00258;0.81
2005-06;18;11;0.00167;0.7
2005-06;20;11;0.00082;0.75
2005-06;22;11;0.00084;0.98
2005-06;24;11;0.00122;0.95
2005-06;-24;13;0.00089;1.15
2005-06;-22;13;0.00063;1.07
2005-06;-20;13;0.00052;0.86
2005-06;-18;13;0.00132;0.79
2005-06;-16;13;0.00245;0.81
2005-06;-14;13;0.00254;0.79
2005-06;-12;13;0.00158;0.77
2005-06;-10;13;0.00109;0.72
2005-06;-8;13;0.0011;0.75
2005-06;-6;13;0.00141;0.71
2005-06;-4;13;0.00163;0.77
2005-06;-2;13;0.00267;0.69
2005-06;0;13;0.00579;0.87
2005-06;2;13;0.00264;0.76
2005-06;4;13;0.00169;0.78
2005-06;6;13;0.00146;0.89
2005-06;8;13;0.0011;0.71
2005-06;10;13;0.0013;0.84
2005-06;12;13;0.00164;0.7
2005-06;14;13;0.003;0.69
2005-06;16;13;0.00291;0.81
2005-06;18;13;0.00154;0.8
2005-06;20;13;0.0009;0.74
2005-06;22;13;0.00074;1.25
2005-06;24;13;0.00083;1.1
2005-06;-24;15;0.0005;0.9
2005-06;-22;15;0.00108;1.02
2005-06;-20;15;0.00042;0.76
2005-06;-18;15;0.00109;0.84
2005-06;-16;15;0.00222;0.84
2005-06;-14;15;0.00262;0.8
2005-06;-12;15;0.0016;0.67
2005-06;-10;15;0.00096;0.83
2005-06;-8;15;0.00083;0.78
2005-06;-6;15;0.00097;0.78
2005-06;-4;15;0.00098;0.7
2005-06;-2;15;0.00132;0.75
2005-06;0;15;0.00261;0.82
2005-06;2;15;0.0012;0.79
2005-06;4;15;0.00067;0.85
2005-06;6;15;0.00114;0.76
2005-06;8;15;0.00085;0.81
2005-06;10;15;0.00116;0.82
2005-06;12;15;0.00177;0.77
2005-06;14;15;0.00298;0.85
2005-06;16;15;0.00276;0.87
2005-06;18;15;0.00142;0.89
2005-06;20;15;0.0006;0.97
2005-06;22;15;0.00099;1.4
2005-06;24;15;0.00049;1.26
2005-06;-24;17;0.00033;1.03
2005-06;-22;17;0.00233;0.95
2005-06;-20;17;0.00054;0.97
2005-06;-18;17;0.00101;0.86
2005-06;-16;17;0.00221;0.79
2005-06;-14;17;0.00357;0.82
2005-06;-12;17;0.00256;0.74
2005-06;-10;17;0.00161;0.76
2005-06;-8;17;0.00142;0.91
2005-06;-6;17;0.00116;0.78
2005-06;-4;17;0.00073;0.75
2005-06;-2;17;0.00099;0.77
2005-06;0;17;0.00203;0.97
2005-06;2;17;0.00085;0.78
2005-06;4;17;0.00064;0.73
2005-06;6;17;0.00118;0.9
2005-06;8;17;0.00111;0.85
2005-06;10;17;0.00179;0.72
2005-06;12;17;0.00243;0.77
2005-06;14;17;0.0036;0.83
2005-06;16;17;0.0021;0.85
2005-06;18;17;0.00122;0.81
2005-06;20;17;0.00054;0.97
2005-06;22;17;0.00238;1.15
2005-06;24;17;0.00048;1.16
2005-06;-22;19;0.00161;1.06
2005-06;-20;19;0.00221;1.13
2005-06;-18;19;0.00085;0.79
2005-06;-16;19;0.00182;0.77
2005-06;-14;19;0.00354;0.86
2005-06;-12;19;0.00427;0.75
2005-06;-10;19;0.00342;0.83
2005-06;-8;19;0.00285;0.9
2005-06;-6;19;0.00119;0.82
2005-06;-4;19;0.00069;0.84
2005-06;-2;19;0.00111;0.82
2005-06;0;19;0.00242;0.93
2005-06;2;19;0.001;0.89
2005-06;4;19;0.00071;0.85
2005-06;6;19;0.00119;0.9
2005-06;8;19;0.0026;0.91
2005-06;10;19;0.0034;0.86
2005-06;12;19;0.00412;0.84
2005-06;14;19;0.00351;0.83
2005-06;16;19;0.00193;0.85
2005-06;18;19;0.00066;0.81
2005-06;20;19;0.00266;1.11
2005-06;22;19;0.00213;1.08
2005-06;-22;21;0.00048;0.87
2005-06;-20;21;0.00319;1.14
2005-06;-18;21;0.00227;1.04
2005-06;-16;21;0.00119;0.85
2005-06;-14;21;0.00283;0.79
2005-06;-12;21;0.00377;0.8
2005-06;-10;21;0.00369;0.79
2005-06;-8;21;0.00325;0.84
2005-06;-6;21;0.00155;0.93
2005-06;-4;21;0.00099;0.82
2005-06;-2;21;0.00151;0.84
2005-06;0;21;0.00334;0.87
2005-06;2;21;0.00163;0.69
2005-06;4;21;0.00109;0.8
2005-06;6;21;0.00171;0.81
2005-06;8;21;0.00244;0.79
2005-06;10;21;0.0036;0.79
2005-06;12;21;0.00341;0.74
2005-06;14;21;0.0024;0.87
2005-06;16;21;0.00111;1.0
2005-06;18;21;0.00215;1.08
2005-06;20;21;0.0037;1.13
2005-06;22;21;0.00083;1.03
2005-06;-20;23;0.00147;1.09
2005-06;-18;23;0.00504;1.15
2005-06;-16;23;0.0024;1.17
2005-06;-14;23;0.0013;0.88
2005-06;-12;23;0.00231;0.8
2005-06;-10;23;0.0027;0.72
2005-06;-8;23;0.00271;0.8
2005-06;-6;23;0.00187;0.76
2005-06;-4;23;0.00178;0.74
2005-06;-2;23;0.0017;0.73
2005-06;0;23;0.00314;0.76
2005-06;2;23;0.00193;0.87
2005-06;4;23;0.00146;0.68
2005-06;6;23;0.0019;0.78
2005-06;8;23;0.00231;0.73
2005-06;10;23;0.00256;0.75
2005-06;12;23;0.00213;0.77
2005-06;14;23;0.00134;1.03
2005-06;16;23;0.00246;1.16
2005-06;18;23;0.00512;1.03
2005-06;20;23;0.00182;1.03
2005-06;22;23;0.00018;0.79
2005-06;-20;25;0.00024;1.09
2005-06;-18;25;0.00184;0.94
2005-06;-16;25;0.00508;1.14
2005-06;-14;25;0.00371;1.07
2005-06;-12;25;0.0009;0.92
2005-06;-10;25;0.00119;0.86
2005-06;-8;25;0.00143;0.77
2005-06;-6;25;0.00142;0.78
2005-06;-4;25;0.00138;0.76
2005-06;-2;25;0.002;0.74
2005-06;0;25;0.00408;0.85
2005-06;2;25;0.00216;0.84
2005-06;4;25;0.00132;0.71
2005-06;6;25;0.00141;0.78
2005-06;8;25;0.00124;0.84
2005-06;10;25;0.00098;0.88
2005-06;12;25;0.00079;1.06
2005-06;14;25;0.00357;1.15
2005-06;16;25;0.00481;1.05
2005-06;18;25;0.002;0.92
2005-06;20;25;0.00024;0.85
2005-06;-18;27;0.00032;0.61
2005-06;-16;27;0.00148;1.01
2005-06;-14;27;0.00373;1.13
2005-06;-12;27;0.00432;1.04
2005-06;-10;27;0.00206;1.16
2005-06;-8;27;0.00082;1.03
2005-06;-6;27;0.0006;0.78
2005-06;-4;27;0.00089;0.75
2005-06;-2;27;0.00114;0.85
2005-06;0;27;0.00213;0.92
2005-06;2;27;0.00113;0.76
2005-06;4;27;0.00069;0.65
2005-06;6;27;0.00061;0.84
2005-06;8;27;0.00061;0.86
2005-06;10;27;0.00186;1.19
2005-06;12;27;0.00395;1.12
2005-06;14;27;0.00403;1.06
2005-06;16;27;0.00142;0.92
2005-06;18;27;0.00039;0.87
2005-06;-14;29;0.00064;0.88
2005-06;-12;29;0.00169;0.91
2005-06;-10;29;0.00275;0.92
2005-06;-8;29;0.00292;1.1
2005-06;-6;29;0.00203;1.14
2005-06;-4;29;0.00143;0.93
2005-06;-2;29;0.00141;1.04
2005-06;0;29;0.00256;1.16
2005-06;2;29;0.00157;0.99
2005-06;4;29;0.00142;1.15
2005-06;6;29;0.00191;0.98
2005-06;8;29;0.00255;1.16
2005-06;10;29;0.00251;1.08
2005-06;12;29;0.00175;1.02
2005-06;14;29;0.0008;0.87
2005-06;16;29;0.0002;0.69
2005-06;-12;31;0.00021;0.8
2005-06;-10;31;0.0004;1.05
2005-06;-8;31;0.00076;1.15
2005-06;-6;31;0.00105;1.02
2005-06;-4;31;0.00137;0.98
2005-06;-2;31;0.00248;0.95
2005-06;0;31;0.00413;1.11
2005-06;2;31;0.00256;1.19
2005-06;4;31;0.00131;1.06
2005-06;6;31;0.00105;0.87
2005-06;8;31;0.00069;1.02
2005-06;10;31;0.00044;0.92
2006-07;18;1;0.00016;1.1
2006-07;-24;3;0.00223;1.13
2006-07;-22;3;0.00111;1.16
2006-07;-20;3;0.00087;0.87
2006-07;-18;3;0.00165;0.78
2006-07;-16;3;0.00152;0.74
2006-07;-14;3;0.00075;0.7
2006-07;-12;3;0.00045;0.76
2006-07;-10;3;0.00019;0.7
2006-07;-8;3;0.00016;0.94
2006-07;-6;3;0.00015;0.6
2006-07;-2;3;0.00023;0.93
2006-07;0;3;0.00079;1.49
2006-07;6;3;0.00022;0.84
2006-07;8;3;0.00025;0.71
2006-07;10;3;0.00039;0.71
2006-07;12;3;0.00047;0.88
2006-07;14;3;0.00106;0.71
2006-07;16;3;0.00137;0.87
2006-07;18;3;0.00161;0.71
2006-07;20;3;0.00113;0.74
2006-07;22;3;0.00164;1.09
2006-07;24;3;0.00291;1.12
2006-07;-24;5;0.00638;1.22
2006-07;-22;5;0.00453;1.19
2006-07;-20;5;0.00249;0.81
2006-07;-18;5;0.00405;0.76
2006-07;-16;5;0.00444;0.8
2006-07;-14;5;0.00296;0.85
2006-07;-12;5;0.00194;0.72
2006-07;-10;5;0.00195;0.67
2006-07;-8;5;0.00201;0.72
2006-07;-6;5;0.00165;0.7
2006-07;-4;5;0.00178;0.6
2006-07;-2;5;0.0074;1.16
2006-07;0;5;0.27402;1.23
2006-07;2;5;0.00574;1.25
2006-07;4;5;0.00143;0.58
2006-07;6;5;0.00164;0.76
2006-07;8;5;0.00156;0.76
2006-07;10;5;0.00212;0.71
2006-07;12;5;0.00218;0.7
2006-07;14;5;0.00374;0.77
2006-07;16;5;0.00519;0.74
2006-07;18;5;0.00476;0.83
2006-07;20;5;0.00328;0.88
2006-07;22;5;0.00548;1.2
2006-07;24;5;0.00828;1.19
2006-07;-24;7;0.00389;0.98
2006-07;-22;7;0.00294;1.11
2006-07;-20;7;0.00154;0.79
2006-07;-18;7;0.00267;0.84
2006-07;-16;7;0.00376;0.77
2006-07;-14;7;0.00288;0.8
2006-07;-12;7;0.00221;0.65
2006-07;-10;7;0.00256;0.83
2006-07;-8;7;0.00347;0.78
2006-07;-6;7;0.00425;0.81
2006-07;-4;7;0.00444;0.76
2006-07;-2;7;0.00993;1.09
2006-07;0;7;0.01253;1.21
2006-07;2;7;0.00866;1.0
2006-07;4;7;0.00347;0.77
2006-07;6;7;0.00328;0.82
2006-07;8;7;0.00249;0.78
2006-07;10;7;0.00258;0.79
2006-07;12;7;0.00232;0.77
2006-07;14;7;0.00316;0.74
2006-07;16;7;0.00411;0.75
2006-07;18;7;0.00313;0.78
2006-07;20;7;0.00185;0.79
2006-07;22;7;0.00265;1.13
2006-07;24;7;0.00476;1.17
2006-07;-24;9;0.0022;1.13
2006-07;-22;9;0.00137;1.07
2006-07;-20;9;0.00077;0.84
2006-07;-18;9;0.00172;0.84
2006-07;-16;9;0.00257;0.79
2006-07;-14;9;0.00194;0.7
2006-07;-12;9;0.00156;0.77
2006-07;-10;9;0.0018;0.87
2006-07;-8;9;0.00267;0.85
2006-07;-6;9;0.00379;0.78
2006-07;-4;9;0.00395;0.81
2006-07;-2;9;0.00487;0.84
2006-07;0;9;0.00919;0.96
2006-07;2;9;0.00498;0.86
2006-07;4;9;0.00382;0.87
2006-07;6;9;0.00344;0.82
2006-07;8;9;0.00202;0.93
2006-07;10;9;0.00198;0.78
2006-07;12;9;0.0018;0.75
2006-07;14;9;0.00258;0.8
2006-07;16;9;0.00272;0.8
2006-07;18;9;0.00211;0.76
2006-07;20;9;0.00098;0.79
2006-07;22;9;0.00114;1.1
2006-07;24;9;0.00223;1.02
2006-07;-24;11;0.00118;1.15
2006-07;-22;11;0.00095;1.31
2006-07;-20;11;0.00071;0.88
2006-07;-18;11;0.00153;0.77
2006-07;-16;11;0.00224;0.79
2006-07;-14;11;0.00187;0.77
2006-07;-12;11;0.00135;0.76
2006-07;-10;11;0.00128;0.69
2006-07;-8;11;0.00143;0.68
2006-07;-6;11;0.00238;0.72
2006-07;-4;11;0.00273;0.75
2006-07;-2;11;0.0043;0.82
2006-07;0;11;0.01003;0.9
2006-07;2;11;0.00443;0.83
2006-07;4;11;0.00292;0.75
2006-07;6;11;0.00248;0.8
2006-07;8;11;0.0016;0.82
2006-07;10;11;0.00163;0.74
2006-07;12;11;0.00163;0.74
2006-07;14;11;0.00239;0.69
2006-07;16;11;0.00223;0.81
2006-07;18;11;0.0015;0.78
2006-07;20;11;0.00081;0.85
2006-07;22;11;0.00081;1.37
2006-07;24;11;0.00152;1.07
2006-07;-24;13;0.00079;1.17
2006-07;-22;13;0.00072;1.15
2006-07;-20;13;0.00068;0.92
2006-07;-18;13;0.00144;0.76
2006-07;-16;13;0.0023;0.82
2006-07;-14;13;0.00221;0.84
2006-07;-12;13;0.00136;0.72
2006-07;-10;13;0.00108;0.8
2006-07;-8;13;0.00101;0.79
2006-07;-6;13;0.00161;0.75
2006-07;-4;13;0.00167;0.82
2006-07;-2;13;0.00266;0.8
2006-07;0;13;0.00618;0.9
2006-07;2;13;0.00287;0.81
2006-07;4;13;0.00181;0.86
2006-07;6;13;0.00167;0.76
2006-07;8;13;0.00114;0.72
2006-07;10;13;0.00121;0.63
2006-07;12;13;0.00163;0.66
2006-07;14;13;0.00256;0.8
2006-07;16;13;0.0026;0.8
2006-07;18;13;0.00171;0.71
2006-07;20;13;0.00086;0.89
2006-07;22;13;0.00073;1.22
2006-07;24;13;0.001;1.0
2006-07;-24;15;0.00053;1.28
2006-07;-22;15;0.00108;1.11
2006-07;-20;15;0.00046;0.92
2006-07;-18;15;0.0011;0.78
2006-07;-16;15;0.00213;0.86
2006-07;-14;15;0.00251;0.75
2006-07;-12;15;0.00148;0.8
2006-07;-10;15;0.001;0.87
2006-07;-8;15;0.00077;0.72
2006-07;-6;15;0.0011;0.74
2006-07;-4;15;0.00101;0.8
2006-07;-2;15;0.00111;0.76
2006-07;0;15;0.00288;0.87
2006-07;2;15;0.00111;0.93
2006-07;4;15;0.00103;0.72
2006-07;6;15;0.00125;0.86
2006-07;8;15;0.00074;0.68
2006-07;10;15;0.00117;0.84
2006-07;12;15;0.00161;0.75
2006-07;14;15;0.00309;0.76
2006-07;16;15;0.00249;0.85
2006-07;18;15;0.00133;0.85
2006-07;20;15;0.00051;0.75
2006-07;22;15;0.00097;1.19
2006-07;24;15;0.00053;1.08
2006-07;-24;17;0.00029;1.21
2006-07;-22;17;0.00257;1.15
2006-07;-20;17;0.00061;1.04
2006-07;-18;17;0.00099;0.85
2006-07;-16;17;0.00225;0.86
2006-07;-14;17;0.0033;0.83
2006-07;-12;17;0.00237;0.77
2006-07;-10;17;0.00175;0.89
2006-07;-8;17;0.00127;0.9
2006-07;-6;17;0.00131;0.91
2006-07;-4;17;0.00079;0.86
2006-07;-2;17;0.00102;0.84
2006-07;0;17;0.00215;0.99
2006-07;2;17;0.00097;0.88
2006-07;4;17;0.00081;0.83
2006-07;6;17;0.00137;0.88
2006-07;8;17;0.00114;0.72
2006-07;10;17;0.00171;0.89
2006-07;12;17;0.00249;0.75
2006-07;14;17;0.00351;0.76
2006-07;16;17;0.00233;0.79
2006-07;18;17;0.00118;0.84
2006-07;20;17;0.0005;0.88
2006-07;22;17;0.00297;1.06
2006-07;24;17;0.00041;0.97
2006-07;-22;19;0.00178;1.08
2006-07;-20;19;0.00237;1.08
2006-07;-18;19;0.00061;1.03
2006-07;-16;19;0.00181;0.81
2006-07;-14;19;0.00336;0.92
2006-07;-12;19;0.00372;0.85
2006-07;-10;19;0.00329;0.87
2006-07;-8;19;0.00245;0.91
2006-07;-6;19;0.00105;0.77
2006-07;-4;19;0.00069;0.91
2006-07;-2;19;0.00109;0.76
2006-07;0;19;0.00261;0.94
2006-07;2;19;0.00098;0.73
2006-07;4;19;0.00068;0.83
2006-07;6;19;0.00106;0.72
2006-07;8;19;0.00204;0.91
2006-07;10;19;0.0032;0.8
2006-07;12;19;0.00384;0.77
2006-07;14;19;0.00363;0.79
2006-07;16;19;0.00196;0.79
2006-07;18;19;0.00062;0.96
2006-07;20;19;0.00289;1.16
2006-07;22;19;0.0023;1.12
2006-07;-22;21;0.00049;1.01
2006-07;-20;21;0.0035;1.06
2006-07;-18;21;0.00195;1.32
2006-07;-16;21;0.00086;0.86
2006-07;-14;21;0.00266;0.81
2006-07;-12;21;0.00388;0.84
2006-07;-10;21;0.00388;0.82
2006-07;-8;21;0.00344;0.86
2006-07;-6;21;0.0016;0.87
2006-07;-4;21;0.00111;0.75
2006-07;-2;21;0.00145;0.78
2006-07;0;21;0.00359;0.84
2006-07;2;21;0.00161;0.8
2006-07;4;21;0.00126;0.8
2006-07;6;21;0.00164;0.82
2006-07;8;21;0.00286;0.84
2006-07;10;21;0.00357;0.8
2006-07;12;21;0.00343;0.77
2006-07;14;21;0.00242;0.77
2006-07;16;21;0.00091;0.67
2006-07;18;21;0.00222;1.12
2006-07;20;21;0.00426;1.06
2006-07;22;21;0.00102;0.93
2006-07;-20;23;0.00136;1.0
2006-07;-18;23;0.00499;1.11
2006-07;-16;23;0.00223;1.18
2006-07;-14;23;0.00104;0.88
2006-07;-12;23;0.00233;0.89
2006-07;-10;23;0.00289;0.74
2006-07;-8;23;0.00315;0.74
2006-07;-6;23;0.00227;0.83
2006-07;-4;23;0.00142;0.78
2006-07;-2;23;0.00174;0.74
2006-07;0;23;0.00345;0.85
2006-07;2;23;0.00157;0.82
2006-07;4;23;0.00172;0.68
2006-07;6;23;0.00205;0.85
2006-07;8;23;0.00255;0.8
2006-07;10;23;0.00273;0.84
2006-07;12;23;0.002;0.77
2006-07;14;23;0.00103;0.87
2006-07;16;23;0.0028;1.07
2006-07;18;23;0.00549;1.16
2006-07;20;23;0.00176;1.01
2006-07;22;23;0.00017;0.82
2006-07;-20;25;0.00018;0.75
2006-07;-18;25;0.00181;1.05
2006-07;-16;25;0.00538;1.11
2006-07;-14;25;0.0037;1.12
2006-07;-12;25;0.00098;1.0
2006-07;-10;25;0.0011;0.81
2006-07;-8;25;0.00147;0.83
2006-07;-6;25;0.00148;0.74
2006-07;-4;25;0.00147;0.95
2006-07;-2;25;0.00213;0.75
2006-07;0;25;0.00425;0.86
2006-07;2;25;0.00192;0.73
2006-07;4;25;0.00125;0.82
2006-07;6;25;0.00139;0.84
2006-07;8;25;0.00116;0.87
2006-07;10;25;0.00088;0.73
2006-07;12;25;0.00077;0.73
2006-07;14;25;0.00361;1.19
2006-07;16;25;0.00519;1.07
2006-07;18;25;0.00201;0.95
2006-07;20;25;0.00041;0.75
2006-07;-18;27;0.0003;0.62
2006-07;-16;27;0.0017;1.07
2006-07;-14;27;0.00425;1.0
2006-07;-12;27;0.00467;1.05
2006-07;-10;27;0.00214;1.03
2006-07;-8;27;0.00067;0.97
2006-07;-6;27;0.00059;0.5
2006-07;-4;27;0.00082;0.79
2006-07;-2;27;0.00107;0.87
2006-07;0;27;0.00217;0.82
2006-07;2;27;0.0011;0.73
2006-07;4;27;0.00061;0.66
2006-07;6;27;0.00045;0.64
2006-07;8;27;0.00053;0.79
2006-07;10;27;0.0019;1.06
2006-07;12;27;0.00392;1.1
2006-07;14;27;0.00389;1.01
2006-07;16;27;0.00167;0.95
2006-07;18;27;0.00041;0.82
2006-07;-16;29;0.0003;0.92
2006-07;-14;29;0.00088;1.06
2006-07;-12;29;0.00213;1.12
2006-07;-10;29;0.00292;1.02
2006-07;-8;29;0.00294;1.17
2006-07;-6;29;0.00195;0.94
2006-07;-4;29;0.00129;0.92
2006-07;-2;29;0.00149;0.97
2006-07;0;29;0.00269;1.12
2006-07;2;29;0.00135;1.03
2006-07;4;29;0.00135;0.9
2006-07;6;29;0.00174;1.09
2006-07;8;29;0.00244;1.07
2006-07;10;29;0.00231;1.2
2006-07;12;29;0.00154;1.06
2006-07;14;29;0.00092;0.98
2006-07;16;29;0.00026;0.6
2006-07;-12;31;0.00017;0.73
2006-07;-10;31;0.00051;1.17
2006-07;-8;31;0.00091;1.01
2006-07;-6;31;0.00119;1.0
2006-07;-4;31;0.00142;1.08
2006-07;-2;31;0.00266;1.13
2006-07;0;31;0.00465;1.16
2006-07;2;31;0.0026;1.05
2006-07;4;31;0.0014;1.17
2006-07;6;31;0.00109;0.95
2006-07;8;31;0.00082;1.03
2006-07;10;31;0.00049;0.79
2006-07;12;31;0.00023;0.67
2007-08;-24;3;0.00153;1.18
2007-08;-22;3;0.00083;1.14
2007-08;-20;3;0.00061;0.84
2007-08;-18;3;0.00078;0.9
2007-08;-16;3;0.00065;0.81
2007-08;-14;3;0.00041;0.91
2007-08;-12;3;0.00032;0.81
2007-08;-10;3;0.00021;0.63
2007-08;-8;3;0.00015;0.8
2007-08;-2;3;0.00025;1.22
2007-08;0;3;0.00057;1.59
2007-08;10;3;0.00024;0.58
2007-08;12;3;0.00035;0.77
2007-08;14;3;0.00047;0.74
2007-08;16;3;0.00064;0.83
2007-08;18;3;0.00092;0.79
2007-08;20;3;0.00079;0.94
2007-08;22;3;0.00081;1.22
2007-08;24;3;0.00213;1.14
2007-08;-24;5;0.00519;1.26
2007-08;-22;5;0.00469;1.18
2007-08;-20;5;0.00245;0.88
2007-08;-18;5;0.00289;0.84
2007-08;-16;5;0.00318;0.86
2007-08;-14;5;0.00199;0.86
2007-08;-12;5;0.00147;0.77
2007-08;-10;5;0.00148;0.67
2007-08;-8;5;0.00143;0.76
2007-08;-6;5;0.00119;0.83
2007-08;-4;5;0.00118;0.86
2007-08;-2;5;0.00553;1.18
2007-08;0;5;0.27289;1.22
2007-08;2;5;0.00537;1.33
2007-08;4;5;0.00087;0.62
2007-08;6;5;0.00115;0.86
2007-08;8;5;0.00123;0.77
2007-08;10;5;0.00151;0.8
2007-08;12;5;0.00152;0.77
2007-08;14;5;0.0025;0.74
2007-08;16;5;0.00325;0.84
2007-08;18;5;0.00355;0.89
2007-08;20;5;0.00259;0.81
2007-08;22;5;0.00448;1.19
2007-08;24;5;0.00764;1.13
2007-08;-24;7;0.00449;1.15
2007-08;-22;7;0.00383;1.22
2007-08;-20;7;0.00201;0.9
2007-08;-18;7;0.00356;0.91
2007-08;-16;7;0.00372;0.83
2007-08;-14;7;0.00302;0.74
2007-08;-12;7;0.00213;0.74
2007-08;-10;7;0.0026;0.77
2007-08;-8;7;0.00346;0.76
2007-08;-6;7;0.00346;0.85
2007-08;-4;7;0.0035;0.81
2007-08;-2;7;0.00812;1.02
2007-08;0;7;0.01236;1.24
2007-08;2;7;0.00805;1.01
2007-08;4;7;0.00251;0.8
2007-08;6;7;0.00274;0.75
2007-08;8;7;0.00257;0.82
2007-08;10;7;0.00244;0.74
2007-08;12;7;0.00206;0.74
2007-08;14;7;0.00303;0.78
2007-08;16;7;0.00369;0.8
2007-08;18;7;0.00339;0.84
2007-08;20;7;0.00218;0.85
2007-08;22;7;0.00311;1.12
2007-08;24;7;0.00573;1.22
2007-08;-24;9;0.00246;1.23
2007-08;-22;9;0.00196;1.14
2007-08;-20;9;0.00111;0.86
2007-08;-18;9;0.0024;0.87
2007-08;-16;9;0.00259;0.8
2007-08;-14;9;0.00223;0.77
2007-08;-12;9;0.00193;0.71
2007-08;-10;9;0.0024;0.73
2007-08;-8;9;0.00324;0.89
2007-08;-6;9;0.00385;0.81
2007-08;-4;9;0.00358;0.82
2007-08;-2;9;0.00424;0.77
2007-08;0;9;0.00691;0.98
2007-08;2;9;0.00438;0.84
2007-08;4;9;0.00328;0.81
2007-08;6;9;0.00342;0.83
2007-08;8;9;0.00226;0.77
2007-08;10;9;0.00243;0.66
2007-08;12;9;0.00181;0.66
2007-08;14;9;0.00249;0.76
2007-08;16;9;0.00267;0.78
2007-08;18;9;0.00244;0.81
2007-08;20;9;0.0015;0.78
2007-08;22;9;0.0014;1.23
2007-08;24;9;0.0032;1.16
2007-08;-24;11;0.00178;1.19
2007-08;-22;11;0.00112;1.16
2007-08;-20;11;0.00086;0.97
2007-08;-18;11;0.0017;0.77
2007-08;-16;11;0.00215;0.78
2007-08;-14;11;0.00165;0.77
2007-08;-12;11;0.00144;0.79
2007-08;-10;11;0.00173;0.74
2007-08;-8;11;0.00203;0.75
2007-08;-6;11;0.00262;0.75
2007-08;-4;11;0.00273;0.78
2007-08;-2;11;0.00415;0.8
2007-08;0;11;0.00872;0.93
2007-08;2;11;0.00438;0.85
2007-08;4;11;0.00261;0.76
2007-08;6;11;0.00271;0.8
2007-08;8;11;0.0019;0.77
2007-08;10;11;0.00173;0.79
2007-08;12;11;0.00159;0.74
2007-08;14;11;0.00207;0.76
2007-08;16;11;0.00232;0.77
2007-08;18;11;0.00178;0.84
2007-08;20;11;0.00087;0.83
2007-08;22;11;0.00082;1.26
2007-08;24;11;0.00173;1.1
2007-08;-24;13;0.00107;1.11
2007-08;-22;13;0.00084;1.14
2007-08;-20;13;0.0007;0.74
2007-08;-18;13;0.00183;0.82
2007-08;-16;13;0.00222;0.82
2007-08;-14;13;0.00198;0.87
2007-08;-12;13;0.00151;0.7
2007-08;-10;13;0.00124;0.74
2007-08;-8;13;0.00162;0.79
2007-08;-6;13;0.00194;0.8
2007-08;-4;13;0.0022;0.78
2007-08;-2;13;0.00333;0.78
2007-08;0;13;0.00722;0.86
2007-08;2;13;0.00346;0.74
2007-08;4;13;0.00222;0.78
2007-08;6;13;0.00242;0.72
2007-08;8;13;0.00128;0.67
2007-08;10;13;0.00135;0.87
2007-08;12;13;0.00169;0.82
2007-08;14;13;0.00259;0.8
2007-08;16;13;0.00294;0.8
2007-08;18;13;0.00209;0.86
2007-08;20;13;0.00098;0.78
2007-08;22;13;0.00068;0.97
2007-08;24;13;0.00118;1.26
2007-08;-24;15;0.00055;1.16
2007-08;-22;15;0.00119;1.3
2007-08;-20;15;0.00038;0.75
2007-08;-18;15;0.00141;0.79
2007-08;-16;15;0.00222;0.81
2007-08;-14;15;0.00214;0.84
2007-08;-12;15;0.00142;0.79
2007-08;-10;15;0.00107;0.79
2007-08;-8;15;0.00102;0.71
2007-08;-6;15;0.00123;0.89
2007-08;-4;15;0.00119;0.84
2007-08;-2;15;0.00156;0.73
2007-08;0;15;0.00332;0.78
2007-08;2;15;0.00163;0.73
2007-08;4;15;0.00142;0.78
2007-08;6;15;0.00141;0.76
2007-08;8;15;0.0008;0.79
2007-08;10;15;0.00121;0.78
2007-08;12;15;0.00145;0.73
2007-08;14;15;0.00267;0.78
2007-08;16;15;0.00243;0.8
2007-08;18;15;0.00153;0.81
2007-08;20;15;0.00062;0.73
2007-08;22;15;0.00091;1.12
2007-08;24;15;0.00075;1.28
2007-08;-24;17;0.00027;0.91
2007-08;-22;17;0.0024;1.1
2007-08;-20;17;0.00056;0.91
2007-08;-18;17;0.00109;0.78
2007-08;-16;17;0.00238;0.79
2007-08;-14;17;0.00309;0.77
2007-08;-12;17;0.00224;0.84
2007-08;-10;17;0.00162;0.79
2007-08;-8;17;0.00129;0.79
2007-08;-6;17;0.00121;0.82
2007-08;-4;17;0.00103;0.82
2007-08;-2;17;0.00121;0.78
2007-08;0;17;0.00232;0.85
2007-08;2;17;0.00111;0.78
2007-08;4;17;0.00096;0.84
2007-08;6;17;0.00158;0.76
2007-08;8;17;0.00131;0.82
2007-08;10;17;0.0015;0.72
2007-08;12;17;0.00236;0.8
2007-08;14;17;0.00364;0.83
2007-08;16;17;0.00253;0.79
2007-08;18;17;0.00132;0.83
2007-08;20;17;0.00047;0.71
2007-08;22;17;0.00274;1.06
2007-08;24;17;0.00052;1.17
2007-08;-22;19;0.00148;1.12
2007-08;-20;19;0.00261;1.15
2007-08;-18;19;0.00055;0.97
2007-08;-16;19;0.0021;0.72
2007-08;-14;19;0.00365;0.82
2007-08;-12;19;0.00367;0.85
2007-08;-10;19;0.00279;0.8
2007-08;-8;19;0.00262;0.84
2007-08;-6;19;0.00118;0.9
2007-08;-4;19;0.00072;0.81
2007-08;-2;19;0.00112;0.87
2007-08;0;19;0.00219;0.82
2007-08;2;19;0.00105;0.9
2007-08;4;19;0.00072;0.87
2007-08;6;19;0.00103;0.72
2007-08;8;19;0.00195;0.8
2007-08;10;19;0.00264;0.88
2007-08;12;19;0.00331;0.86
2007-08;14;19;0.00363;0.84
2007-08;16;19;0.00202;0.75
2007-08;18;19;0.00064;0.79
2007-08;20;19;0.00229;1.13
2007-08;22;19;0.00248;1.15
2007-08;-22;21;0.00035;0.81
2007-08;-20;21;0.00332;1.0
2007-08;-18;21;0.00228;1.21
2007-08;-16;21;0.00108;0.84
2007-08;-14;21;0.0027;0.74
2007-08;-12;21;0.00375;0.78
2007-08;-10;21;0.0036;0.82
2007-08;-8;21;0.00328;0.89
2007-08;-6;21;0.00181;0.73
2007-08;-4;21;0.00154;0.79
2007-08;-2;21;0.00165;0.84
2007-08;0;21;0.00319;0.94
2007-08;2;21;0.00161;0.94
2007-08;4;21;0.00121;0.88
2007-08;6;21;0.00188;0.87
2007-08;8;21;0.0027;0.8
2007-08;10;21;0.00346;0.83
2007-08;12;21;0.00316;0.82
2007-08;14;21;0.00307;0.84
2007-08;16;21;0.0012;0.84
2007-08;18;21;0.00172;1.08
2007-08;20;21;0.00427;1.12
2007-08;22;21;0.00099;1.11
2007-08;-20;23;0.00118;0.83
2007-08;-18;23;0.00532;1.09
2007-08;-16;23;0.00287;1.05
2007-08;-14;23;0.0011;0.72
2007-08;-12;23;0.00261;0.86
2007-08;-10;23;0.00309;0.77
2007-08;-8;23;0.00321;0.89
2007-08;-6;23;0.00265;0.78
2007-08;-4;23;0.00217;0.84
2007-08;-2;23;0.00204;0.88
2007-08;0;23;0.00352;0.83
2007-08;2;23;0.00207;0.79
2007-08;4;23;0.00221;0.81
2007-08;6;23;0.0025;0.73
2007-08;8;23;0.00288;0.83
2007-08;10;23;0.00272;0.74
2007-08;12;23;0.00231;0.74
2007-08;14;23;0.00131;0.87
2007-08;16;23;0.0025;1.2
2007-08;18;23;0.00572;1.12
2007-08;20;23;0.00217;0.94
2007-08;22;23;0.00015;1.1
2007-08;-20;25;0.00029;0.95
2007-08;-18;25;0.00184;0.99
2007-08;-16;25;0.00554;1.07
2007-08;-14;25;0.0043;1.19
2007-08;-12;25;0.001;0.94
2007-08;-10;25;0.0014;0.8
2007-08;-8;25;0.002;0.77
2007-08;-6;25;0.00201;0.68
2007-08;-4;25;0.00196;0.77
2007-08;-2;25;0.00233;0.88
2007-08;0;25;0.00416;0.92
2007-08;2;25;0.00228;0.75
2007-08;4;25;0.00176;0.77
2007-08;6;25;0.00174;0.88
2007-08;8;25;0.00141;0.79
2007-08;10;25;0.00109;0.65
2007-08;12;25;0.00072;0.91
2007-08;14;25;0.00392;1.08
2007-08;16;25;0.00565;1.07
2007-08;18;25;0.00247;0.97
2007-08;20;25;0.00046;0.79
2007-08;-18;27;0.00044;1.07
2007-08;-16;27;0.00174;1.03
2007-08;-14;27;0.0044;1.04
2007-08;-12;27;0.00525;1.16
2007-08;-10;27;0.00261;1.17
2007-08;-8;27;0.00077;1.04
2007-08;-6;27;0.00068;0.86
2007-08;-4;27;0.00098;0.73
2007-08;-2;27;0.00131;0.82
2007-08;0;27;0.00224;0.78
2007-08;2;27;0.00117;0.78
2007-08;4;27;0.00069;0.64
2007-08;6;27;0.0007;0.89
2007-08;8;27;0.00049;0.78
2007-08;10;27;0.00175;1.11
2007-08;12;27;0.00401;1.23
2007-08;14;27;0.00444;1.07
2007-08;16;27;0.00214;1.03
2007-08;18;27;0.00052;0.89
2007-08;-16;29;0.00028;0.96
2007-08;-14;29;0.00082;0.93
2007-08;-12;29;0.0019;1.09
2007-08;-10;29;0.00306;1.1
2007-08;-8;29;0.00324;1.07
2007-08;-6;29;0.00245;1.16
2007-08;-4;29;0.00152;1.14
2007-08;-2;29;0.00159;0.97
2007-08;0;29;0.00223;1.1
2007-08;2;29;0.00128;1.13
2007-08;4;29;0.00138;1.15
2007-08;6;29;0.00193;1.03
2007-08;8;29;0.00294;0.99
2007-08;10;29;0.00303;1.08
2007-08;12;29;0.00178;0.96
2007-08;14;29;0.00096;0.91
2007-08;16;29;0.00036;0.88
2007-08;-12;31;0.00032;0.66
2007-08;-10;31;0.00055;0.95
2007-08;-8;31;0.00099;0.81
2007-08;-6;31;0.00138;1.08
2007-08;-4;31;0.00178;1.0
2007-08;-2;31;0.00276;1.01
2007-08;0;31;0.00444;1.06
2007-08;2;31;0.00271;1.13
2007-08;4;31;0.00163;1.09
2007-08;6;31;0.00125;0.92
2007-08;8;31;0.00078;1.15
2007-08;10;31;0.00054;0.94
2007-08;12;31;0.00027;0.91
2008-09;-24;3;0.00107;1.34
2008-09;-22;3;0.00067;1.1
2008-09;-20;3;0.00038;0.76
2008-09;-18;3;0.00066;0.8
2008-09;-16;3;0.00055;0.92
2008-09;-14;3;0.00036;0.85
2008-09;-12;3;0.00027;0.72
2008-09;-10;3;0.00017;0.88
2008-09;-2;3;0.00024;1.06
2008-09;0;3;0.00069;1.35
2008-09;2;3;0.00017;1.21
2008-09;10;3;0.00017;1.18
2008-09;12;3;0.00024;0.85
2008-09;14;3;0.00032;1.05
2008-09;16;3;0.00061;0.71
2008-09;18;3;0.0006;0.72
2008-09;20;3;0.0006;0.87
2008-09;22;3;0.00088;1.37
2008-09;24;3;0.00142;1.23
2008-09;-24;5;0.00634;1.2
2008-09;-22;5;0.00426;1.16
2008-09;-20;5;0.00187;0.68
2008-09;-18;5;0.00228;0.82
2008-09;-16;5;0.0027;0.83
2008-09;-14;5;0.00199;0.82
2008-09;-12;5;0.00156;0.81
2008-09;-10;5;0.00131;0.7
2008-09;-8;5;0.001;0.83
2008-09;-6;5;0.00097;0.73
2008-09;-4;5;0.00129;0.86
2008-09;-2;5;0.00775;1.19
2008-09;0;5;0.2765;1.21
2008-09;2;5;0.0069;1.2
2008-09;4;5;0.00117;0.96
2008-09;6;5;0.00083;0.87
2008-09;8;5;0.00131;0.8
2008-09;10;5;0.00152;0.83
2008-09;12;5;0.00165;0.82
2008-09;14;5;0.00219;0.79
2008-09;16;5;0.00351;0.8
2008-09;18;5;0.00291;0.84
2008-09;20;5;0.00245;0.77
2008-09;22;5;0.00608;1.2
2008-09;24;5;0.00649;1.21
2008-09;-24;7;0.00484;1.2
2008-09;-22;7;0.00404;1.2
2008-09;-20;7;0.002;0.75
2008-09;-18;7;0.00328;0.78
2008-09;-16;7;0.00367;0.79
2008-09;-14;7;0.00263;0.75
2008-09;-12;7;0.00225;0.74
2008-09;-10;7;0.00258;0.7
2008-09;-8;7;0.003;0.74
2008-09;-6;7;0.00326;0.82
2008-09;-4;7;0.00389;0.83
2008-09;-2;7;0.00814;1.09
2008-09;0;7;0.01249;1.2
2008-09;2;7;0.00735;1.04
2008-09;4;7;0.00288;0.8
2008-09;6;7;0.00261;0.84
2008-09;8;7;0.00242;0.84
2008-09;10;7;0.00245;0.72
2008-09;12;7;0.00217;0.82
2008-09;14;7;0.00272;0.76
2008-09;16;7;0.00415;0.79
2008-09;18;7;0.00326;0.8
2008-09;20;7;0.00232;0.78
2008-09;22;7;0.0045;1.15
2008-09;24;7;0.00583;1.09
2008-09;-24;9;0.003;1.07
2008-09;-22;9;0.00221;1.29
2008-09;-20;9;0.00133;0.81
2008-09;-18;9;0.00246;0.81
2008-09;-16;9;0.00295;0.79
2008-09;-14;9;0.00216;0.77
2008-09;-12;9;0.00202;0.75
2008-09;-10;9;0.0025;0.74
2008-09;-8;9;0.00337;0.75
2008-09;-6;9;0.00431;0.81
2008-09;-4;9;0.004;0.76
2008-09;-2;9;0.0043;0.81
2008-09;0;9;0.00721;0.96
2008-09;2;9;0.00381;0.83
2008-09;4;9;0.00376;0.81
2008-09;6;9;0.00371;0.82
2008-09;8;9;0.00276;0.76
2008-09;10;9;0.00245;0.67
2008-09;12;9;0.00197;0.78
2008-09;14;9;0.00283;0.81
2008-09;16;9;0.0035;0.84
2008-09;18;9;0.00235;0.8
2008-09;20;9;0.00137;0.78
2008-09;22;9;0.00228;1.15
2008-09;24;9;0.00311;1.23
2008-09;-24;11;0.0018;1.1
2008-09;-22;11;0.00121;1.11
2008-09;-20;11;0.00081;0.86
2008-09;-18;11;0.00166;0.75
2008-09;-16;11;0.00231;0.75
2008-09;-14;11;0.0018;0.75
2008-09;-12;11;0.00167;0.75
2008-09;-10;11;0.00196;0.78
2008-09;-8;11;0.00202;0.78
2008-09;-6;11;0.00306;0.75
2008-09;-4;11;0.00361;0.86
2008-09;-2;11;0.00447;0.88
2008-09;0;11;0.00929;0.94
2008-09;2;11;0.00397;0.84
2008-09;4;11;0.00298;0.72
2008-09;6;11;0.00297;0.77
2008-09;8;11;0.00166;0.84
2008-09;10;11;0.00186;0.68
2008-09;12;11;0.00175;0.7
2008-09;14;11;0.0024;0.78
2008-09;16;11;0.00284;0.88
2008-09;18;11;0.00174;0.76
2008-09;20;11;0.00094;0.83
2008-09;22;11;0.00125;1.14
2008-09;24;11;0.00172;1.21
2008-09;-24;13;0.00095;1.05
2008-09;-22;13;0.00069;1.06
2008-09;-20;13;0.00069;0.61
2008-09;-18;13;0.00141;0.84
2008-09;-16;13;0.00246;0.76
2008-09;-14;13;0.00193;0.89
2008-09;-12;13;0.00138;0.71
2008-09;-10;13;0.00117;0.67
2008-09;-8;13;0.00112;0.81
2008-09;-6;13;0.00188;0.71
2008-09;-4;13;0.00219;0.79
2008-09;-2;13;0.00293;0.79
2008-09;0;13;0.00635;0.89
2008-09;2;13;0.00275;0.8
2008-09;4;13;0.00203;0.81
2008-09;6;13;0.0019;0.66
2008-09;8;13;0.00102;0.84
2008-09;10;13;0.00131;0.73
2008-09;12;13;0.00142;0.75
2008-09;14;13;0.0025;0.74
2008-09;16;13;0.00279;0.75
2008-09;18;13;0.00152;0.8
2008-09;20;13;0.00091;0.7
2008-09;22;13;0.00077;1.16
2008-09;24;13;0.00085;1.01
2008-09;-24;15;0.00065;1.05
2008-09;-22;15;0.00142;1.14
2008-09;-20;15;0.0006;0.78
2008-09;-18;15;0.00148;0.74
2008-09;-16;15;0.00255;0.77
2008-09;-14;15;0.00241;0.82
2008-09;-12;15;0.00158;0.85
2008-09;-10;15;0.00123;0.83
2008-09;-8;15;0.0009;0.77
2008-09;-6;15;0.00149;0.74
2008-09;-4;15;0.00155;0.71
2008-09;-2;15;0.00189;0.81
2008-09;0;15;0.00336;0.74
2008-09;2;15;0.00143;0.86
2008-09;4;15;0.00126;0.88
2008-09;6;15;0.00149;0.86
2008-09;8;15;0.00104;0.79
2008-09;10;15;0.00125;0.82
2008-09;12;15;0.00168;0.72
2008-09;14;15;0.00294;0.77
2008-09;16;15;0.00303;0.84
2008-09;18;15;0.00131;0.7
2008-09;20;15;0.00059;0.91
2008-09;22;15;0.00153;1.2
2008-09;24;15;0.0005;1.32
2008-09;-24;17;0.00023;1.37
2008-09;-22;17;0.00246;1.08
2008-09;-20;17;0.00044;1.02
2008-09;-18;17;0.00104;0.83
2008-09;-16;17;0.002;0.83
2008-09;-14;17;0.00294;0.75
2008-09;-12;17;0.00255;0.85
2008-09;-10;17;0.00161;0.95
2008-09;-8;17;0.00123;0.81
2008-09;-6;17;0.00148;0.73
2008-09;-4;17;0.00113;0.8
2008-09;-2;17;0.00115;0.87
2008-09;0;17;0.00229;0.87
2008-09;2;17;0.0009;0.84
2008-09;4;17;0.00083;0.8
2008-09;6;17;0.00129;0.92
2008-09;8;17;0.00123;0.78
2008-09;10;17;0.00179;0.82
2008-09;12;17;0.00245;0.82
2008-09;14;17;0.0034;0.8
2008-09;16;17;0.00233;0.83
2008-09;18;17;0.00098;0.7
2008-09;20;17;0.0008;0.99
2008-09;22;17;0.00308;1.03
2008-09;24;17;0.00024;0.94
2008-09;-22;19;0.00156;1.0
2008-09;-20;19;0.00206;1.09
2008-09;-18;19;0.00045;0.83
2008-09;-16;19;0.00189;0.69
2008-09;-14;19;0.00306;0.9
2008-09;-12;19;0.0036;0.81
2008-09;-10;19;0.00304;0.86
2008-09;-8;19;0.00233;0.83
2008-09;-6;19;0.00112;0.79
2008-09;-4;19;0.00087;0.77
2008-09;-2;19;0.001;0.88
2008-09;0;19;0.00232;0.95
2008-09;2;19;0.00089;0.83
2008-09;4;19;0.00078;0.84
2008-09;6;19;0.00093;0.83
2008-09;8;19;0.00213;0.89
2008-09;10;19;0.0029;0.84
2008-09;12;19;0.00329;0.8
2008-09;14;19;0.00323;0.86
2008-09;16;19;0.00188;0.82
2008-09;18;19;0.00044;0.98
2008-09;20;19;0.00295;1.04
2008-09;22;19;0.002;1.07
2008-09;-22;21;0.00062;1.11
2008-09;-20;21;0.00315;1.12
2008-09;-18;21;0.00228;1.07
2008-09;-16;21;0.00109;0.85
2008-09;-14;21;0.00227;0.87
2008-09;-12;21;0.00403;0.87
2008-09;-10;21;0.00398;0.88
2008-09;-8;21;0.00323;0.88
2008-09;-6;21;0.00181;0.9
2008-09;-4;21;0.00164;0.92
2008-09;-2;21;0.00163;0.95
2008-09;0;21;0.003;0.84
2008-09;2;21;0.00139;0.93
2008-09;4;21;0.00147;0.84
2008-09;6;21;0.00169;0.8
2008-09;8;21;0.00272;0.89
2008-09;10;21;0.00355;0.87
2008-09;12;21;0.00314;0.78
2008-09;14;21;0.00251;0.82
2008-09;16;21;0.00087;0.87
2008-09;18;21;0.00233;1.17
2008-09;20;21;0.00437;1.11
2008-09;22;21;0.00061;0.94
2008-09;-20;23;0.00132;0.96
2008-09;-18;23;0.00493;1.21
2008-09;-16;23;0.00238;1.16
2008-09;-14;23;0.0011;0.8
2008-09;-12;23;0.00242;0.73
2008-09;-10;23;0.00291;0.83
2008-09;-8;23;0.00286;0.8
2008-09;-6;23;0.00272;0.86
2008-09;-4;23;0.00222;0.78
2008-09;-2;23;0.00187;0.76
2008-09;0;23;0.00346;0.9
2008-09;2;23;0.00174;0.96
2008-09;4;23;0.00206;0.75
2008-09;6;23;0.00228;0.86
2008-09;8;23;0.00275;0.77
2008-09;10;23;0.00243;0.76
2008-09;12;23;0.00177;0.77
2008-09;14;23;0.00086;0.95
2008-09;16;23;0.00307;1.24
2008-09;18;23;0.00504;1.12
2008-09;20;23;0.00172;1.24
2008-09;-20;25;0.00035;1.04
2008-09;-18;25;0.00193;1.11
2008-09;-16;25;0.00559;1.06
2008-09;-14;25;0.00336;1.09
2008-09;-12;25;0.00086;0.99
2008-09;-10;25;0.00139;0.73
2008-09;-8;25;0.00147;0.72
2008-09;-6;25;0.00168;0.78
2008-09;-4;25;0.00192;0.81
2008-09;-2;25;0.00219;0.86
2008-09;0;25;0.00368;0.81
2008-09;2;25;0.0018;0.79
2008-09;4;25;0.00165;0.81
2008-09;6;25;0.00143;0.78
2008-09;8;25;0.00132;0.78
2008-09;10;25;0.00112;0.8
2008-09;12;25;0.00071;0.92
2008-09;14;25;0.0033;1.22
2008-09;16;25;0.00523;1.09
2008-09;18;25;0.00201;1.04
2008-09;20;25;0.00034;0.71
2008-09;-18;27;0.00051;0.92
2008-09;-16;27;0.00187;1.12
2008-09;-14;27;0.00496;1.1
2008-09;-12;27;0.00504;1.17
2008-09;-10;27;0.00188;1.26
2008-09;-8;27;0.00075;0.88
2008-09;-6;27;0.00081;0.71
2008-09;-4;27;0.00094;0.85
2008-09;-2;27;0.00126;0.79
2008-09;0;27;0.00201;0.8
2008-09;2;27;0.00105;0.86
2008-09;4;27;0.00078;0.73
2008-09;6;27;0.00053;0.76
2008-09;8;27;0.00053;0.95
2008-09;10;27;0.00173;1.2
2008-09;12;27;0.00384;1.09
2008-09;14;27;0.00432;1.0
2008-09;16;27;0.00177;1.09
2008-09;18;27;0.00049;1.02
2008-09;-18;29;0.00016;0.68
2008-09;-16;29;0.0006;0.73
2008-09;-14;29;0.00113;1.0
2008-09;-12;29;0.0027;1.08
2008-09;-10;29;0.00393;1.03
2008-09;-8;29;0.00334;1.1
2008-09;-6;29;0.00209;1.05
2008-09;-4;29;0.00156;1.16
2008-09;-2;29;0.00148;1.22
2008-09;0;29;0.00205;1.2
2008-09;2;29;0.0011;1.15
2008-09;4;29;0.0013;1.29
2008-09;6;29;0.00192;1.1
2008-09;8;29;0.00305;1.1
2008-09;10;29;0.00316;1.11
2008-09;12;29;0.00204;1.11
2008-09;14;29;0.00102;0.88
2008-09;16;29;0.00044;0.86
2008-09;18;29;0.00016;0.66
2008-09;-14;31;0.00017;1.32
2008-09;-12;31;0.00036;0.76
2008-09;-10;31;0.00071;0.96
2008-09;-8;31;0.001;1.05
2008-09;-6;31;0.00128;1.05
2008-09;-4;31;0.00178;1.12
2008-09;-2;31;0.00254;1.13
2008-09;0;31;0.00416;1.07
2008-09;2;31;0.00254;1.01
2008-09;4;31;0.00157;1.17
2008-09;6;31;0.00123;0.99
2008-09;8;31;0.00094;0.96
2008-09;10;31;0.00061;1.2
2008-09;12;31;0.00027;1.02
2009-10;-24;3;0.00096;1.27
2009-10;-22;3;0.00055;1.62
2009-10;-20;3;0.00039;0.72
2009-10;-18;3;0.00075;0.81
2009-10;-16;3;0.00067;0.9
2009-10;-14;3;0.00049;0.84
2009-10;-12;3;0.00027;0.94
2009-10;-2;3;0.00026;0.75
2009-10;0;3;0.00091;1.26
2009-10;2;3;0.00027;1.02
2009-10;10;3;0.00018;0.91
2009-10;12;3;0.00025;0.92
2009-10;14;3;0.00039;0.81
2009-10;16;3;0.00072;0.94
2009-10;18;3;0.00081;0.9
2009-10;20;3;0.00065;0.95
2009-10;22;3;0.00075;1.19
2009-10;24;3;0.00156;1.19
2009-10;-24;5;0.00545;1.2
2009-10;-22;5;0.00446;1.18
2009-10;-20;5;0.0018;0.72
2009-10;-18;5;0.0025;0.83
2009-10;-16;5;0.00256;0.79
2009-10;-14;5;0.00191;0.89
2009-10;-12;5;0.00163;0.88
2009-10;-10;5;0.00128;0.77
2009-10;-8;5;0.00131;0.69
2009-10;-6;5;0.00119;0.8
2009-10;-4;5;0.00156;0.71
2009-10;-2;5;0.01023;1.22
2009-10;0;5;0.27361;1.23
2009-10;2;5;0.00991;1.23
2009-10;4;5;0.00104;0.64
2009-10;6;5;0.00086;0.74
2009-10;8;5;0.00128;0.74
2009-10;10;5;0.00137;0.79
2009-10;12;5;0.00146;0.79
2009-10;14;5;0.00195;0.83
2009-10;16;5;0.00303;0.85
2009-10;18;5;0.00266;0.85
2009-10;20;5;0.0023;0.89
2009-10;22;5;0.00505;1.21
2009-10;24;5;0.00617;1.18
2009-10;-24;7;0.00486;1.13
2009-10;-22;7;0.00376;1.11
2009-10;-20;7;0.0016;0.93
2009-10;-18;7;0.00306;0.83
2009-10;-16;7;0.00378;0.85
2009-10;-14;7;0.0028;0.74
2009-10;-12;7;0.00248;0.82
2009-10;-10;7;0.00279;0.78
2009-10;-8;7;0.00331;0.91
2009-10;-6;7;0.00367;0.81
2009-10;-4;7;0.00325;0.87
2009-10;-2;7;0.00725;1.1
2009-10;0;7;0.01516;1.21
2009-10;2;7;0.00739;1.02
2009-10;4;7;0.00297;0.73
2009-10;6;7;0.00293;0.83
2009-10;8;7;0.00295;0.82
2009-10;10;7;0.0024;0.76
2009-10;12;7;0.00231;0.69
2009-10;14;7;0.00283;0.8
2009-10;16;7;0.00434;0.79
2009-10;18;7;0.00292;0.83
2009-10;20;7;0.0022;0.87
2009-10;22;7;0.00399;1.16
2009-10;24;7;0.00554;1.12
2009-10;-24;9;0.00305;1.12
2009-10;-22;9;0.0019;1.19
2009-10;-20;9;0.00106;0.62
2009-10;-18;9;0.00235;0.86
2009-10;-16;9;0.00266;0.84
2009-10;-14;9;0.0022;0.81
2009-10;-12;9;0.00181;0.85
2009-10;-10;9;0.00243;0.83
2009-10;-8;9;0.00316;0.81
2009-10;-6;9;0.00432;0.81
2009-10;-4;9;0.00384;0.87
2009-10;-2;9;0.00358;0.84
2009-10;0;9;0.00773;0.97
2009-10;2;9;0.00408;0.88
2009-10;4;9;0.0038;0.9
2009-10;6;9;0.0038;0.87
2009-10;8;9;0.00296;0.91
2009-10;10;9;0.00234;0.75
2009-10;12;9;0.00236;0.71
2009-10;14;9;0.00269;0.77
2009-10;16;9;0.00322;0.81
2009-10;18;9;0.00197;0.83
2009-10;20;9;0.00125;0.75
2009-10;22;9;0.00211;1.22
2009-10;24;9;0.00272;1.12
2009-10;-24;11;0.00156;1.14
2009-10;-22;11;0.00109;1.11
2009-10;-20;11;0.00067;0.78
2009-10;-18;11;0.00173;0.87
2009-10;-16;11;0.0023;0.88
2009-10;-14;11;0.00189;0.83
2009-10;-12;11;0.00173;0.75
2009-10;-10;11;0.00177;0.66
2009-10;-8;11;0.00191;0.82
2009-10;-6;11;0.00313;0.84
2009-10;-4;11;0.00372;0.82
2009-10;-2;11;0.00503;0.86
2009-10;0;11;0.00959;0.9
2009-10;2;11;0.00462;0.85
2009-10;4;11;0.00342;0.83
2009-10;6;11;0.00294;0.77
2009-10;8;11;0.00196;0.84
2009-10;10;11;0.00174;0.76
2009-10;12;11;0.00181;0.67
2009-10;14;11;0.00265;0.79
2009-10;16;11;0.00297;0.83
2009-10;18;11;0.00165;0.82
2009-10;20;11;0.00076;0.74
2009-10;22;11;0.00107;1.08
2009-10;24;11;0.00163;1.23
2009-10;-24;13;0.00086;1.14
2009-10;-22;13;0.0007;0.99
2009-10;-20;13;0.00061;0.8
2009-10;-18;13;0.00141;0.89
2009-10;-16;13;0.00236;0.82
2009-10;-14;13;0.00193;0.74
2009-10;-12;13;0.00142;0.75
2009-10;-10;13;0.00142;0.77
2009-10;-8;13;0.00117;0.75
2009-10;-6;13;0.00189;0.76
2009-10;-4;13;0.00232;0.84
2009-10;-2;13;0.00322;0.82
2009-10;0;13;0.00678;0.92
2009-10;2;13;0.00281;0.81
2009-10;4;13;0.00208;0.74
2009-10;6;13;0.0017;0.79
2009-10;8;13;0.00128;0.8
2009-10;10;13;0.00121;0.94
2009-10;12;13;0.00161;0.72
2009-10;14;13;0.00235;0.76
2009-10;16;13;0.00253;0.82
2009-10;18;13;0.00157;0.87
2009-10;20;13;0.00086;0.81
2009-10;22;13;0.00089;1.07
2009-10;24;13;0.00095;1.07
2009-10;-24;15;0.00046;0.98
2009-10;-22;15;0.00126;1.27
2009-10;-20;15;0.00042;0.74
2009-10;-18;15;0.00145;0.84
2009-10;-16;15;0.0024;0.94
2009-10;-14;15;0.00264;0.89
2009-10;-12;15;0.0019;0.71
2009-10;-10;15;0.0013;0.74
2009-10;-8;15;0.00094;0.66
2009-10;-6;15;0.00158;0.87
2009-10;-4;15;0.00137;0.77
2009-10;-2;15;0.00163;0.79
2009-10;0;15;0.0035;0.86
2009-10;2;15;0.00162;0.85
2009-10;4;15;0.00126;0.81
2009-10;6;15;0.00137;0.85
2009-10;8;15;0.00094;0.89
2009-10;10;15;0.00108;0.82
2009-10;12;15;0.00184;0.71
2009-10;14;15;0.00291;0.76
2009-10;16;15;0.00274;0.76
2009-10;18;15;0.00121;0.69
2009-10;20;15;0.00057;0.84
2009-10;22;15;0.00151;1.05
2009-10;24;15;0.00057;1.03
2009-10;-24;17;0.00021;0.71
2009-10;-22;17;0.00276;1.18
2009-10;-20;17;0.00043;1.0
2009-10;-18;17;0.00094;0.74
2009-10;-16;17;0.00221;0.88
2009-10;-14;17;0.00284;0.83
2009-10;-12;17;0.00254;0.77
2009-10;-10;17;0.00161;0.79
2009-10;-8;17;0.00115;0.86
2009-10;-6;17;0.00126;0.87
2009-10;-4;17;0.00089;0.73
2009-10;-2;17;0.00105;0.8
2009-10;0;17;0.0022;0.77
2009-10;2;17;0.00098;0.81
2009-10;4;17;0.0008;0.85
2009-10;6;17;0.00122;0.89
2009-10;8;17;0.00113;0.74
2009-10;10;17;0.00174;0.68
2009-10;12;17;0.00243;0.82
2009-10;14;17;0.00314;0.76
2009-10;16;17;0.00255;0.81
2009-10;18;17;0.00098;0.83
2009-10;20;17;0.00073;1.03
2009-10;22;17;0.00301;1.1
2009-10;24;17;0.00039;1.05
2009-10;-22;19;0.00194;1.2
2009-10;-20;19;0.00237;1.2
2009-10;-18;19;0.00048;0.77
2009-10;-16;19;0.00182;0.83
2009-10;-14;19;0.00299;0.89
2009-10;-12;19;0.00347;0.83
2009-10;-10;19;0.00294;0.83
2009-10;-8;19;0.0022;0.87
2009-10;-6;19;0.00103;0.83
2009-10;-4;19;0.00087;0.83
2009-10;-2;19;0.00106;0.79
2009-10;0;19;0.00221;0.85
2009-10;2;19;0.00103;0.88
2009-10;4;19;0.00066;0.92
2009-10;6;19;0.0008;0.81
2009-10;8;19;0.00187;0.87
2009-10;10;19;0.00275;0.82
2009-10;12;19;0.00345;0.78
2009-10;14;19;0.00293;0.84
2009-10;16;19;0.00191;0.75
2009-10;18;19;0.00056;0.67
2009-10;20;19;0.00285;1.17
2009-10;22;19;0.00224;0.94
2009-10;-22;21;0.00043;1.15
2009-10;-20;21;0.00334;1.0
2009-10;-18;21;0.00222;1.26
2009-10;-16;21;0.00101;0.66
2009-10;-14;21;0.00245;0.81
2009-10;-12;21;0.00336;0.69
2009-10;-10;21;0.0036;0.7
2009-10;-8;21;0.00298;0.81
2009-10;-6;21;0.00179;0.86
2009-10;-4;21;0.0015;0.87
2009-10;-2;21;0.00161;0.83
2009-10;0;21;0.00316;0.87
2009-10;2;21;0.00149;0.79
2009-10;4;21;0.00149;0.88
2009-10;6;21;0.0018;0.86
2009-10;8;21;0.0027;0.82
2009-10;10;21;0.00361;0.86
2009-10;12;21;0.00275;0.75
2009-10;14;21;0.002;0.78
2009-10;16;21;0.00079;0.89
2009-10;18;21;0.00251;1.05
2009-10;20;21;0.00383;1.02
2009-10;22;21;0.00073;1.13
2009-10;-20;23;0.00118;1.09
2009-10;-18;23;0.0054;1.06
2009-10;-16;23;0.00253;1.07
2009-10;-14;23;0.00099;0.81
2009-10;-12;23;0.00205;0.84
2009-10;-10;23;0.00267;0.74
2009-10;-8;23;0.0025;0.76
2009-10;-6;23;0.0026;0.76
2009-10;-4;23;0.00241;0.82
2009-10;-2;23;0.00213;0.89
2009-10;0;23;0.00361;0.88
2009-10;2;23;0.00205;0.8
2009-10;4;23;0.00197;0.74
2009-10;6;23;0.00228;0.81
2009-10;8;23;0.00268;0.76
2009-10;10;23;0.00254;0.69
2009-10;12;23;0.00158;0.72
2009-10;14;23;0.00071;0.77
2009-10;16;23;0.00309;1.18
2009-10;18;23;0.00469;1.14
2009-10;20;23;0.00159;1.09
2009-10;-20;25;0.00022;0.56
2009-10;-18;25;0.00197;0.96
2009-10;-16;25;0.00572;1.14
2009-10;-14;25;0.00363;1.1
2009-10;-12;25;0.00082;0.83
2009-10;-10;25;0.00132;0.68
2009-10;-8;25;0.00159;0.81
2009-10;-6;25;0.00162;0.72
2009-10;-4;25;0.00184;0.8
2009-10;-2;25;0.0021;0.77
2009-10;0;25;0.0035;0.76
2009-10;2;25;0.00186;0.86
2009-10;4;25;0.00147;0.78
2009-10;6;25;0.00143;0.72
2009-10;8;25;0.00125;0.82
2009-10;10;25;0.00102;0.83
2009-10;12;25;0.00064;0.83
2009-10;14;25;0.00338;1.04
2009-10;16;25;0.0056;0.97
2009-10;18;25;0.00213;0.96
2009-10;20;25;0.00032;0.94
2009-10;-18;27;0.00035;0.99
2009-10;-16;27;0.00205;0.97
2009-10;-14;27;0.00494;1.03
2009-10;-12;27;0.00528;1.08
2009-10;-10;27;0.00218;1.05
2009-10;-8;27;0.00076;0.97
2009-10;-6;27;0.00064;0.65
2009-10;-4;27;0.00093;0.67
2009-10;-2;27;0.0011;0.8
2009-10;0;27;0.00167;0.68
2009-10;2;27;0.00107;0.8
2009-10;4;27;0.00071;0.83
2009-10;6;27;0.00046;0.85
2009-10;8;27;0.00052;0.84
2009-10;10;27;0.00199;1.1
2009-10;12;27;0.00412;1.03
2009-10;14;27;0.00408;0.96
2009-10;16;27;0.00207;0.9
2009-10;18;27;0.00038;1.03
2009-10;-16;29;0.00033;0.64
2009-10;-14;29;0.00092;0.91
2009-10;-12;29;0.00266;0.98
2009-10;-10;29;0.00382;1.12
2009-10;-8;29;0.00352;0.99
2009-10;-6;29;0.00253;1.01
2009-10;-4;29;0.00195;0.91
2009-10;-2;29;0.00168;1.03
2009-10;0;29;0.00236;1.09
2009-10;2;29;0.0013;0.95
2009-10;4;29;0.00124;1.04
2009-10;6;29;0.00217;1.12
2009-10;8;29;0.0033;1.08
2009-10;10;29;0.00315;1.02
2009-10;12;29;0.00206;0.96
2009-10;14;29;0.00086;0.89
2009-10;16;29;0.00036;1.0
2009-10;-12;31;0.00022;0.98
2009-10;-10;31;0.00055;0.98
2009-10;-8;31;0.00088;0.81
2009-10;-6;31;0.00143;0.97
2009-10;-4;31;0.00204;1.01
2009-10;-2;31;0.00277;1.11
2009-10;0;31;0.00421;1.08
2009-10;2;31;0.00276;1.11
2009-10;4;31;0.00161;0.98
2009-10;6;31;0.00122;0.97
2009-10;8;31;0.00088;1.17
2009-10;10;31;0.0005;0.91
2009-10;12;31;0.00021;0.88
2010-11;16;1;0.00017;1.06
2010-11;-24;3;0.00171;1.12
2010-11;-22;3;0.00057;1.38
2010-11;-20;3;0.00052;0.98
2010-11;-18;3;0.00052;0.94
2010-11;-16;3;0.00058;0.87
2010-11;-14;3;0.00033;0.73
2010-11;-12;3;0.00025;1.04
2010-11;-4;3;0.00019;0.16
2010-11;-2;3;0.00073;1.42
2010-11;0;3;0.00163;1.47
2010-11;2;3;0.00043;0.8
2010-11;10;3;0.00021;0.98
2010-11;12;3;0.00026;1.22
2010-11;14;3;0.00042;0.75
2010-11;16;3;0.00076;0.82
2010-11;18;3;0.00068;0.79
2010-11;20;3;0.00046;0.74
2010-11;22;3;0.00124;1.38
2010-11;24;3;0.00126;1.31
2010-11;-24;5;0.00671;1.23
2010-11;-22;5;0.00361;1.12
2010-11;-20;5;0.0019;0.76
2010-11;-18;5;0.00277;0.82
2010-11;-16;5;0.00295;0.89
2010-11;-14;5;0.00196;0.78
2010-11;-12;5;0.0016;0.81
2010-11;-10;5;0.00154;0.74
2010-11;-8;5;0.00149;0.77
2010-11;-6;5;0.00164;0.68
2010-11;-4;5;0.00515;0.82
2010-11;-2;5;0.04213;1.32
2010-11;0;5;0.08353;1.46
2010-11;2;5;0.0296;1.22
2010-11;4;5;0.0033;0.67
2010-11;6;5;0.00163;0.72
2010-11;8;5;0.00155;0.7
2010-11;10;5;0.0016;0.78
2010-11;12;5;0.00164;0.72
2010-11;14;5;0.00234;0.69
2010-11;16;5;0.00353;0.82
2010-11;18;5;0.00274;0.83
2010-11;20;5;0.00193;0.83
2010-11;22;5;0.00614;1.2
2010-11;24;5;0.00541;1.11
2010-11;-24;7;0.00561;1.22
2010-11;-22;7;0.00311;1.14
2010-11;-20;7;0.00171;0.78
2010-11;-18;7;0.00288;0.84
2010-11;-16;7;0.0035;0.76
2010-11;-14;7;0.00272;0.83
2010-11;-12;7;0.00204;0.77
2010-11;-10;7;0.00289;0.74
2010-11;-8;7;0.00384;0.82
2010-11;-6;7;0.005;0.72
2010-11;-4;7;0.00962;0.75
2010-11;-2;7;0.03691;1.13
2010-11;0;7;0.06186;1.25
2010-11;2;7;0.03079;1.04
2010-11;4;7;0.00751;0.73
2010-11;6;7;0.00445;0.75
2010-11;8;7;0.00321;0.8
2010-11;10;7;0.00277;0.75
2010-11;12;7;0.0022;0.65
2010-11;14;7;0.00279;0.73
2010-11;16;7;0.00418;0.87
2010-11;18;7;0.00252;0.85
2010-11;20;7;0.00205;0.83
2010-11;22;7;0.00501;1.19
2010-11;24;7;0.00488;1.17
2010-11;-24;9;0.00334;1.15
2010-11;-22;9;0.00152;1.16
2010-11;-20;9;0.00102;0.84
2010-11;-18;9;0.00215;0.85
2010-11;-16;9;0.00239;0.84
2010-11;-14;9;0.00212;0.72
2010-11;-12;9;0.00175;0.83
2010-11;-10;9;0.00223;0.73
2010-11;-8;9;0.00334;0.82
2010-11;-6;9;0.00449;0.78
2010-11;-4;9;0.00599;0.71
2010-11;-2;9;0.00822;0.76
2010-11;0;9;0.01616;0.87
2010-11;2;9;0.00756;0.76
2010-11;4;9;0.00512;0.72
2010-11;6;9;0.00418;0.81
2010-11;8;9;0.0029;0.83
2010-11;10;9;0.00249;0.73
2010-11;12;9;0.00192;0.75
2010-11;14;9;0.00233;0.71
2010-11;16;9;0.00296;0.85
2010-11;18;9;0.00171;0.8
2010-11;20;9;0.00112;0.85
2010-11;22;9;0.00258;1.09
2010-11;24;9;0.00272;1.07
2010-11;-24;11;0.00183;1.09
2010-11;-22;11;0.00082;1.17
2010-11;-20;11;0.00072;0.72
2010-11;-18;11;0.00151;0.91
2010-11;-16;11;0.00216;0.74
2010-11;-14;11;0.00173;0.77
2010-11;-12;11;0.00155;0.81
2010-11;-10;11;0.00174;0.77
2010-11;-8;11;0.00198;0.8
2010-11;-6;11;0.00291;0.74
2010-11;-4;11;0.00342;0.76
2010-11;-2;11;0.0051;0.8
2010-11;0;11;0.01139;0.84
2010-11;2;11;0.00471;0.85
2010-11;4;11;0.00321;0.77
2010-11;6;11;0.00281;0.69
2010-11;8;11;0.00192;0.71
2010-11;10;11;0.00164;0.77
2010-11;12;11;0.00152;0.78
2010-11;14;11;0.00236;0.8
2010-11;16;11;0.00261;0.76
2010-11;18;11;0.0013;0.72
2010-11;20;11;0.0009;0.67
2010-11;22;11;0.00133;1.24
2010-11;24;11;0.00125;1.03
2010-11;-24;13;0.001;1.39
2010-11;-22;13;0.00063;1.11
2010-11;-20;13;0.00062;0.73
2010-11;-18;13;0.00151;0.78
2010-11;-16;13;0.00216;0.85
2010-11;-14;13;0.00169;0.92
2010-11;-12;13;0.00133;0.88
2010-11;-10;13;0.00111;0.79
2010-11;-8;13;0.00111;0.7
2010-11;-6;13;0.00159;0.75
2010-11;-4;13;0.00183;0.84
2010-11;-2;13;0.00268;0.83
2010-11;0;13;0.00604;0.82
2010-11;2;13;0.00242;0.82
2010-11;4;13;0.00175;0.71
2010-11;6;13;0.00165;0.85
2010-11;8;13;0.00104;0.59
2010-11;10;13;0.00129;0.78
2010-11;12;13;0.00152;0.74
2010-11;14;13;0.00233;0.78
2010-11;16;13;0.00252;0.81
2010-11;18;13;0.00149;0.81
2010-11;20;13;0.00079;0.84
2010-11;22;13;0.00093;1.06
2010-11;24;13;0.00076;1.17
2010-11;-24;15;0.00072;1.27
2010-11;-22;15;0.00135;1.1
2010-11;-20;15;0.00056;0.79
2010-11;-18;15;0.00133;0.8
2010-11;-16;15;0.00245;0.86
2010-11;-14;15;0.00219;0.8
2010-11;-12;15;0.00154;0.78
2010-11;-10;15;0.00116;0.8
2010-11;-8;15;0.00105;0.79
2010-11;-6;15;0.00158;0.79
2010-11;-4;15;0.00147;0.79
2010-11;-2;15;0.00174;0.76
2010-11;0;15;0.00304;0.88
2010-11;2;15;0.00128;0.75
2010-11;4;15;0.00136;0.76
2010-11;6;15;0.00128;0.77
2010-11;8;15;0.00094;0.74
2010-11;10;15;0.00129;0.92
2010-11;12;15;0.00184;0.71
2010-11;14;15;0.00279;0.83
2010-11;16;15;0.00271;0.72
2010-11;18;15;0.00137;0.77
2010-11;20;15;0.00053;0.74
2010-11;22;15;0.00176;1.25
2010-11;24;15;0.00046;1.15
2010-11;-24;17;0.00027;1.13
2010-11;-22;17;0.00256;1.07
2010-11;-20;17;0.00036;0.92
2010-11;-18;17;0.00107;0.78
2010-11;-16;17;0.00214;0.86
2010-11;-14;17;0.00282;0.82
2010-11;-12;17;0.00239;0.79
2010-11;-10;17;0.00175;0.84
2010-11;-8;17;0.00141;0.87
2010-11;-6;17;0.00136;0.8
2010-11;-4;17;0.00098;0.88
2010-11;-2;17;0.00123;0.77
2010-11;0;17;0.0023;0.87
2010-11;2;17;0.0009;0.76
2010-11;4;17;0.00108;0.85
2010-11;6;17;0.00137;0.81
2010-11;8;17;0.00116;0.84
2010-11;10;17;0.00172;0.9
2010-11;12;17;0.00245;0.75
2010-11;14;17;0.00333;0.75
2010-11;16;17;0.00232;0.8
2010-11;18;17;0.00087;0.8
2010-11;20;17;0.00064;1.14
2010-11;22;17;0.00308;1.14
2010-11;24;17;0.00016;0.39
2010-11;-22;19;0.00205;1.04
2010-11;-20;19;0.00189;1.16
2010-11;-18;19;0.00054;0.67
2010-11;-16;19;0.00196;0.76
2010-11;-14;19;0.00326;0.8
2010-11;-12;19;0.00348;0.82
2010-11;-10;19;0.00308;0.82
2010-11;-8;19;0.00234;0.87
2010-11;-6;19;0.00112;0.83
2010-11;-4;19;0.00088;0.74
2010-11;-2;19;0.00121;0.87
2010-11;0;19;0.00239;0.93
2010-11;2;19;0.00091;0.8
2010-11;4;19;0.00081;1.03
2010-11;6;19;0.00133;0.79
2010-11;8;19;0.00236;0.87
2010-11;10;19;0.00292;0.92
2010-11;12;19;0.00316;0.82
2010-11;14;19;0.00298;0.79
2010-11;16;19;0.00167;0.73
2010-11;18;19;0.00037;0.96
2010-11;20;19;0.00325;1.1
2010-11;22;19;0.00165;0.94
2010-11;-22;21;0.00064;1.07
2010-11;-20;21;0.00348;1.05
2010-11;-18;21;0.00179;1.09
2010-11;-16;21;0.00092;0.8
2010-11;-14;21;0.00269;0.84
2010-11;-12;21;0.00377;0.82
2010-11;-10;21;0.00387;0.8
2010-11;-8;21;0.00296;0.8
2010-11;-6;21;0.00201;0.82
2010-11;-4;21;0.0016;0.92
2010-11;-2;21;0.00173;0.79
2010-11;0;21;0.00322;0.86
2010-11;2;21;0.00148;0.9
2010-11;4;21;0.00162;0.72
2010-11;6;21;0.00184;0.81
2010-11;8;21;0.00266;0.87
2010-11;10;21;0.0032;0.84
2010-11;12;21;0.00283;0.79
2010-11;14;21;0.00183;0.74
2010-11;16;21;0.00079;0.76
2010-11;18;21;0.00274;1.03
2010-11;20;21;0.00412;1.11
2010-11;22;21;0.00042;0.9
2010-11;-20;23;0.00156;1.18
2010-11;-18;23;0.00522;1.12
2010-11;-16;23;0.00229;1.06
2010-11;-14;23;0.00101;0.79
2010-11;-12;23;0.00217;0.78
2010-11;-10;23;0.00275;0.78
2010-11;-8;23;0.00269;0.81
2010-11;-6;23;0.00244;0.85
2010-11;-4;23;0.00232;0.87
2010-11;-2;23;0.00211;0.81
2010-11;0;23;0.00356;0.89
2010-11;2;23;0.00219;0.75
2010-11;4;23;0.00226;0.85
2010-11;6;23;0.00248;0.81
2010-11;8;23;0.00227;0.78
2010-11;10;23;0.00202;0.79
2010-11;12;23;0.00143;0.71
2010-11;14;23;0.0006;0.74
2010-11;16;23;0.00382;1.17
2010-11;18;23;0.00488;1.14
2010-11;20;23;0.00125;1.11
2010-11;-20;25;0.00022;0.7
2010-11;-18;25;0.00241;1.05
2010-11;-16;25;0.00562;1.07
2010-11;-14;25;0.00325;1.2
2010-11;-12;25;0.00068;0.9
2010-11;-10;25;0.00124;0.76
2010-11;-8;25;0.00148;0.73
2010-11;-6;25;0.00172;0.78
2010-11;-4;25;0.00204;0.73
2010-11;-2;25;0.00221;0.8
2010-11;0;25;0.00367;0.85
2010-11;2;25;0.00189;0.83
2010-11;4;25;0.0015;0.77
2010-11;6;25;0.00139;0.7
2010-11;8;25;0.00099;0.89
2010-11;10;25;0.00072;0.79
2010-11;12;25;0.00063;0.86
2010-11;14;25;0.0038;1.13
2010-11;16;25;0.0057;1.06
2010-11;18;25;0.00151;0.89
2010-11;20;25;0.00023;1.24
2010-11;-18;27;0.00041;0.77
2010-11;-16;27;0.00194;0.91
2010-11;-14;27;0.00467;1.11
2010-11;-12;27;0.00527;1.09
2010-11;-10;27;0.00196;1.01
2010-11;-8;27;0.00057;0.73
2010-11;-6;27;0.00073;0.81
2010-11;-4;27;0.00097;0.75
2010-11;-2;27;0.00109;0.73
2010-11;0;27;0.0015;0.72
2010-11;2;27;0.00076;0.78
2010-11;4;27;0.00054;0.65
2010-11;6;27;0.00045;0.84
2010-11;8;27;0.00049;0.81
2010-11;10;27;0.00192;1.03
2010-11;12;27;0.00463;1.08
2010-11;14;27;0.00441;1.07
2010-11;16;27;0.00175;1.06
2010-11;18;27;0.0003;1.1
2010-11;-16;29;0.00023;1.2
2010-11;-14;29;0.00077;1.0
2010-11;-12;29;0.00247;1.07
2010-11;-10;29;0.00417;1.05
2010-11;-8;29;0.00383;1.08
2010-11;-6;29;0.00243;0.99
2010-11;-4;29;0.0018;0.96
2010-11;-2;29;0.00143;0.99
2010-11;0;29;0.00234;1.13
2010-11;2;29;0.00121;1.04
2010-11;4;29;0.00145;1.07
2010-11;6;29;0.00225;1.03
2010-11;8;29;0.00344;0.96
2010-11;10;29;0.00329;1.06
2010-11;12;29;0.00174;0.95
2010-11;14;29;0.00082;0.78
2010-11;16;29;0.00023;0.6
2010-11;-10;31;0.00051;0.95
2010-11;-8;31;0.00091;0.93
2010-11;-6;31;0.0013;0.95
2010-11;-4;31;0.00178;1.01
2010-11;-2;31;0.00233;1.05
2010-11;0;31;0.00414;1.11
2010-11;2;31;0.00228;1.04
2010-11;4;31;0.00146;0.9
2010-11;6;31;0.00112;0.99
2010-11;8;31;0.00077;0.89
2010-11;10;31;0.00045;0.77
2010-11;12;31;0.00017;0.26
2011-12;-18;1;0.0002;0.88
2011-12;-24;3;0.00156;1.22
2011-12;-22;3;0.00067;1.18
2011-12;-20;3;0.00047;0.72
2011-12;-18;3;0.00081;0.78
2011-12;-16;3;0.00071;0.73
2011-12;-14;3;0.00042;0.91
2011-12;-12;3;0.00027;0.88
2011-12;-10;3;0.0002;0.75
2011-12;-4;3;0.00023;0.11
2011-12;-2;3;0.00069;1.12
2011-12;0;3;0.00187;1.44
2011-12;2;3;0.00057;0.96
2011-12;8;3;0.00021;0.82
2011-12;10;3;0.00026;1.12
2011-12;12;3;0.00028;0.76
2011-12;14;3;0.00039;0.77
2011-12;16;3;0.00066;0.93
2011-12;18;3;0.00067;0.74
2011-12;20;3;0.00053;0.73
2011-12;22;3;0.00091;1.34
2011-12;24;3;0.00129;1.03
2011-12;-24;5;0.00579;1.14
2011-12;-22;5;0.00432;1.13
2011-12;-20;5;0.00169;0.84
2011-12;-18;5;0.00281;0.82
2011-12;-16;5;0.00341;0.87
2011-12;-14;5;0.00211;0.81
2011-12;-12;5;0.00156;0.86
2011-12;-10;5;0.0013;0.65
2011-12;-8;5;0.00139;0.75
2011-12;-6;5;0.00181;0.63
2011-12;-4;5;0.00446;0.64
2011-12;-2;5;0.03981;1.22
2011-12;0;5;0.09543;1.46
2011-12;2;5;0.03266;1.2
2011-12;4;5;0.00345;0.59
2011-12;6;5;0.00163;0.74
2011-12;8;5;0.00154;0.7
2011-12;10;5;0.00162;0.76
2011-12;12;5;0.00171;0.8
2011-12;14;5;0.00245;0.72
2011-12;16;5;0.00385;0.8
2011-12;18;5;0.00242;0.82
2011-12;20;5;0.00184;0.73
2011-12;22;5;0.00464;1.16
2011-12;24;5;0.0063;1.16
2011-12;-24;7;0.00507;1.15
2011-12;-22;7;0.00364;1.02
2011-12;-20;7;0.00147;0.8
2011-12;-18;7;0.00244;0.75
2011-12;-16;7;0.00342;0.86
2011-12;-14;7;0.00259;0.72
2011-12;-12;7;0.00209;0.72
2011-12;-10;7;0.00267;0.66
2011-12;-8;7;0.00349;0.71
2011-12;-6;7;0.00452;0.79
2011-12;-4;7;0.00869;0.7
2011-12;-2;7;0.03313;1.06
2011-12;0;7;0.06076;1.22
2011-12;2;7;0.03201;1.0
2011-12;4;7;0.00752;0.69
2011-12;6;7;0.00402;0.7
2011-12;8;7;0.00277;0.84
2011-12;10;7;0.00245;0.73
2011-12;12;7;0.00206;0.7
2011-12;14;7;0.00284;0.75
2011-12;16;7;0.00354;0.85
2011-12;18;7;0.00243;0.72
2011-12;20;7;0.00186;0.77
2011-12;22;7;0.00403;0.97
2011-12;24;7;0.00539;1.1
2011-12;-24;9;0.00324;1.1
2011-12;-22;9;0.00193;1.03
2011-12;-20;9;0.00097;0.81
2011-12;-18;9;0.00191;0.83
2011-12;-16;9;0.00216;0.81
2011-12;-14;9;0.00212;0.87
2011-12;-12;9;0.00178;0.71
2011-12;-10;9;0.00239;0.75
2011-12;-8;9;0.00285;0.75
2011-12;-6;9;0.00416;0.73
2011-12;-4;9;0.00551;0.71
2011-12;-2;9;0.00766;0.71
2011-12;0;9;0.01625;0.86
2011-12;2;9;0.00732;0.74
2011-12;4;9;0.00504;0.69
2011-12;6;9;0.00379;0.73
2011-12;8;9;0.00274;0.76
2011-12;10;9;0.00236;0.74
2011-12;12;9;0.00192;0.68
2011-12;14;9;0.00232;0.78
2011-12;16;9;0.00277;0.79
2011-12;18;9;0.00179;0.73
2011-12;20;9;0.00112;0.74
2011-12;22;9;0.00199;1.21
2011-12;24;9;0.00296;1.07
2011-12;-24;11;0.0019;1.1
2011-12;-22;11;0.00106;1.15
2011-12;-20;11;0.0006;0.69
2011-12;-18;11;0.00126;0.8
2011-12;-16;11;0.0019;0.74
2011-12;-14;11;0.00167;0.86
2011-12;-12;11;0.00133;0.78
2011-12;-10;11;0.00159;0.73
2011-12;-8;11;0.00168;0.77
2011-12;-6;11;0.00266;0.78
2011-12;-4;11;0.00308;0.74
2011-12;-2;11;0.00471;0.74
2011-12;0;11;0.01169;0.86
2011-12;2;11;0.00441;0.79
2011-12;4;11;0.00297;0.74
2011-12;6;11;0.00281;0.76
2011-12;8;11;0.00166;0.82
2011-12;10;11;0.00187;0.79
2011-12;12;11;0.00166;0.7
2011-12;14;11;0.0022;0.82
2011-12;16;11;0.00244;0.76
2011-12;18;11;0.00139;0.72
2011-12;20;11;0.00081;0.71
2011-12;22;11;0.00118;1.16
2011-12;24;11;0.00164;1.11
2011-12;-24;13;0.00084;1.01
2011-12;-22;13;0.00069;1.17
2011-12;-20;13;0.00051;0.83
2011-12;-18;13;0.00114;0.85
2011-12;-16;13;0.00196;0.69
2011-12;-14;13;0.00158;0.73
2011-12;-12;13;0.00121;0.76
2011-12;-10;13;0.00124;0.65
2011-12;-8;13;0.00103;0.8
2011-12;-6;13;0.00184;0.79
2011-12;-4;13;0.00191;0.75
2011-12;-2;13;0.00244;0.83
2011-12;0;13;0.006;0.84
2011-12;2;13;0.00229;0.75
2011-12;4;13;0.00169;0.67
2011-12;6;13;0.00159;0.77
2011-12;8;13;0.00101;0.86
2011-12;10;13;0.00114;0.77
2011-12;12;13;0.00152;0.83
2011-12;14;13;0.00214;0.74
2011-12;16;13;0.00251;0.86
2011-12;18;13;0.00138;0.67
2011-12;20;13;0.00072;0.75
2011-12;22;13;0.00071;1.34
2011-12;24;13;0.0009;0.98
2011-12;-24;15;0.0006;1.19
2011-12;-22;15;0.00139;1.24
2011-12;-20;15;0.00036;0.6
2011-12;-18;15;0.00149;0.79
2011-12;-16;15;0.00217;0.77
2011-12;-14;15;0.00224;0.81
2011-12;-12;15;0.00164;0.72
2011-12;-10;15;0.00126;0.75
2011-12;-8;15;0.00087;0.72
2011-12;-6;15;0.00152;0.78
2011-12;-4;15;0.00142;0.78
2011-12;-2;15;0.00141;0.82
2011-12;0;15;0.00348;0.92
2011-12;2;15;0.00132;0.75
2011-12;4;15;0.00131;0.61
2011-12;6;15;0.00149;0.8
2011-12;8;15;0.00097;0.63
2011-12;10;15;0.00133;0.69
2011-12;12;15;0.00187;0.81
2011-12;14;15;0.00267;0.77
2011-12;16;15;0.00257;0.77
2011-12;18;15;0.00122;0.65
2011-12;20;15;0.00051;0.71
2011-12;22;15;0.00131;1.17
2011-12;24;15;0.00068;1.05
2011-12;-24;17;0.00021;0.97
2011-12;-22;17;0.00259;1.09
2011-12;-20;17;0.00036;1.02
2011-12;-18;17;0.00094;0.83
2011-12;-16;17;0.00201;0.77
2011-12;-14;17;0.00271;0.74
2011-12;-12;17;0.0024;0.71
2011-12;-10;17;0.00166;0.71
2011-12;-8;17;0.00127;0.77
2011-12;-6;17;0.00155;0.69
2011-12;-4;17;0.00122;0.86
2011-12;-2;17;0.00102;0.93
2011-12;0;17;0.0027;0.79
2011-12;2;17;0.00103;0.74
2011-12;4;17;0.00082;0.8
2011-12;6;17;0.00148;0.75
2011-12;8;17;0.00119;0.8
2011-12;10;17;0.00154;0.79
2011-12;12;17;0.00243;0.82
2011-12;14;17;0.00309;0.79
2011-12;16;17;0.00185;0.74
2011-12;18;17;0.00087;0.85
2011-12;20;17;0.0005;1.29
2011-12;22;17;0.0029;1.11
2011-12;24;17;0.00031;0.8
2011-12;-22;19;0.0019;1.09
2011-12;-20;19;0.00232;1.15
2011-12;-18;19;0.00042;0.79
2011-12;-16;19;0.00153;0.73
2011-12;-14;19;0.00296;0.71
2011-12;-12;19;0.00356;0.73
2011-12;-10;19;0.00278;0.85
2011-12;-8;19;0.00247;0.86
2011-12;-6;19;0.00131;0.87
2011-12;-4;19;0.0009;0.9
2011-12;-2;19;0.00123;0.79
2011-12;0;19;0.00267;0.86
2011-12;2;19;0.001;0.9
2011-12;4;19;0.00072;0.88
2011-12;6;19;0.00114;0.78
2011-12;8;19;0.00214;0.77
2011-12;10;19;0.00289;0.85
2011-12;12;19;0.00306;0.71
2011-12;14;19;0.00292;0.74
2011-12;16;19;0.00152;0.67
2011-12;18;19;0.00041;0.8
2011-12;20;19;0.00309;1.1
2011-12;22;19;0.00227;1.12
2011-12;-22;21;0.00057;1.32
2011-12;-20;21;0.00332;1.02
2011-12;-18;21;0.00275;1.07
2011-12;-16;21;0.00079;0.79
2011-12;-14;21;0.00239;0.77
2011-12;-12;21;0.00384;0.79
2011-12;-10;21;0.00384;0.79
2011-12;-8;21;0.00327;0.81
2011-12;-6;21;0.00204;0.8
2011-12;-4;21;0.00145;0.77
2011-12;-2;21;0.00187;0.91
2011-12;0;21;0.00353;0.84
2011-12;2;21;0.00149;0.82
2011-12;4;21;0.00151;0.89
2011-12;6;21;0.0021;0.87
2011-12;8;21;0.00279;0.79
2011-12;10;21;0.00351;0.77
2011-12;12;21;0.00251;0.8
2011-12;14;21;0.00187;0.73
2011-12;16;21;0.00069;0.73
2011-12;18;21;0.00221;1.11
2011-12;20;21;0.00421;1.03
2011-12;22;21;0.00071;0.98
2011-12;-20;23;0.00113;1.14
2011-12;-18;23;0.00544;1.11
2011-12;-16;23;0.00282;1.25
2011-12;-14;23;0.00082;0.73
2011-12;-12;23;0.00209;0.65
2011-12;-10;23;0.00281;0.65
2011-12;-8;23;0.00269;0.74
2011-12;-6;23;0.0029;0.74
2011-12;-4;23;0.00247;0.88
2011-12;-2;23;0.0021;0.72
2011-12;0;23;0.00394;0.82
2011-12;2;23;0.00219;0.76
2011-12;4;23;0.00216;0.82
2011-12;6;23;0.00226;0.89
2011-12;8;23;0.00247;0.76
2011-12;10;23;0.00229;0.75
2011-12;12;23;0.00161;0.78
2011-12;14;23;0.00064;0.72
2011-12;16;23;0.00337;1.1
2011-12;18;23;0.00496;1.02
2011-12;20;23;0.00159;0.95
2011-12;-18;25;0.0019;0.99
2011-12;-16;25;0.00582;1.08
2011-12;-14;25;0.0037;1.12
2011-12;-12;25;0.00081;0.86
2011-12;-10;25;0.00129;0.75
2011-12;-8;25;0.0014;0.72
2011-12;-6;25;0.00167;0.84
2011-12;-4;25;0.0017;0.81
2011-12;-2;25;0.00224;0.82
2011-12;0;25;0.00391;0.85
2011-12;2;25;0.00189;0.69
2011-12;4;25;0.00164;0.82
2011-12;6;25;0.0013;0.74
2011-12;8;25;0.00117;0.6
2011-12;10;25;0.00087;0.79
2011-12;12;25;0.00048;0.92
2011-12;14;25;0.00349;1.07
2011-12;16;25;0.00561;1.06
2011-12;18;25;0.00193;0.82
2011-12;20;25;0.00026;0.95
2011-12;-18;27;0.00041;1.11
2011-12;-16;27;0.00182;0.9
2011-12;-14;27;0.00471;1.07
2011-12;-12;27;0.00585;1.02
2011-12;-10;27;0.00203;0.98
2011-12;-8;27;0.00056;0.9
2011-12;-6;27;0.00068;0.72
2011-12;-4;27;0.00081;0.82
2011-12;-2;27;0.00093;0.67
2011-12;0;27;0.00162;0.67
2011-12;2;27;0.00091;0.69
2011-12;4;27;0.00067;0.78
2011-12;6;27;0.00052;0.6
2011-12;8;27;0.0004;0.98
2011-12;10;27;0.00192;0.97
2011-12;12;27;0.00484;1.06
2011-12;14;27;0.00441;0.97
2011-12;16;27;0.00196;1.08
2011-12;18;27;0.0004;0.94
2011-12;-16;29;0.00031;0.42
2011-12;-14;29;0.00092;0.95
2011-12;-12;29;0.00263;1.03
2011-12;-10;29;0.00394;1.03
2011-12;-8;29;0.00377;0.99
2011-12;-6;29;0.00256;0.95
2011-12;-4;29;0.00189;1.07
2011-12;-2;29;0.00157;1.06
2011-12;0;29;0.00218;1.05
2011-12;2;29;0.00122;1.21
2011-12;4;29;0.00136;1.06
2011-12;6;29;0.00223;1.05
2011-12;8;29;0.00359;0.98
2011-12;10;29;0.00338;1.05
2011-12;12;29;0.00202;0.95
2011-12;14;29;0.00101;0.81
2011-12;16;29;0.00045;0.92
2011-12;-12;31;0.00021;0.88
2011-12;-10;31;0.00054;0.9
2011-12;-8;31;0.00081;1.14
2011-12;-6;31;0.00141;0.97
2011-12;-4;31;0.00166;1.08
2011-12;-2;31;0.00244;1.13
2011-12;0;31;0.00431;0.93
2011-12;2;31;0.00261;1.0
2011-12;4;31;0.00149;1.07
2011-12;6;31;0.00133;0.96
2011-12;8;31;0.00082;0.76
2011-12;10;31;0.00052;0.79
2012-13;-18;1;0.00016;0.77
2012-13;16;1;0.00019;0.92
2012-13;24;1;0.00023;0.87
2012-13;-24;3;0.00177;1.21
2012-13;-22;3;0.00082;1.14
2012-13;-20;3;0.00049;0.64
2012-13;-18;3;0.00062;0.85
2012-13;-16;3;0.00071;0.8
2012-13;-14;3;0.00042;1.02
2012-13;-12;3;0.00031;0.79
2012-13;-10;3;0.00022;0.7
2012-13;-4;3;0.00022;0.19
2012-13;-2;3;0.00067;0.93
2012-13;0;3;0.0015;1.38
2012-13;2;3;0.00058;0.98
2012-13;4;3;0.0002;0.3
2012-13;10;3;0.0002;0.85
2012-13;12;3;0.00029;0.74
2012-13;14;3;0.0005;0.77
2012-13;16;3;0.00079;0.82
2012-13;18;3;0.0008;0.76
2012-13;20;3;0.00054;0.87
2012-13;22;3;0.00138;1.23
2012-13;24;3;0.00226;1.21
2012-13;-24;5;0.00667;1.18
2012-13;-22;5;0.00423;1.1
2012-13;-20;5;0.00156;0.72
2012-13;-18;5;0.00234;0.8
2012-13;-16;5;0.00304;0.85
2012-13;-14;5;0.00215;0.81
2012-13;-12;5;0.00165;0.87
2012-13;-10;5;0.00131;0.79
2012-13;-8;5;0.00168;0.79
2012-13;-6;5;0.00174;0.71
2012-13;-4;5;0.00431;0.69
2012-13;-2;5;0.04718;1.25
2012-13;0;5;0.10147;1.46
2012-13;2;5;0.03503;1.18
2012-13;4;5;0.00375;0.64
2012-13;6;5;0.00165;0.74
2012-13;8;5;0.00175;0.9
2012-13;10;5;0.00159;0.79
2012-13;12;5;0.00158;0.81
2012-13;14;5;0.00239;0.82
2012-13;16;5;0.00353;0.8
2012-13;18;5;0.00232;0.79
2012-13;20;5;0.00183;0.79
2012-13;22;5;0.00521;1.2
2012-13;24;5;0.00745;1.15
2012-13;-24;7;0.0053;1.24
2012-13;-22;7;0.00379;1.15
2012-13;-20;7;0.00126;0.76
2012-13;-18;7;0.00238;0.75
2012-13;-16;7;0.0031;0.79
2012-13;-14;7;0.00216;0.78
2012-13;-12;7;0.00179;0.71
2012-13;-10;7;0.00228;0.73
2012-13;-8;7;0.0032;0.75
2012-13;-6;7;0.0048;0.76
2012-13;-4;7;0.0078;0.69
2012-13;-2;7;0.03028;0.99
2012-13;0;7;0.05926;1.21
2012-13;2;7;0.02679;0.93
2012-13;4;7;0.00686;0.65
2012-13;6;7;0.00388;0.69
2012-13;8;7;0.00252;0.83
2012-13;10;7;0.00228;0.73
2012-13;12;7;0.00204;0.72
2012-13;14;7;0.00246;0.74
2012-13;16;7;0.00365;0.82
2012-13;18;7;0.00232;0.8
2012-13;20;7;0.00148;0.73
2012-13;22;7;0.0038;1.15
2012-13;24;7;0.00588;1.18
2012-13;-24;9;0.00357;1.18
2012-13;-22;9;0.00176;1.13
2012-13;-20;9;0.00099;0.73
2012-13;-18;9;0.00156;0.78
2012-13;-16;9;0.00232;0.78
2012-13;-14;9;0.00195;0.78
2012-13;-12;9;0.00161;0.75
2012-13;-10;9;0.0021;0.72
2012-13;-8;9;0.0025;0.73
2012-13;-6;9;0.00416;0.79
2012-13;-4;9;0.0053;0.7
2012-13;-2;9;0.00794;0.81
2012-13;0;9;0.01667;0.84
2012-13;2;9;0.00705;0.77
2012-13;4;9;0.00431;0.72
2012-13;6;9;0.0035;0.82
2012-13;8;9;0.00247;0.77
2012-13;10;9;0.00227;0.8
2012-13;12;9;0.00182;0.71
2012-13;14;9;0.00216;0.7
2012-13;16;9;0.0026;0.8
2012-13;18;9;0.00142;0.88
2012-13;20;9;0.00101;0.8
2012-13;22;9;0.00234;1.08
2012-13;24;9;0.00317;1.06
2012-13;-24;11;0.00212;1.16
2012-13;-22;11;0.00103;1.07
2012-13;-20;11;0.00071;0.74
2012-13;-18;11;0.00121;0.78
2012-13;-16;11;0.00162;0.81
2012-13;-14;11;0.00175;0.78
2012-13;-12;11;0.0014;0.83
2012-13;-10;11;0.00162;0.79
2012-13;-8;11;0.00159;0.69
2012-13;-6;11;0.00282;0.69
2012-13;-4;11;0.00314;0.75
2012-13;-2;11;0.00468;0.73
2012-13;0;11;0.01122;0.82
2012-13;2;11;0.00435;0.77
2012-13;4;11;0.0029;0.78
2012-13;6;11;0.00231;0.95
2012-13;8;11;0.0016;0.82
2012-13;10;11;0.00155;0.74
2012-13;12;11;0.00163;0.75
2012-13;14;11;0.00182;0.75
2012-13;16;11;0.00212;1.01
2012-13;18;11;0.00121;0.77
2012-13;20;11;0.00067;0.85
2012-13;22;11;0.00126;1.2
2012-13;24;11;0.00158;1.03
2012-13;-24;13;0.00124;1.14
2012-13;-22;13;0.00071;1.11
2012-13;-20;13;0.00053;0.91
2012-13;-18;13;0.00114;0.73
2012-13;-16;13;0.00163;0.81
2012-13;-14;13;0.00138;0.83
2012-13;-12;13;0.0012;0.82
2012-13;-10;13;0.00118;0.64
2012-13;-8;13;0.00102;0.71
2012-13;-6;13;0.00156;0.76
2012-13;-4;13;0.00182;0.76
2012-13;-2;13;0.00229;0.72
2012-13;0;13;0.00608;0.83
2012-13;2;13;0.00231;0.78
2012-13;4;13;0.00173;0.77
2012-13;6;13;0.00157;0.82
2012-13;8;13;0.00099;0.79
2012-13;10;13;0.00115;0.75
2012-13;12;13;0.00134;0.74
2012-13;14;13;0.00197;0.79
2012-13;16;13;0.00208;0.8
2012-13;18;13;0.00104;0.75
2012-13;20;13;0.00067;0.78
2012-13;22;13;0.00082;1.01
2012-13;24;13;0.00078;1.12
2012-13;-24;15;0.00079;1.24
2012-13;-22;15;0.00152;1.03
2012-13;-20;15;0.00043;0.79
2012-13;-18;15;0.00122;0.78
2012-13;-16;15;0.00199;0.73
2012-13;-14;15;0.00205;0.86
2012-13;-12;15;0.00155;0.84
2012-13;-10;15;0.00128;0.77
2012-13;-8;15;0.00077;0.88
2012-13;-6;15;0.00144;0.72
2012-13;-4;15;0.00151;0.68
2012-13;-2;15;0.00147;0.79
2012-13;0;15;0.00367;0.81
2012-13;2;15;0.00142;0.76
2012-13;4;15;0.00139;0.68
2012-13;6;15;0.00125;0.78
2012-13;8;15;0.00088;0.8
2012-13;10;15;0.00126;0.69
2012-13;12;15;0.00169;0.79
2012-13;14;15;0.00253;0.78
2012-13;16;15;0.00218;0.69
2012-13;18;15;0.00093;0.74
2012-13;20;15;0.00048;0.88
2012-13;22;15;0.00144;0.96
2012-13;24;15;0.00052;1.02
2012-13;-24;17;0.00038;1.22
2012-13;-22;17;0.00301;1.12
2012-13;-20;17;0.00032;0.86
2012-13;-18;17;0.00099;0.78
2012-13;-16;17;0.00188;0.82
2012-13;-14;17;0.00265;0.81
2012-13;-12;17;0.00235;0.77
2012-13;-10;17;0.00163;0.92
2012-13;-8;17;0.00148;0.89
2012-13;-6;17;0.00177;0.87
2012-13;-4;17;0.00114;0.86
2012-13;-2;17;0.00106;0.76
2012-13;0;17;0.00257;0.89
2012-13;2;17;0.00109;0.79
2012-13;4;17;0.00091;0.77
2012-13;6;17;0.00169;0.82
2012-13;8;17;0.00122;0.81
2012-13;10;17;0.00145;0.77
2012-13;12;17;0.00227;0.72
2012-13;14;17;0.00291;0.83
2012-13;16;17;0.00189;0.79
2012-13;18;17;0.00075;0.83
2012-13;20;17;0.00045;1.01
2012-13;22;17;0.00302;1.1
2012-13;24;17;0.00029;1.05
2012-13;-22;19;0.00227;1.16
2012-13;-20;19;0.00233;1.09
2012-13;-18;19;0.00047;0.9
2012-13;-16;19;0.00143;0.72
2012-13;-14;19;0.00276;0.75
2012-13;-12;19;0.00293;0.76
2012-13;-10;19;0.00258;0.83
2012-13;-8;19;0.0024;0.88
2012-13;-6;19;0.0012;0.89
2012-13;-4;19;0.00093;0.76
2012-13;-2;19;0.00132;0.71
2012-13;0;19;0.00271;0.87
2012-13;2;19;0.00092;0.85
2012-13;4;19;0.00081;0.8
2012-13;6;19;0.00116;0.78
2012-13;8;19;0.00209;0.82
2012-13;10;19;0.00252;0.76
2012-13;12;19;0.00318;0.81
2012-13;14;19;0.00256;0.75
2012-13;16;19;0.00131;0.73
2012-13;18;19;0.0004;0.9
2012-13;20;19;0.00301;1.16
2012-13;22;19;0.00224;1.07
2012-13;-22;21;0.00076;1.05
2012-13;-20;21;0.00428;1.02
2012-13;-18;21;0.00222;1.12
2012-13;-16;21;0.00088;0.75
2012-13;-14;21;0.00189;0.83
2012-13;-12;21;0.00354;0.74
2012-13;-10;21;0.00351;0.81
2012-13;-8;21;0.00268;0.87
2012-13;-6;21;0.00209;0.79
2012-13;-4;21;0.00165;0.85
2012-13;-2;21;0.00169;0.88
2012-13;0;21;0.00341;0.89
2012-13;2;21;0.00162;0.84
2012-13;4;21;0.00149;0.91
2012-13;6;21;0.00196;0.85
2012-13;8;21;0.00261;0.79
2012-13;10;21;0.00345;0.75
2012-13;12;21;0.00272;0.79
2012-13;14;21;0.00163;0.75
2012-13;16;21;0.00064;0.82
2012-13;18;21;0.00234;1.05
2012-13;20;21;0.00463;1.12
2012-13;22;21;0.00066;0.86
2012-13;-20;23;0.00145;1.21
2012-13;-18;23;0.00571;1.11
2012-13;-16;23;0.00239;1.17
2012-13;-14;23;0.00076;0.7
2012-13;-12;23;0.00204;0.67
2012-13;-10;23;0.00249;0.77
2012-13;-8;23;0.00259;0.8
2012-13;-6;23;0.00247;0.86
2012-13;-4;23;0.00229;0.81
2012-13;-2;23;0.00206;0.9
2012-13;0;23;0.00354;0.83
2012-13;2;23;0.00197;0.86
2012-13;4;23;0.00213;0.8
2012-13;6;23;0.00215;0.81
2012-13;8;23;0.00244;0.82
2012-13;10;23;0.00216;0.72
2012-13;12;23;0.00145;0.77
2012-13;14;23;0.00059;0.79
2012-13;16;23;0.00286;1.06
2012-13;18;23;0.00589;1.14
2012-13;20;23;0.00182;1.02
2012-13;22;23;0.00017;0.45
2012-13;-20;25;0.00035;1.0
2012-13;-18;25;0.00222;1.01
2012-13;-16;25;0.00591;1.17
2012-13;-14;25;0.0034;1.1
2012-13;-12;25;0.00069;0.83
2012-13;-10;25;0.00112;0.61
2012-13;-8;25;0.00131;0.69
2012-13;-6;25;0.00144;0.76
2012-13;-4;25;0.00186;0.73
2012-13;-2;25;0.00219;0.7
2012-13;0;25;0.00363;0.79
2012-13;2;25;0.00186;0.79
2012-13;4;25;0.00133;0.81
2012-13;6;25;0.00138;0.76
2012-13;8;25;0.00118;0.74
2012-13;10;25;0.00075;0.69
2012-13;12;25;0.0004;1.14
2012-13;14;25;0.0033;0.92
2012-13;16;25;0.00575;1.13
2012-13;18;25;0.00205;1.06
2012-13;20;25;0.00034;0.99
2012-13;-18;27;0.00058;0.81
2012-13;-16;27;0.00247;0.97
2012-13;-14;27;0.00527;1.04
2012-13;-12;27;0.0054;1.11
2012-13;-10;27;0.00185;1.08
2012-13;-8;27;0.00061;0.95
2012-13;-6;27;0.0007;0.63
2012-13;-4;27;0.00081;0.81
2012-13;-2;27;0.00093;0.72
2012-13;0;27;0.00155;0.65
2012-13;2;27;0.00081;0.75
2012-13;4;27;0.0006;0.66
2012-13;6;27;0.00056;0.72
2012-13;8;27;0.00048;0.86
2012-13;10;27;0.00165;1.2
2012-13;12;27;0.00464;1.1
2012-13;14;27;0.00496;1.02
2012-13;16;27;0.00234;0.99
2012-13;18;27;0.0005;0.84
2012-13;-16;29;0.00036;0.79
2012-13;-14;29;0.00119;1.0
2012-13;-12;29;0.00298;1.19
2012-13;-10;29;0.00429;1.07
2012-13;-8;29;0.00425;1.02
2012-13;-6;29;0.00282;1.05
2012-13;-4;29;0.00185;0.92
2012-13;-2;29;0.00129;1.17
2012-13;0;29;0.00184;0.98
2012-13;2;29;0.00123;1.02
2012-13;4;29;0.0013;1.09
2012-13;6;29;0.00209;1.06
2012-13;8;29;0.00371;1.05
2012-13;10;29;0.00367;0.95
2012-13;12;29;0.00241;0.99
2012-13;14;29;0.00134;0.82
2012-13;16;29;0.00043;0.81
2012-13;-14;31;0.00017;1.18
2012-13;-12;31;0.0003;0.92
2012-13;-10;31;0.00063;0.9
2012-13;-8;31;0.00125;1.11
2012-13;-6;31;0.0017;1.04
2012-13;-4;31;0.00204;1.01
2012-13;-2;31;0.00293;1.06
2012-13;0;31;0.00474;1.12
2012-13;2;31;0.00279;1.08
2012-13;4;31;0.00188;1.09
2012-13;6;31;0.00154;0.97
2012-13;8;31;0.0012;1.19
2012-13;10;31;0.0007;0.93
2012-13;12;31;0.00035;0.96
2012-13;14;31;0.00016;0.38
2013-14;-24;3;0.00194;1.15
2013-14;-22;3;0.0007;0.94
2013-14;-20;3;0.00024;0.65
2013-14;-18;3;0.00044;0.83
2013-14;-16;3;0.00053;0.76
2013-14;-14;3;0.00031;1.0
2013-14;-12;3;0.00016;1.0
2013-14;-2;3;0.00031;0.92
2013-14;0;3;0.00096;1.24
2013-14;2;3;0.00036;0.81
2013-14;12;3;0.0002;0.54
2013-14;14;3;0.00037;0.81
2013-14;16;3;0.00055;0.96
2013-14;18;3;0.00047;0.83
2013-14;20;3;0.00036;0.96
2013-14;22;3;0.00124;1.15
2013-14;24;3;0.00207;1.31
2013-14;-24;5;0.00631;1.14
2013-14;-22;5;0.00381;1.16
2013-14;-20;5;0.00103;0.77
2013-14;-18;5;0.00219;0.8
2013-14;-16;5;0.00255;0.77
2013-14;-14;5;0.00189;0.74
2013-14;-12;5;0.00131;0.74
2013-14;-10;5;0.00127;0.81
2013-14;-8;5;0.0013;0.76
2013-14;-6;5;0.00148;0.85
2013-14;-4;5;0.00429;0.68
2013-14;-2;5;0.04563;1.26
2013-14;0;5;0.09448;1.48
2013-14;2;5;0.03585;1.18
2013-14;4;5;0.003;0.68
2013-14;6;5;0.00193;0.78
2013-14;8;5;0.00174;0.76
2013-14;10;5;0.00168;0.72
2013-14;12;5;0.00158;0.77
2013-14;14;5;0.00217;0.78
2013-14;16;5;0.00305;0.78
2013-14;18;5;0.00205;0.86
2013-14;20;5;0.00145;0.78
2013-14;22;5;0.00502;1.24
2013-14;24;5;0.0072;1.12
2013-14;-24;7;0.00615;1.17
2013-14;-22;7;0.00313;1.09
2013-14;-20;7;0.00102;0.74
2013-14;-18;7;0.00186;0.79
2013-14;-16;7;0.003;0.82
2013-14;-14;7;0.00196;0.73
2013-14;-12;7;0.00171;0.7
2013-14;-10;7;0.00217;0.72
2013-14;-8;7;0.00292;0.79
2013-14;-6;7;0.00466;0.72
2013-14;-4;7;0.00874;0.74
2013-14;-2;7;0.03277;1.05
2013-14;0;7;0.06032;1.22
2013-14;2;7;0.02765;0.94
2013-14;4;7;0.00675;0.67
2013-14;6;7;0.00428;0.78
2013-14;8;7;0.00282;0.76
2013-14;10;7;0.00255;0.71
2013-14;12;7;0.00211;0.83
2013-14;14;7;0.0027;0.75
2013-14;16;7;0.00319;0.87
2013-14;18;7;0.00191;0.79
2013-14;20;7;0.00107;0.8
2013-14;22;7;0.00512;1.15
2013-14;24;7;0.00541;1.18
2013-14;-24;9;0.00369;1.21
2013-14;-22;9;0.00151;1.21
2013-14;-20;9;0.00075;0.72
2013-14;-18;9;0.00132;0.85
2013-14;-16;9;0.0021;0.84
2013-14;-14;9;0.00187;0.85
2013-14;-12;9;0.00166;0.76
2013-14;-10;9;0.00219;0.8
2013-14;-8;9;0.00252;0.82
2013-14;-6;9;0.00448;0.79
2013-14;-4;9;0.00579;0.72
2013-14;-2;9;0.00781;0.75
2013-14;0;9;0.01696;0.9
2013-14;2;9;0.00765;0.77
2013-14;4;9;0.00515;0.74
2013-14;6;9;0.0038;0.76
2013-14;8;9;0.00265;0.78
2013-14;10;9;0.00245;0.75
2013-14;12;9;0.00197;0.78
2013-14;14;9;0.00248;0.81
2013-14;16;9;0.00273;0.73
2013-14;18;9;0.00121;0.81
2013-14;20;9;0.0007;0.91
2013-14;22;9;0.00244;1.06
2013-14;24;9;0.00291;1.13
2013-14;-24;11;0.00217;1.24
2013-14;-22;11;0.00098;1.2
2013-14;-20;11;0.00047;0.91
2013-14;-18;11;0.00097;0.85
2013-14;-16;11;0.00164;0.74
2013-14;-14;11;0.00155;0.82
2013-14;-12;11;0.00136;0.85
2013-14;-10;11;0.00162;0.8
2013-14;-8;11;0.00158;0.81
2013-14;-6;11;0.00265;0.76
2013-14;-4;11;0.00356;0.72
2013-14;-2;11;0.00528;0.79
2013-14;0;11;0.01115;0.85
2013-14;2;11;0.00474;0.8
2013-14;4;11;0.00307;0.8
2013-14;6;11;0.00235;0.79
2013-14;8;11;0.00168;0.8
2013-14;10;11;0.00169;0.76
2013-14;12;11;0.00155;0.79
2013-14;14;11;0.00196;0.78
2013-14;16;11;0.00196;0.8
2013-14;18;11;0.00102;0.81
2013-14;20;11;0.00062;0.87
2013-14;22;11;0.00121;1.11
2013-14;24;11;0.00151;1.27
2013-14;-24;13;0.00115;1.25
2013-14;-22;13;0.00057;1.08
2013-14;-20;13;0.0005;0.46
2013-14;-18;13;0.00103;0.77
2013-14;-16;13;0.00176;0.85
2013-14;-14;13;0.00153;0.75
2013-14;-12;13;0.00119;0.66
2013-14;-10;13;0.0012;0.86
2013-14;-8;13;0.00092;0.82
2013-14;-6;13;0.00156;0.84
2013-14;-4;13;0.00178;0.77
2013-14;-2;13;0.00243;0.79
2013-14;0;13;0.00574;0.82
2013-14;2;13;0.00236;0.75
2013-14;4;13;0.00173;0.72
2013-14;6;13;0.00157;0.75
2013-14;8;13;0.00087;0.75
2013-14;10;13;0.00113;0.74
2013-14;12;13;0.00116;0.8
2013-14;14;13;0.00206;0.8
2013-14;16;13;0.00188;0.76
2013-14;18;13;0.00093;0.8
2013-14;20;13;0.00046;0.66
2013-14;22;13;0.00068;1.16
2013-14;24;13;0.00086;1.21
2013-14;-24;15;0.00063;1.08
2013-14;-22;15;0.00128;1.2
2013-14;-20;15;0.00027;0.58
2013-14;-18;15;0.00104;0.66
2013-14;-16;15;0.00176;0.69
2013-14;-14;15;0.00203;0.79
2013-14;-12;15;0.00148;0.82
2013-14;-10;15;0.00133;0.66
2013-14;-8;15;0.00093;0.81
2013-14;-6;15;0.0016;0.74
2013-14;-4;15;0.00149;0.84
2013-14;-2;15;0.0017;0.77
2013-14;0;15;0.00348;0.84
2013-14;2;15;0.00137;0.77
2013-14;4;15;0.00149;0.8
2013-14;6;15;0.00147;0.79
2013-14;8;15;0.00094;0.72
2013-14;10;15;0.00121;0.87
2013-14;12;15;0.00182;0.78
2013-14;14;15;0.00234;0.87
2013-14;16;15;0.00208;0.81
2013-14;18;15;0.00089;0.89
2013-14;20;15;0.00043;0.61
2013-14;22;15;0.00139;1.09
2013-14;24;15;0.00055;1.21
2013-14;-24;17;0.00029;1.02
2013-14;-22;17;0.0029;1.11
2013-14;-20;17;0.00027;0.94
2013-14;-18;17;0.0007;0.82
2013-14;-16;17;0.00173;0.82
2013-14;-14;17;0.00257;0.82
2013-14;-12;17;0.0021;0.74
2013-14;-10;17;0.00139;0.87
2013-14;-8;17;0.00109;0.83
2013-14;-6;17;0.00166;0.78
2013-14;-4;17;0.00103;1.05
2013-14;-2;17;0.00124;0.85
2013-14;0;17;0.00229;0.84
2013-14;2;17;0.00093;0.79
2013-14;4;17;0.00094;0.84
2013-14;6;17;0.00154;0.83
2013-14;8;17;0.00108;0.84
2013-14;10;17;0.00161;0.78
2013-14;12;17;0.00237;0.83
2013-14;14;17;0.00271;0.82
2013-14;16;17;0.00151;0.78
2013-14;18;17;0.00054;0.9
2013-14;20;17;0.00057;1.17
2013-14;22;17;0.00323;1.17
2013-14;24;17;0.00034;1.32
2013-14;-22;19;0.00257;1.11
2013-14;-20;19;0.00211;1.15
2013-14;-18;19;0.00045;0.86
2013-14;-16;19;0.0014;0.75
2013-14;-14;19;0.0026;0.74
2013-14;-12;19;0.00309;0.84
2013-14;-10;19;0.00275;0.87
2013-14;-8;19;0.00195;0.81
2013-14;-6;19;0.00116;0.83
2013-14;-4;19;0.00099;0.82
2013-14;-2;19;0.00118;0.75
2013-14;0;19;0.00263;0.9
2013-14;2;19;0.00113;0.9
2013-14;4;19;0.00096;0.84
2013-14;6;19;0.0011;0.91
2013-14;8;19;0.002;0.85
2013-14;10;19;0.0028;0.81
2013-14;12;19;0.00288;0.79
2013-14;14;19;0.00261;0.82
2013-14;16;19;0.00127;0.81
2013-14;18;19;0.00033;0.85
2013-14;20;19;0.0033;1.11
2013-14;22;19;0.00228;1.19
2013-14;-22;21;0.00066;0.88
2013-14;-20;21;0.00458;1.04
2013-14;-18;21;0.00197;1.11
2013-14;-16;21;0.00067;0.71
2013-14;-14;21;0.00195;0.79
2013-14;-12;21;0.00329;0.78
2013-14;-10;21;0.00357;0.8
2013-14;-8;21;0.00269;0.86
2013-14;-6;21;0.00184;0.84
2013-14;-4;21;0.00161;0.77
2013-14;-2;21;0.00191;0.78
2013-14;0;21;0.00344;0.8
2013-14;2;21;0.00158;0.72
2013-14;4;21;0.00151;0.9
2013-14;6;21;0.00176;0.83
2013-14;8;21;0.00248;0.82
2013-14;10;21;0.0033;0.77
2013-14;12;21;0.00268;0.74
2013-14;14;21;0.00157;0.74
2013-14;16;21;0.00055;0.75
2013-14;18;21;0.00264;1.17
2013-14;20;21;0.00436;1.13
2013-14;22;21;0.00071;1.0
2013-14;-20;23;0.00161;0.94
2013-14;-18;23;0.0062;1.07
2013-14;-16;23;0.00199;1.15
2013-14;-14;23;0.00059;0.85
2013-14;-12;23;0.00178;0.65
2013-14;-10;23;0.00251;0.77
2013-14;-8;23;0.00262;0.78
2013-14;-6;23;0.00244;0.82
2013-14;-4;23;0.00228;0.82
2013-14;-2;23;0.00211;0.77
2013-14;0;23;0.00365;0.82
2013-14;2;23;0.00213;0.8
2013-14;4;23;0.00197;0.8
2013-14;6;23;0.00233;0.87
2013-14;8;23;0.00238;0.82
2013-14;10;23;0.0024;0.75
2013-14;12;23;0.0015;0.74
2013-14;14;23;0.00054;0.96
2013-14;16;23;0.00309;1.11
2013-14;18;23;0.00568;1.11
2013-14;20;23;0.00194;1.05
2013-14;22;23;0.00015;1.2
2013-14;-20;25;0.0002;0.97
2013-14;-18;25;0.00243;0.94
2013-14;-16;25;0.00669;1.03
2013-14;-14;25;0.00348;1.09
2013-14;-12;25;0.00064;0.67
2013-14;-10;25;0.00097;0.68
2013-14;-8;25;0.00129;0.74
2013-14;-6;25;0.00158;0.62
2013-14;-4;25;0.00163;0.84
2013-14;-2;25;0.00221;0.75
2013-14;0;25;0.00346;0.83
2013-14;2;25;0.00191;0.8
2013-14;4;25;0.00153;0.75
2013-14;6;25;0.00119;0.68
2013-14;8;25;0.00113;0.83
2013-14;10;25;0.00082;0.7
2013-14;12;25;0.00048;0.85
2013-14;14;25;0.00374;1.14
2013-14;16;25;0.00649;1.09
2013-14;18;25;0.002;0.92
2013-14;20;25;0.00031;0.9
2013-14;-18;27;0.00058;0.89
2013-14;-16;27;0.0025;1.08
2013-14;-14;27;0.00589;1.09
2013-14;-12;27;0.0062;1.06
2013-14;-10;27;0.00227;1.15
2013-14;-8;27;0.00049;0.77
2013-14;-6;27;0.00057;0.6
2013-14;-4;27;0.00066;0.78
2013-14;-2;27;0.00103;0.75
2013-14;0;27;0.00168;0.76
2013-14;2;27;0.0009;0.79
2013-14;4;27;0.00049;0.8
2013-14;6;27;0.00029;0.71
2013-14;8;27;0.00053;0.96
2013-14;10;27;0.0022;1.02
2013-14;12;27;0.00541;1.08
2013-14;14;27;0.00516;1.03
2013-14;16;27;0.00227;1.01
2013-14;18;27;0.00045;0.88
2013-14;-16;29;0.00041;0.66
2013-14;-14;29;0.00118;1.0
2013-14;-12;29;0.00317;1.03
2013-14;-10;29;0.00517;1.05
2013-14;-8;29;0.00488;1.02
2013-14;-6;29;0.00343;1.05
2013-14;-4;29;0.00226;1.12
2013-14;-2;29;0.00182;1.24
2013-14;0;29;0.00263;1.1
2013-14;2;29;0.00157;1.0
2013-14;4;29;0.00189;1.04
2013-14;6;29;0.00302;1.17
2013-14;8;29;0.00437;1.05
2013-14;10;29;0.00469;1.04
2013-14;12;29;0.00307;1.05
2013-14;14;29;0.00131;0.8
2013-14;16;29;0.00042;1.22
2013-14;-14;31;0.00017;0.86
2013-14;-12;31;0.00028;0.7
2013-14;-10;31;0.00065;1.05
2013-14;-8;31;0.00114;0.97
2013-14;-6;31;0.0018;1.03
2013-14;-4;31;0.00251;0.94
2013-14;-2;31;0.00338;1.1
2013-14;0;31;0.00507;1.16
2013-14;2;31;0.00348;1.11
2013-14;4;31;0.00229;1.02
2013-14;6;31;0.00166;0.97
2013-14;8;31;0.0012;1.02
2013-14;10;31;0.00066;0.76
2013-14;12;31;0.00035;0.73
2013-14;14;31;0.0002;0.59
2014-15;-24;3;0.00167;1.2
2014-15;-22;3;0.00058;1.24
2014-15;-20;3;0.00025;0.8
2014-15;-18;3;0.0004;0.78
2014-15;-16;3;0.00048;0.86
2014-15;-14;3;0.00034;0.78
2014-15;-12;3;0.00016;0.61
2014-15;-2;3;0.00053;1.03
2014-15;0;3;0.00092;1.18
2014-15;2;3;0.00035;0.97
2014-15;12;3;0.00019;0.95
2014-15;14;3;0.00026;1.04
2014-15;16;3;0.0006;1.02
2014-15;18;3;0.00038;0.91
2014-15;20;3;0.00034;0.57
2014-15;22;3;0.00128;1.01
2014-15;24;3;0.00158;1.29
2014-15;-24;5;0.00725;1.2
2014-15;-22;5;0.00378;1.13
2014-15;-20;5;0.0011;0.77
2014-15;-18;5;0.00209;0.87
2014-15;-16;5;0.00264;0.83
2014-15;-14;5;0.00181;0.83
2014-15;-12;5;0.0015;0.78
2014-15;-10;5;0.00133;0.77
2014-15;-8;5;0.00159;0.86
2014-15;-6;5;0.00174;0.78
2014-15;-4;5;0.00486;0.72
2014-15;-2;5;0.04503;1.19
2014-15;0;5;0.11639;1.53
2014-15;2;5;0.03449;1.16
2014-15;4;5;0.00352;0.68
2014-15;6;5;0.00169;0.74
2014-15;8;5;0.00157;0.83
2014-15;10;5;0.00139;0.7
2014-15;12;5;0.00155;0.76
2014-15;14;5;0.00212;0.83
2014-15;16;5;0.00281;0.82
2014-15;18;5;0.00178;0.7
2014-15;20;5;0.00155;0.88
2014-15;22;5;0.00492;1.17
2014-15;24;5;0.00826;1.06
2014-15;-24;7;0.00611;1.16
2014-15;-22;7;0.00369;1.17
2014-15;-20;7;0.00102;0.75
2014-15;-18;7;0.00181;0.8
2014-15;-16;7;0.0024;0.86
2014-15;-14;7;0.0022;0.77
2014-15;-12;7;0.00182;0.78
2014-15;-10;7;0.00233;0.83
2014-15;-8;7;0.0031;0.78
2014-15;-6;7;0.00511;0.71
2014-15;-4;7;0.00812;0.7
2014-15;-2;7;0.02854;0.91
2014-15;0;7;0.04883;1.06
2014-15;2;7;0.023;0.84
2014-15;4;7;0.00645;0.68
2014-15;6;7;0.00405;0.73
2014-15;8;7;0.0029;0.85
2014-15;10;7;0.00243;0.77
2014-15;12;7;0.00189;0.75
2014-15;14;7;0.00265;0.78
2014-15;16;7;0.00317;0.8
2014-15;18;7;0.00174;0.85
2014-15;20;7;0.00124;0.72
2014-15;22;7;0.00462;1.17
2014-15;24;7;0.00619;1.16
2014-15;-24;9;0.00407;1.15
2014-15;-22;9;0.00242;1.19
2014-15;-20;9;0.00067;0.74
2014-15;-18;9;0.00141;0.83
2014-15;-16;9;0.00187;0.83
2014-15;-14;9;0.00167;0.81
2014-15;-12;9;0.00172;0.83
2014-15;-10;9;0.00208;0.68
2014-15;-8;9;0.00254;0.8
2014-15;-6;9;0.00451;0.76
2014-15;-4;9;0.00582;0.7
2014-15;-2;9;0.00752;0.73
2014-15;0;9;0.01534;0.83
2014-15;2;9;0.00689;0.74
2014-15;4;9;0.00506;0.7
2014-15;6;9;0.00402;0.71
2014-15;8;9;0.00248;0.8
2014-15;10;9;0.0023;0.77
2014-15;12;9;0.00205;0.78
2014-15;14;9;0.00239;0.82
2014-15;16;9;0.00258;0.75
2014-15;18;9;0.00114;0.77
2014-15;20;9;0.0008;0.87
2014-15;22;9;0.00233;1.19
2014-15;24;9;0.00333;1.1
2014-15;-24;11;0.00211;1.23
2014-15;-22;11;0.00103;1.02
2014-15;-20;11;0.0005;0.9
2014-15;-18;11;0.001;0.89
2014-15;-16;11;0.00166;0.78
2014-15;-14;11;0.0015;0.78
2014-15;-12;11;0.00128;0.71
2014-15;-10;11;0.00144;0.76
2014-15;-8;11;0.00152;0.75
2014-15;-6;11;0.00273;0.79
2014-15;-4;11;0.00364;0.81
2014-15;-2;11;0.00517;0.8
2014-15;0;11;0.01126;0.82
2014-15;2;11;0.0047;0.76
2014-15;4;11;0.00287;0.82
2014-15;6;11;0.00232;0.81
2014-15;8;11;0.00151;0.78
2014-15;10;11;0.0015;0.73
2014-15;12;11;0.00156;0.77
2014-15;14;11;0.0021;0.79
2014-15;16;11;0.0019;0.8
2014-15;18;11;0.00086;0.77
2014-15;20;11;0.00062;0.71
2014-15;22;11;0.00117;1.04
2014-15;24;11;0.00172;1.1
2014-15;-24;13;0.00136;1.12
2014-15;-22;13;0.00067;1.27
2014-15;-20;13;0.0003;0.74
2014-15;-18;13;0.00099;0.84
2014-15;-16;13;0.00145;0.82
2014-15;-14;13;0.00156;0.8
2014-15;-12;13;0.00128;0.75
2014-15;-10;13;0.00118;0.75
2014-15;-8;13;0.00092;0.71
2014-15;-6;13;0.00168;0.85
2014-15;-4;13;0.00201;0.75
2014-15;-2;13;0.00254;0.77
2014-15;0;13;0.00546;0.84
2014-15;2;13;0.00236;0.86
2014-15;4;13;0.00169;0.87
2014-15;6;13;0.00137;0.82
2014-15;8;13;0.00082;0.76
2014-15;10;13;0.00105;0.78
2014-15;12;13;0.00118;0.71
2014-15;14;13;0.00193;0.74
2014-15;16;13;0.00187;0.81
2014-15;18;13;0.00088;0.7
2014-15;20;13;0.00034;0.71
2014-15;22;13;0.00063;1.19
2014-15;24;13;0.00084;1.25
2014-15;-24;15;0.00061;1.06
2014-15;-22;15;0.00133;1.11
2014-15;-20;15;0.00029;0.7
2014-15;-18;15;0.00097;0.71
2014-15;-16;15;0.00158;0.74
2014-15;-14;15;0.00213;0.72
2014-15;-12;15;0.0017;0.76
2014-15;-10;15;0.00129;0.8
2014-15;-8;15;0.00085;0.87
2014-15;-6;15;0.0016;0.93
2014-15;-4;15;0.0015;0.79
2014-15;-2;15;0.00157;0.7
2014-15;0;15;0.0037;0.85
2014-15;2;15;0.00146;0.79
2014-15;4;15;0.00138;0.76
2014-15;6;15;0.00135;0.81
2014-15;8;15;0.00081;0.75
2014-15;10;15;0.00115;0.83
2014-15;12;15;0.00155;0.75
2014-15;14;15;0.0023;0.82
2014-15;16;15;0.00189;0.78
2014-15;18;15;0.00086;0.74
2014-15;20;15;0.00035;0.85
2014-15;22;15;0.00162;1.19
2014-15;24;15;0.00066;1.05
2014-15;-24;17;0.0003;1.08
2014-15;-22;17;0.00295;1.06
2014-15;-20;17;0.00028;1.05
2014-15;-18;17;0.00065;0.92
2014-15;-16;17;0.00143;0.74
2014-15;-14;17;0.00235;0.79
2014-15;-12;17;0.00224;0.75
2014-15;-10;17;0.00155;0.86
2014-15;-8;17;0.00116;0.86
2014-15;-6;17;0.00168;0.84
2014-15;-4;17;0.00112;0.83
2014-15;-2;17;0.00131;0.79
2014-15;0;17;0.00284;0.93
2014-15;2;17;0.00114;0.83
2014-15;4;17;0.00108;0.92
2014-15;6;17;0.00149;0.92
2014-15;8;17;0.00108;0.83
2014-15;10;17;0.00142;0.74
2014-15;12;17;0.00216;0.83
2014-15;14;17;0.00263;0.75
2014-15;16;17;0.00168;0.75
2014-15;18;17;0.00061;0.72
2014-15;20;17;0.00052;0.87
2014-15;22;17;0.0032;1.15
2014-15;24;17;0.00033;0.99
2014-15;-22;19;0.00248;1.0
2014-15;-20;19;0.00217;1.02
2014-15;-18;19;0.00041;0.76
2014-15;-16;19;0.00128;0.87
2014-15;-14;19;0.00237;0.67
2014-15;-12;19;0.00303;0.83
2014-15;-10;19;0.00257;0.83
2014-15;-8;19;0.0022;0.75
2014-15;-6;19;0.00104;0.85
2014-15;-4;19;0.00098;0.93
2014-15;-2;19;0.0011;0.94
2014-15;0;19;0.00268;0.84
2014-15;2;19;0.00111;0.76
2014-15;4;19;0.00072;0.81
2014-15;6;19;0.00102;0.89
2014-15;8;19;0.00186;0.76
2014-15;10;19;0.0023;0.82
2014-15;12;19;0.00282;0.8
2014-15;14;19;0.00234;0.81
2014-15;16;19;0.00118;0.82
2014-15;18;19;0.00023;0.81
2014-15;20;19;0.00314;1.11
2014-15;22;19;0.00262;1.15
2014-15;-22;21;0.00079;1.04
2014-15;-20;21;0.00439;1.08
2014-15;-18;21;0.00194;1.06
2014-15;-16;21;0.00057;0.76
2014-15;-14;21;0.00176;0.68
2014-15;-12;21;0.00324;0.77
2014-15;-10;21;0.00367;0.79
2014-15;-8;21;0.00266;0.85
2014-15;-6;21;0.00205;0.78
2014-15;-4;21;0.00177;0.84
2014-15;-2;21;0.00168;0.83
2014-15;0;21;0.00342;0.85
2014-15;2;21;0.00151;0.78
2014-15;4;21;0.00144;0.81
2014-15;6;21;0.00185;0.81
2014-15;8;21;0.00242;0.74
2014-15;10;21;0.00338;0.76
2014-15;12;21;0.00256;0.77
2014-15;14;21;0.0016;0.79
2014-15;16;21;0.00041;0.86
2014-15;18;21;0.00229;0.98
2014-15;20;21;0.00481;1.03
2014-15;22;21;0.00074;1.17
2014-15;-20;23;0.00172;0.99
2014-15;-18;23;0.00612;1.06
2014-15;-16;23;0.00226;1.13
2014-15;-14;23;0.0006;0.95
2014-15;-12;23;0.00159;0.69
2014-15;-10;23;0.00221;0.8
2014-15;-8;23;0.00261;0.77
2014-15;-6;23;0.00244;0.91
2014-15;-4;23;0.00236;0.79
2014-15;-2;23;0.00227;0.85
2014-15;0;23;0.00364;0.83
2014-15;2;23;0.00205;0.87
2014-15;4;23;0.00215;0.75
2014-15;6;23;0.00226;0.81
2014-15;8;23;0.00234;0.87
2014-15;10;23;0.00209;0.79
2014-15;12;23;0.00139;0.82
2014-15;14;23;0.00053;0.68
2014-15;16;23;0.00322;1.07
2014-15;18;23;0.00535;1.07
2014-15;20;23;0.00205;0.91
2014-15;-20;25;0.00023;1.02
2014-15;-18;25;0.00263;1.03
2014-15;-16;25;0.00632;1.06
2014-15;-14;25;0.00358;1.1
2014-15;-12;25;0.00068;0.64
2014-15;-10;25;0.00084;0.8
2014-15;-8;25;0.00137;0.73
2014-15;-6;25;0.00154;0.82
2014-15;-4;25;0.00195;0.79
2014-15;-2;25;0.0021;0.85
2014-15;0;25;0.00384;0.8
2014-15;2;25;0.00186;0.82
2014-15;4;25;0.00157;0.76
2014-15;6;25;0.00135;0.7
2014-15;8;25;0.00114;0.76
2014-15;10;25;0.00075;0.73
2014-15;12;25;0.00052;0.99
2014-15;14;25;0.00364;1.03
2014-15;16;25;0.00649;1.05
2014-15;18;25;0.00251;1.02
2014-15;20;25;0.00037;0.88
2014-15;-18;27;0.00065;0.98
2014-15;-16;27;0.00263;0.93
2014-15;-14;27;0.00558;1.01
2014-15;-12;27;0.00611;1.05
2014-15;-10;27;0.00243;1.05
2014-15;-8;27;0.00054;1.15
2014-15;-6;27;0.00054;0.52
2014-15;-4;27;0.00065;0.7
2014-15;-2;27;0.00091;0.71
2014-15;0;27;0.0017;0.76
2014-15;2;27;0.00087;0.66
2014-15;4;27;0.00049;0.7
2014-15;6;27;0.00045;0.68
2014-15;8;27;0.00043;0.78
2014-15;10;27;0.00215;0.97
2014-15;12;27;0.00559;1.04
2014-15;14;27;0.00554;0.98
2014-15;16;27;0.00258;0.91
2014-15;18;27;0.00056;0.89
2014-15;-18;29;0.00018;0.83
2014-15;-16;29;0.00046;0.89
2014-15;-14;29;0.00116;0.95
2014-15;-12;29;0.00316;0.97
2014-15;-10;29;0.00516;0.98
2014-15;-8;29;0.00502;1.03
2014-15;-6;29;0.00345;0.98
2014-15;-4;29;0.00241;1.08
2014-15;-2;29;0.00215;1.1
2014-15;0;29;0.00279;1.14
2014-15;2;29;0.00161;1.1
2014-15;4;29;0.00181;1.06
2014-15;6;29;0.00314;1.02
2014-15;8;29;0.00449;1.09
2014-15;10;29;0.0049;1.0
2014-15;12;29;0.00294;1.01
2014-15;14;29;0.00132;0.97
2014-15;16;29;0.00039;0.72
2014-15;-14;31;0.00017;0.94
2014-15;-12;31;0.00026;0.74
2014-15;-10;31;0.00078;0.85
2014-15;-8;31;0.00149;1.09
2014-15;-6;31;0.00196;0.87
2014-15;-4;31;0.0025;1.06
2014-15;-2;31;0.00356;1.06
2014-15;0;31;0.0058;1.01
2014-15;2;31;0.00337;1.04
2014-15;4;31;0.00226;0.83
2014-15;6;31;0.00178;1.0
2014-15;8;31;0.00134;1.01
2014-15;10;31;0.00083;0.95
2014-15;12;31;0.00033;0.97
2014-15;14;31;0.0002;0.38
2015-16;-24;3;0.0021;1.12
2015-16;-22;3;0.00113;1.14
2015-16;-20;3;0.0003;0.69
2015-16;-18;3;0.00031;0.81
2015-16;-16;3;0.00036;0.65
2015-16;-14;3;0.00032;0.75
2015-16;-12;3;0.00019;1.0
2015-16;-10;3;0.00016;0.88
2015-16;-2;3;0.00027;0.87
2015-16;0;3;0.00085;1.21
2015-16;2;3;0.00031;1.0
2015-16;12;3;0.00028;0.9
2015-16;14;3;0.00034;0.83
2015-16;16;3;0.0004;0.61
2015-16;18;3;0.00045;0.7
2015-16;20;3;0.00042;0.77
2015-16;22;3;0.00085;1.05
2015-16;24;3;0.00347;1.21
2015-16;-24;5;0.00664;1.17
2015-16;-22;5;0.00624;1.17
2015-16;-20;5;0.00128;0.7
2015-16;-18;5;0.00205;0.8
2015-16;-16;5;0.00233;0.87
2015-16;-14;5;0.00215;0.78
2015-16;-12;5;0.00152;0.85
2015-16;-10;5;0.00159;0.85
2015-16;-8;5;0.00159;0.79
2015-16;-6;5;0.00193;0.76
2015-16;-4;5;0.0037;0.79
2015-16;-2;5;0.03977;1.15
2015-16;0;5;0.11268;1.52
2015-16;2;5;0.04225;1.15
2015-16;4;5;0.00412;0.7
2015-16;6;5;0.00172;0.76
2015-16;8;5;0.00167;0.77
2015-16;10;5;0.00162;0.8
2015-16;12;5;0.00164;0.76
2015-16;14;5;0.00204;0.75
2015-16;16;5;0.0027;0.79
2015-16;18;5;0.00192;0.83
2015-16;20;5;0.00165;0.8
2015-16;22;5;0.00368;1.19
2015-16;24;5;0.01154;1.13
2015-16;-24;7;0.00536;1.1
2015-16;-22;7;0.00471;1.15
2015-16;-20;7;0.00102;0.79
2015-16;-18;7;0.0017;0.83
2015-16;-16;7;0.00267;0.78
2015-16;-14;7;0.00241;0.79
2015-16;-12;7;0.00199;0.85
2015-16;-10;7;0.00263;0.77
2015-16;-8;7;0.00314;0.92
2015-16;-6;7;0.00453;0.79
2015-16;-4;7;0.00716;0.73
2015-16;-2;7;0.02685;0.96
2015-16;0;7;0.05275;1.09
2015-16;2;7;0.0272;0.91
2015-16;4;7;0.0078;0.67
2015-16;6;7;0.00436;0.7
2015-16;8;7;0.00346;0.81
2015-16;10;7;0.00219;0.85
2015-16;12;7;0.00195;0.84
2015-16;14;7;0.0023;0.79
2015-16;16;7;0.00273;0.84
2015-16;18;7;0.00172;0.83
2015-16;20;7;0.001;0.71
2015-16;22;7;0.00277;1.07
2015-16;24;7;0.00785;1.07
2015-16;-24;9;0.0025;1.01
2015-16;-22;9;0.00236;1.11
2015-16;-20;9;0.00053;0.77
2015-16;-18;9;0.00106;0.82
2015-16;-16;9;0.00166;0.9
2015-16;-14;9;0.00166;0.7
2015-16;-12;9;0.00155;0.71
2015-16;-10;9;0.00187;0.73
2015-16;-8;9;0.00238;0.76
2015-16;-6;9;0.00352;0.76
2015-16;-4;9;0.0047;0.76
2015-16;-2;9;0.00659;0.74
2015-16;0;9;0.01475;0.85
2015-16;2;9;0.00703;0.77
2015-16;4;9;0.0049;0.73
2015-16;6;9;0.00394;0.79
2015-16;8;9;0.00259;0.83
2015-16;10;9;0.0021;0.78
2015-16;12;9;0.00178;0.81
2015-16;14;9;0.00177;0.78
2015-16;16;9;0.00195;0.73
2015-16;18;9;0.0011;0.76
2015-16;20;9;0.0006;0.75
2015-16;22;9;0.00107;0.94
2015-16;24;9;0.00366;1.1
2015-16;-24;11;0.00147;1.13
2015-16;-22;11;0.00157;1.11
2015-16;-20;11;0.00043;0.93
2015-16;-18;11;0.00088;0.78
2015-16;-16;11;0.00136;0.76
2015-16;-14;11;0.00138;0.8
2015-16;-12;11;0.00113;0.78
2015-16;-10;11;0.0014;0.79
2015-16;-8;11;0.00126;0.8
2015-16;-6;11;0.00217;0.81
2015-16;-4;11;0.00271;0.8
2015-16;-2;11;0.00419;0.81
2015-16;0;11;0.01012;0.85
2015-16;2;11;0.00454;0.83
2015-16;4;11;0.00315;0.77
2015-16;6;11;0.00255;0.85
2015-16;8;11;0.00168;0.82
2015-16;10;11;0.00134;0.67
2015-16;12;11;0.00129;0.83
2015-16;14;11;0.0015;0.81
2015-16;16;11;0.0015;0.86
2015-16;18;11;0.00094;0.76
2015-16;20;11;0.00048;0.75
2015-16;22;11;0.00063;0.99
2015-16;24;11;0.00188;1.04
2015-16;-24;13;0.00067;1.21
2015-16;-22;13;0.00107;1.26
2015-16;-20;13;0.00042;0.7
2015-16;-18;13;0.00077;0.82
2015-16;-16;13;0.00121;0.87
2015-16;-14;13;0.00163;0.85
2015-16;-12;13;0.00117;0.74
2015-16;-10;13;0.00119;0.69
2015-16;-8;13;0.00099;0.75
2015-16;-6;13;0.00154;0.76
2015-16;-4;13;0.00187;0.82
2015-16;-2;13;0.00234;0.82
2015-16;0;13;0.00563;0.85
2015-16;2;13;0.00256;0.82
2015-16;4;13;0.00194;0.77
2015-16;6;13;0.00177;0.71
2015-16;8;13;0.00124;0.81
2015-16;10;13;0.00099;0.75
2015-16;12;13;0.00107;0.79
2015-16;14;13;0.00146;0.79
2015-16;16;13;0.00171;0.74
2015-16;18;13;0.00078;0.71
2015-16;20;13;0.00042;0.78
2015-16;22;13;0.00038;0.83
2015-16;24;13;0.00104;1.14
2015-16;-24;15;0.00035;1.19
2015-16;-22;15;0.00169;1.14
2015-16;-20;15;0.00022;0.52
2015-16;-18;15;0.00069;0.83
2015-16;-16;15;0.00138;0.79
2015-16;-14;15;0.00195;0.78
2015-16;-12;15;0.00138;0.91
2015-16;-10;15;0.00112;0.84
2015-16;-8;15;0.00088;0.76
2015-16;-6;15;0.00156;0.8
2015-16;-4;15;0.00159;0.85
2015-16;-2;15;0.00163;0.79
2015-16;0;15;0.00348;0.84
2015-16;2;15;0.00153;0.81
2015-16;4;15;0.00143;0.75
2015-16;6;15;0.00163;0.76
2015-16;8;15;0.00089;0.83
2015-16;10;15;0.00097;0.73
2015-16;12;15;0.00131;0.84
2015-16;14;15;0.00183;0.77
2015-16;16;15;0.00168;0.85
2015-16;18;15;0.00077;0.77
2015-16;20;15;0.00034;0.87
2015-16;22;15;0.00103;1.15
2015-16;24;15;0.00109;1.07
2015-16;-22;17;0.00289;1.14
2015-16;-20;17;0.00074;0.98
2015-16;-18;17;0.00051;0.82
2015-16;-16;17;0.00136;0.87
2015-16;-14;17;0.00249;0.75
2015-16;-12;17;0.00196;0.67
2015-16;-10;17;0.00166;0.81
2015-16;-8;17;0.00115;0.82
2015-16;-6;17;0.00197;0.94
2015-16;-4;17;0.00126;0.89
2015-16;-2;17;0.0012;0.81
2015-16;0;17;0.00282;0.88
2015-16;2;17;0.0011;0.81
2015-16;4;17;0.00102;0.71
2015-16;6;17;0.00163;0.88
2015-16;8;17;0.00123;0.84
2015-16;10;17;0.00134;0.86
2015-16;12;17;0.00186;0.76
2015-16;14;17;0.00233;0.85
2015-16;16;17;0.00152;0.82
2015-16;18;17;0.00061;0.78
2015-16;20;17;0.00031;1.23
2015-16;22;17;0.00299;1.13
2015-16;24;17;0.00092;1.24
2015-16;-22;19;0.00157;1.1
2015-16;-20;19;0.00334;1.12
2015-16;-18;19;0.0003;0.73
2015-16;-16;19;0.00119;0.73
2015-16;-14;19;0.00248;0.86
2015-16;-12;19;0.0029;0.82
2015-16;-10;19;0.00288;0.78
2015-16;-8;19;0.00203;0.84
2015-16;-6;19;0.00129;0.88
2015-16;-4;19;0.00088;0.78
2015-16;-2;19;0.00128;0.95
2015-16;0;19;0.00277;0.92
2015-16;2;19;0.00123;0.83
2015-16;4;19;0.00081;0.95
2015-16;6;19;0.00111;0.83
2015-16;8;19;0.0018;0.81
2015-16;10;19;0.00243;0.76
2015-16;12;19;0.00271;0.88
2015-16;14;19;0.00237;0.77
2015-16;16;19;0.00121;0.73
2015-16;18;19;0.00044;0.68
2015-16;20;19;0.00226;1.15
2015-16;22;19;0.0028;1.05
2015-16;24;19;0.00022;0.8
2015-16;-22;21;0.00052;0.98
2015-16;-20;21;0.00434;1.0
2015-16;-18;21;0.00242;1.1
2015-16;-16;21;0.00051;0.9
2015-16;-14;21;0.00152;0.71
2015-16;-12;21;0.00251;0.78
2015-16;-10;21;0.00329;0.8
2015-16;-8;21;0.0026;0.78
2015-16;-6;21;0.00176;0.83
2015-16;-4;21;0.00157;0.86
2015-16;-2;21;0.00166;0.83
2015-16;0;21;0.00301;0.84
2015-16;2;21;0.00172;0.79
2015-16;4;21;0.00151;0.85
2015-16;6;21;0.00173;0.85
2015-16;8;21;0.00232;0.76
2015-16;10;21;0.0027;0.84
2015-16;12;21;0.00246;0.75
2015-16;14;21;0.00154;0.73
2015-16;16;21;0.00072;0.73
2015-16;18;21;0.0017;1.11
2015-16;20;21;0.00502;1.06
2015-16;22;21;0.0012;0.95
2015-16;-20;23;0.00132;1.01
2015-16;-18;23;0.00572;1.13
2015-16;-16;23;0.0026;1.01
2015-16;-14;23;0.00054;0.71
2015-16;-12;23;0.00125;0.78
2015-16;-10;23;0.00209;0.93
2015-16;-8;23;0.00222;0.75
2015-16;-6;23;0.00225;0.92
2015-16;-4;23;0.00217;0.84
2015-16;-2;23;0.00202;0.67
2015-16;0;23;0.00343;0.85
2015-16;2;23;0.00178;0.79
2015-16;4;23;0.00196;0.84
2015-16;6;23;0.00203;0.8
2015-16;8;23;0.00229;0.8
2015-16;10;23;0.00193;0.79
2015-16;12;23;0.00121;0.86
2015-16;14;23;0.00054;0.79
2015-16;16;23;0.00207;1.0
2015-16;18;23;0.00611;1.06
2015-16;20;23;0.00281;1.14
2015-16;22;23;0.00037;1.14
2015-16;-20;25;0.00034;0.8
2015-16;-18;25;0.00223;0.95
2015-16;-16;25;0.00667;1.14
2015-16;-14;25;0.00473;1.09
2015-16;-12;25;0.0006;0.87
2015-16;-10;25;0.00071;0.82
2015-16;-8;25;0.00103;0.76
2015-16;-6;25;0.00129;0.9
2015-16;-4;25;0.00168;0.71
2015-16;-2;25;0.00225;0.79
2015-16;0;25;0.00382;0.83
2015-16;2;25;0.00199;0.75
2015-16;4;25;0.00152;0.68
2015-16;6;25;0.00134;0.71
2015-16;8;25;0.00115;0.69
2015-16;10;25;0.00069;0.76
2015-16;12;25;0.00047;0.82
2015-16;14;25;0.00296;1.05
2015-16;16;25;0.00756;1.07
2015-16;18;25;0.0035;0.96
2015-16;20;25;0.00088;0.97
2015-16;-18;27;0.00049;0.92
2015-16;-16;27;0.00196;0.98
2015-16;-14;27;0.00539;1.05
2015-16;-12;27;0.00694;1.11
2015-16;-10;27;0.00345;1.09
2015-16;-8;27;0.00059;1.07
2015-16;-6;27;0.00033;0.9
2015-16;-4;27;0.00046;0.69
2015-16;-2;27;0.00062;0.83
2015-16;0;27;0.00137;0.82
2015-16;2;27;0.0007;0.67
2015-16;4;27;0.00053;0.66
2015-16;6;27;0.00037;0.87
2015-16;8;27;0.0004;0.87
2015-16;10;27;0.00193;1.19
2015-16;12;27;0.00529;1.06
2015-16;14;27;0.00605;0.99
2015-16;16;27;0.00323;1.08
2015-16;18;27;0.00083;0.96
2015-16;20;27;0.0002;0.93
2015-16;-16;29;0.00046;0.99
2015-16;-14;29;0.00111;1.06
2015-16;-12;29;0.0028;0.96
2015-16;-10;29;0.00558;1.06
2015-16;-8;29;0.00616;1.01
2015-16;-6;29;0.0046;0.98
2015-16;-4;29;0.00341;1.12
2015-16;-2;29;0.00306;1.07
2015-16;0;29;0.00437;1.04
2015-16;2;29;0.00306;1.04
2015-16;4;29;0.00289;1.15
2015-16;6;29;0.00392;0.98
2015-16;8;29;0.00548;1.11
2015-16;10;29;0.00481;1.0
2015-16;12;29;0.0034;1.06
2015-16;14;29;0.00176;1.02
2015-16;16;29;0.00081;0.93
2015-16;18;29;0.00021;1.09
2015-16;-14;31;0.00015;1.0
2015-16;-12;31;0.00025;0.87
2015-16;-10;31;0.0005;0.93
2015-16;-8;31;0.00095;1.03
2015-16;-6;31;0.00148;1.15
2015-16;-4;31;0.002;1.03
2015-16;-2;31;0.00298;1.02
2015-16;0;31;0.0053;1.03
2015-16;2;31;0.0031;1.02
2015-16;4;31;0.00226;1.02
2015-16;6;31;0.00158;0.92
2015-16;8;31;0.00119;0.96
2015-16;10;31;0.0007;0.96
2015-16;12;31;0.00041;0.92
2015-16;14;31;0.00022;0.78
2016-17;-24;3;0.00228;1.22
2016-17;-22;3;0.00085;1.2
2016-17;-20;3;0.00023;0.85
2016-17;-18;3;0.00027;0.7
2016-17;-16;3;0.00029;0.95
2016-17;-14;3;0.00028;0.85
2016-17;-12;3;0.00017;1.11
2016-17;-2;3;0.00027;0.95
2016-17;0;3;0.0006;1.3
2016-17;2;3;0.00025;1.28
2016-17;12;3;0.00017;0.8
2016-17;14;3;0.0002;0.49
2016-17;16;3;0.00025;1.02
2016-17;18;3;0.00025;0.72
2016-17;20;3;0.00018;0.74
2016-17;22;3;0.00084;0.95
2016-17;24;3;0.00232;1.24
2016-17;-24;5;0.00826;1.19
2016-17;-22;5;0.00413;1.08
2016-17;-20;5;0.00107;0.9
2016-17;-18;5;0.00161;0.9
2016-17;-16;5;0.00212;0.75
2016-17;-14;5;0.00149;0.78
2016-17;-12;5;0.00117;0.85
2016-17;-10;5;0.00116;0.76
2016-17;-8;5;0.00119;0.76
2016-17;-6;5;0.00127;0.77
2016-17;-4;5;0.00292;0.83
2016-17;-2;5;0.03755;1.16
2016-17;0;5;0.11453;1.52
2016-17;2;5;0.03422;1.13
2016-17;4;5;0.00258;0.79
2016-17;6;5;0.00135;0.76
2016-17;8;5;0.00146;0.8
2016-17;10;5;0.00119;0.87
2016-17;12;5;0.00132;0.8
2016-17;14;5;0.00167;0.81
2016-17;16;5;0.00224;0.8
2016-17;18;5;0.0015;0.86
2016-17;20;5;0.00111;0.75
2016-17;22;5;0.00402;1.17
2016-17;24;5;0.01095;1.17
2016-17;-24;7;0.00676;1.13
2016-17;-22;7;0.00391;1.2
2016-17;-20;7;0.00096;0.74
2016-17;-18;7;0.00162;0.74
2016-17;-16;7;0.00215;0.84
2016-17;-14;7;0.0021;0.75
2016-17;-12;7;0.00189;0.73
2016-17;-10;7;0.00224;0.82
2016-17;-8;7;0.00309;0.88
2016-17;-6;7;0.00439;0.8
2016-17;-4;7;0.00736;0.9
2016-17;-2;7;0.03127;1.02
2016-17;0;7;0.05728;1.1
2016-17;2;7;0.02493;0.92
2016-17;4;7;0.00605;0.71
2016-17;6;7;0.00407;0.85
2016-17;8;7;0.00351;0.82
2016-17;10;7;0.00214;0.77
2016-17;12;7;0.00179;0.79
2016-17;14;7;0.00242;0.85
2016-17;16;7;0.00244;0.87
2016-17;18;7;0.00133;0.85
2016-17;20;7;0.00102;0.86
2016-17;22;7;0.00392;1.09
2016-17;24;7;0.00794;1.18
2016-17;-24;9;0.00362;1.13
2016-17;-22;9;0.00222;1.28
2016-17;-20;9;0.0006;0.78
2016-17;-18;9;0.00087;0.67
2016-17;-16;9;0.00161;0.85
2016-17;-14;9;0.00147;0.82
2016-17;-12;9;0.00145;0.77
2016-17;-10;9;0.0022;0.72
2016-17;-8;9;0.00239;0.83
2016-17;-6;9;0.00371;0.86
2016-17;-4;9;0.0049;0.83
2016-17;-2;9;0.00712;0.81
2016-17;0;9;0.01544;0.9
2016-17;2;9;0.00678;0.82
2016-17;4;9;0.0047;0.81
2016-17;6;9;0.00356;0.86
2016-17;8;9;0.00269;0.77
2016-17;10;9;0.00195;0.78
2016-17;12;9;0.00176;0.8
2016-17;14;9;0.00185;0.85
2016-17;16;9;0.00178;0.9
2016-17;18;9;0.00088;0.89
2016-17;20;9;0.00059;0.67
2016-17;22;9;0.00171;1.15
2016-17;24;9;0.00352;1.07
2016-17;-24;11;0.00196;1.07
2016-17;-22;11;0.00115;1.25
2016-17;-20;11;0.00031;0.84
2016-17;-18;11;0.00079;0.8
2016-17;-16;11;0.00128;0.89
2016-17;-14;11;0.00127;0.75
2016-17;-12;11;0.00112;0.65
2016-17;-10;11;0.00143;0.75
2016-17;-8;11;0.00154;0.76
2016-17;-6;11;0.00241;0.81
2016-17;-4;11;0.00268;0.77
2016-17;-2;11;0.00449;0.85
2016-17;0;11;0.01003;0.84
2016-17;2;11;0.00423;0.83
2016-17;4;11;0.00276;0.81
2016-17;6;11;0.00237;0.77
2016-17;8;11;0.00162;0.74
2016-17;10;11;0.00148;0.79
2016-17;12;11;0.00134;0.77
2016-17;14;11;0.00167;0.77
2016-17;16;11;0.00142;0.83
2016-17;18;11;0.00068;0.96
2016-17;20;11;0.00037;0.61
2016-17;22;11;0.00068;1.18
2016-17;24;11;0.00188;1.16
2016-17;-24;13;0.00102;1.04
2016-17;-22;13;0.00078;1.05
2016-17;-20;13;0.00035;0.97
2016-17;-18;13;0.0007;0.82
2016-17;-16;13;0.00146;0.75
2016-17;-14;13;0.00144;0.71
2016-17;-12;13;0.00109;0.69
2016-17;-10;13;0.00119;0.84
2016-17;-8;13;0.00101;0.86
2016-17;-6;13;0.00169;0.83
2016-17;-4;13;0.00172;0.83
2016-17;-2;13;0.00241;0.83
2016-17;0;13;0.00591;0.82
2016-17;2;13;0.00242;0.9
2016-17;4;13;0.00182;0.82
2016-17;6;13;0.00152;0.77
2016-17;8;13;0.00124;0.76
2016-17;10;13;0.00108;0.83
2016-17;12;13;0.00107;0.84
2016-17;14;13;0.00146;0.83
2016-17;16;13;0.00134;0.87
2016-17;18;13;0.00071;0.65
2016-17;20;13;0.00044;0.93
2016-17;22;13;0.00051;1.06
2016-17;24;13;0.00102;1.16
2016-17;-24;15;0.00068;1.11
2016-17;-22;15;0.00137;1.1
2016-17;-20;15;0.00024;0.96
2016-17;-18;15;0.00057;0.71
2016-17;-16;15;0.00123;0.75
2016-17;-14;15;0.00161;0.66
2016-17;-12;15;0.0012;0.87
2016-17;-10;15;0.00122;0.79
2016-17;-8;15;0.00086;0.79
2016-17;-6;15;0.00148;0.78
2016-17;-4;15;0.00148;0.78
2016-17;-2;15;0.00189;0.89
2016-17;0;15;0.00346;0.82
2016-17;2;15;0.00166;0.86
2016-17;4;15;0.00134;0.88
2016-17;6;15;0.00131;0.82
2016-17;8;15;0.00105;0.87
2016-17;10;15;0.00117;0.81
2016-17;12;15;0.00129;0.71
2016-17;14;15;0.00165;0.81
2016-17;16;15;0.00132;0.8
2016-17;18;15;0.0006;0.68
2016-17;20;15;0.00032;0.7
2016-17;22;15;0.00119;1.08
2016-17;24;15;0.00085;1.24
2016-17;-24;17;0.00042;1.21
2016-17;-22;17;0.00299;1.13
2016-17;-20;17;0.00052;0.97
2016-17;-18;17;0.00057;0.86
2016-17;-16;17;0.00141;0.78
2016-17;-14;17;0.00204;0.81
2016-17;-12;17;0.00173;0.86
2016-17;-10;17;0.00141;0.87
2016-17;-8;17;0.00122;0.81
2016-17;-6;17;0.00182;0.86
2016-17;-4;17;0.00123;0.87
2016-17;-2;17;0.00139;0.9
2016-17;0;17;0.00301;0.92
2016-17;2;17;0.00109;0.97
2016-17;4;17;0.00101;0.87
2016-17;6;17;0.00179;0.8
2016-17;8;17;0.00113;0.91
2016-17;10;17;0.00137;0.82
2016-17;12;17;0.00176;0.84
2016-17;14;17;0.00194;0.83
2016-17;16;17;0.00123;0.73
2016-17;18;17;0.00051;0.93
2016-17;20;17;0.00037;0.92
2016-17;22;17;0.00298;1.13
2016-17;24;17;0.00076;1.03
2016-17;-22;19;0.00217;1.15
2016-17;-20;19;0.00295;1.17
2016-17;-18;19;0.00035;0.74
2016-17;-16;19;0.00095;0.89
2016-17;-14;19;0.00236;0.78
2016-17;-12;19;0.00263;0.78
2016-17;-10;19;0.00273;0.87
2016-17;-8;19;0.00224;0.74
2016-17;-6;19;0.00121;0.8
2016-17;-4;19;0.00093;0.81
2016-17;-2;19;0.00123;0.82
2016-17;0;19;0.00269;0.93
2016-17;2;19;0.00105;0.92
2016-17;4;19;0.00092;0.85
2016-17;6;19;0.00125;0.93
2016-17;8;19;0.00198;0.88
2016-17;10;19;0.00206;0.83
2016-17;12;19;0.00239;0.88
2016-17;14;19;0.00195;0.79
2016-17;16;19;0.00101;0.68
2016-17;18;19;0.00033;0.86
2016-17;20;19;0.00281;1.19
2016-17;22;19;0.00285;1.07
2016-17;24;19;0.00021;1.05
2016-17;-22;21;0.00068;1.26
2016-17;-20;21;0.00495;1.09
2016-17;-18;21;0.00169;1.2
2016-17;-16;21;0.0005;0.77
2016-17;-14;21;0.00131;0.78
2016-17;-12;21;0.00213;0.77
2016-17;-10;21;0.00305;0.78
2016-17;-8;21;0.00225;0.86
2016-17;-6;21;0.00164;0.86
2016-17;-4;21;0.00155;0.84
2016-17;-2;21;0.00173;0.85
2016-17;0;21;0.00325;0.9
2016-17;2;21;0.00153;0.91
2016-17;4;21;0.00124;0.84
2016-17;6;21;0.00151;0.82
2016-17;8;21;0.00223;0.87
2016-17;10;21;0.00259;0.87
2016-17;12;21;0.00203;0.74
2016-17;14;21;0.00112;0.84
2016-17;16;21;0.00057;0.84
2016-17;18;21;0.00183;1.01
2016-17;20;21;0.00508;1.1
2016-17;22;21;0.00135;1.01
2016-17;-22;23;0.00015;0.47
2016-17;-20;23;0.00241;1.01
2016-17;-18;23;0.00633;1.06
2016-17;-16;23;0.00213;1.13
2016-17;-14;23;0.00051;0.79
2016-17;-12;23;0.0013;0.66
2016-17;-10;23;0.00184;0.78
2016-17;-8;23;0.002;0.83
2016-17;-6;23;0.00193;0.82
2016-17;-4;23;0.00168;0.79
2016-17;-2;23;0.00183;0.87
2016-17;0;23;0.00314;0.73
2016-17;2;23;0.00162;0.82
2016-17;4;23;0.00159;0.85
2016-17;6;23;0.00185;0.9
2016-17;8;23;0.00203;0.88
2016-17;10;23;0.00157;0.8
2016-17;12;23;0.00114;0.69
2016-17;14;23;0.00059;0.85
2016-17;16;23;0.0022;1.04
2016-17;18;23;0.00622;1.08
2016-17;20;23;0.00297;1.09
2016-17;22;23;0.00051;0.89
2016-17;-20;25;0.00048;1.0
2016-17;-18;25;0.00323;1.03
2016-17;-16;25;0.0078;1.02
2016-17;-14;25;0.00415;1.15
2016-17;-12;25;0.00069;0.88
2016-17;-10;25;0.00088;0.66
2016-17;-8;25;0.00086;0.8
2016-17;-6;25;0.00125;0.83
2016-17;-4;25;0.00139;0.71
2016-17;-2;25;0.00169;0.93
2016-17;0;25;0.00331;0.86
2016-17;2;25;0.00171;0.72
2016-17;4;25;0.00139;0.74
2016-17;6;25;0.00109;0.79
2016-17;8;25;0.00097;0.77
2016-17;10;25;0.0006;0.85
2016-17;12;25;0.00043;0.89
2016-17;14;25;0.00323;1.13
2016-17;16;25;0.00778;0.99
2016-17;18;25;0.00363;1.05
2016-17;20;25;0.00088;0.94
2016-17;-20;27;0.00016;0.79
2016-17;-18;27;0.0008;1.08
2016-17;-16;27;0.003;0.97
2016-17;-14;27;0.00676;1.01
2016-17;-12;27;0.00758;1.06
2016-17;-10;27;0.00297;1.13
2016-17;-8;27;0.00044;0.68
2016-17;-6;27;0.00038;0.75
2016-17;-4;27;0.00049;0.78
2016-17;-2;27;0.00067;0.79
2016-17;0;27;0.0012;0.8
2016-17;2;27;0.0005;0.69
2016-17;4;27;0.00038;0.62
2016-17;6;27;0.0003;0.89
2016-17;8;27;0.00038;0.85
2016-17;10;27;0.00209;1.09
2016-17;12;27;0.00635;1.12
2016-17;14;27;0.00686;1.07
2016-17;16;27;0.00398;1.03
2016-17;18;27;0.00102;0.92
2016-17;20;27;0.00027;0.89
2016-17;-18;29;0.00022;1.17
2016-17;-16;29;0.00066;0.88
2016-17;-14;29;0.00164;1.0
2016-17;-12;29;0.00385;1.02
2016-17;-10;29;0.00708;1.05
2016-17;-8;29;0.00686;1.12
2016-17;-6;29;0.00536;1.07
2016-17;-4;29;0.00354;1.06
2016-17;-2;29;0.00328;1.03
2016-17;0;29;0.00444;1.06
2016-17;2;29;0.00289;1.15
2016-17;4;29;0.00289;1.07
2016-17;6;29;0.00441;1.08
2016-17;8;29;0.00639;1.05
2016-17;10;29;0.00599;1.05
2016-17;12;29;0.00418;1.01
2016-17;14;29;0.0023;0.97
2016-17;16;29;0.00087;0.86
2016-17;18;29;0.00033;0.7
2016-17;-14;31;0.00022;1.0
2016-17;-12;31;0.00046;0.73
2016-17;-10;31;0.0008;0.74
2016-17;-8;31;0.00133;0.99
2016-17;-6;31;0.00206;1.07
2016-17;-4;31;0.00278;1.09
2016-17;-2;31;0.00429;1.04
2016-17;0;31;0.00731;1.08
2016-17;2;31;0.00406;1.03
2016-17;4;31;0.00288;1.06
2016-17;6;31;0.00203;1.07
2016-17;8;31;0.00154;1.0
2016-17;10;31;0.00093;1.05
2016-17;12;31;0.00046;0.84
2016-17;14;31;0.00032;1.18
2017-18;-24;3;0.00058;1.3
2017-18;-22;3;0.0008;1.16
2017-18;-18;3;0.00016;0.94
2017-18;-16;3;0.00015;0.65
2017-18;-14;3;0.00019;1.18
2017-18;-12;3;0.00021;1.02
2017-18;-10;3;0.00016;0.65
2017-18;10;3;0.0002;0.59
2017-18;12;3;0.00024;0.86
2017-18;14;3;0.00023;0.77
2017-18;16;3;0.00021;0.79
2017-18;20;3;0.00015;0.94
2017-18;22;3;0.00176;1.23
2017-18;24;3;0.00151;1.34
2017-18;-24;5;0.00267;1.22
2017-18;-22;5;0.00469;1.17
2017-18;-20;5;0.00042;0.86
2017-18;-18;5;0.00058;0.75
2017-18;-16;5;0.00088;0.91
2017-18;-14;5;0.00103;0.91
2017-18;-12;5;0.00112;0.85
2017-18;-10;5;0.0011;0.74
2017-18;-8;5;0.00081;0.68
2017-18;-6;5;0.00102;0.74
2017-18;-4;5;0.0013;0.67
2017-18;-2;5;0.01594;1.21
2017-18;0;5;0.08321;1.47
2017-18;2;5;0.01727;1.24
2017-18;4;5;0.00174;0.79
2017-18;6;5;0.0009;0.78
2017-18;8;5;0.00089;0.7
2017-18;10;5;0.00111;0.63
2017-18;12;5;0.0012;0.85
2017-18;14;5;0.00114;0.82
2017-18;16;5;0.00089;0.81
2017-18;18;5;0.00067;0.74
2017-18;20;5;0.00057;0.92
2017-18;22;5;0.00697;1.15
2017-18;24;5;0.00546;1.07
2017-18;-24;7;0.00443;1.26
2017-18;-22;7;0.00646;1.24
2017-18;-20;7;0.00054;0.73
2017-18;-18;7;0.00071;0.69
2017-18;-16;7;0.00103;0.81
2017-18;-14;7;0.0015;0.72
2017-18;-12;7;0.00163;0.82
2017-18;-10;7;0.0017;0.78
2017-18;-8;7;0.0022;0.77
2017-18;-6;7;0.00323;0.74
2017-18;-4;7;0.00662;0.77
2017-18;-2;7;0.03859;1.06
2017-18;0;7;0.10525;1.37
2017-18;2;7;0.03396;1.0
2017-18;4;7;0.00602;0.74
2017-18;6;7;0.00263;0.8
2017-18;8;7;0.00186;0.89
2017-18;10;7;0.00205;0.84
2017-18;12;7;0.00179;0.79
2017-18;14;7;0.00158;0.86
2017-18;16;7;0.00117;0.88
2017-18;18;7;0.00078;0.85
2017-18;20;7;0.00065;0.69
2017-18;22;7;0.00593;1.13
2017-18;24;7;0.00572;1.21
2017-18;-24;9;0.00311;1.22
2017-18;-22;9;0.00413;1.22
2017-18;-20;9;0.00028;0.79
2017-18;-18;9;0.00041;0.82
2017-18;-16;9;0.00086;0.8
2017-18;-14;9;0.00121;0.79
2017-18;-12;9;0.00119;0.77
2017-18;-10;9;0.00159;0.89
2017-18;-8;9;0.00158;0.77
2017-18;-6;9;0.00288;0.79
2017-18;-4;9;0.00406;0.75
2017-18;-2;9;0.00883;0.72
2017-18;0;9;0.01768;0.87
2017-18;2;9;0.00777;0.79
2017-18;4;9;0.00415;0.65
2017-18;6;9;0.00277;0.69
2017-18;8;9;0.0016;0.8
2017-18;10;9;0.00162;0.81
2017-18;12;9;0.0013;0.85
2017-18;14;9;0.0013;0.84
2017-18;16;9;0.00086;0.7
2017-18;18;9;0.00049;0.81
2017-18;20;9;0.00036;0.79
2017-18;22;9;0.00303;1.03
2017-18;24;9;0.00314;1.22
2017-18;-24;11;0.00225;1.13
2017-18;-22;11;0.00315;1.17
2017-18;-20;11;0.00026;0.84
2017-18;-18;11;0.00037;0.68
2017-18;-16;11;0.00061;0.78
2017-18;-14;11;0.00101;0.85
2017-18;-12;11;0.00117;0.83
2017-18;-10;11;0.00136;0.77
2017-18;-8;11;0.00147;0.8
2017-18;-6;11;0.0023;0.81
2017-18;-4;11;0.00323;0.72
2017-18;-2;11;0.00521;0.72
2017-18;0;11;0.01023;0.84
2017-18;2;11;0.00501;0.81
2017-18;4;11;0.00316;0.76
2017-18;6;11;0.00222;0.8
2017-18;8;11;0.00142;0.72
2017-18;10;11;0.00158;0.77
2017-18;12;11;0.00131;0.79
2017-18;14;11;0.00112;0.82
2017-18;16;11;0.00075;0.96
2017-18;18;11;0.00033;0.75
2017-18;20;11;0.0003;0.89
2017-18;22;11;0.00169;1.07
2017-18;24;11;0.00198;1.23
2017-18;-24;13;0.00141;1.29
2017-18;-22;13;0.00226;1.13
2017-18;-20;13;0.00026;0.93
2017-18;-18;13;0.00045;0.56
2017-18;-16;13;0.00067;0.75
2017-18;-14;13;0.00097;0.9
2017-18;-12;13;0.00121;0.8
2017-18;-10;13;0.00122;0.81
2017-18;-8;13;0.00113;0.84
2017-18;-6;13;0.00196;0.83
2017-18;-4;13;0.00265;0.75
2017-18;-2;13;0.00405;0.83
2017-18;0;13;0.00842;0.86
2017-18;2;13;0.00378;0.78
2017-18;4;13;0.00278;0.83
2017-18;6;13;0.00192;0.81
2017-18;8;13;0.00123;0.92
2017-18;10;13;0.00142;0.86
2017-18;12;13;0.00126;0.81
2017-18;14;13;0.00113;0.83
2017-18;16;13;0.00068;0.85
2017-18;18;13;0.00046;0.69
2017-18;20;13;0.00026;0.73
2017-18;22;13;0.00142;1.06
2017-18;24;13;0.0011;1.03
2017-18;-24;15;0.00073;1.17
2017-18;-22;15;0.00193;1.07
2017-18;-20;15;0.00017;1.06
2017-18;-18;15;0.00042;0.82
2017-18;-16;15;0.00057;0.76
2017-18;-14;15;0.00116;0.7
2017-18;-12;15;0.00133;0.86
2017-18;-10;15;0.00135;0.84
2017-18;-8;15;0.00097;0.78
2017-18;-6;15;0.00182;0.81
2017-18;-4;15;0.00231;0.87
2017-18;-2;15;0.00292;0.81
2017-18;0;15;0.00579;0.83
2017-18;2;15;0.00298;0.79
2017-18;4;15;0.00255;0.78
2017-18;6;15;0.00168;0.84
2017-18;8;15;0.00117;0.77
2017-18;10;15;0.00141;0.81
2017-18;12;15;0.00126;0.75
2017-18;14;15;0.00096;0.89
2017-18;16;15;0.00062;0.72
2017-18;18;15;0.00041;0.91
2017-18;20;15;0.00031;0.75
2017-18;22;15;0.00149;1.12
2017-18;24;15;0.00071;1.26
2017-18;-24;17;0.00025;0.63
2017-18;-22;17;0.00304;1.09
2017-18;-20;17;0.00036;0.92
2017-18;-18;17;0.00041;0.92
2017-18;-16;17;0.00076;0.81
2017-18;-14;17;0.00137;0.75
2017-18;-12;17;0.00158;0.84
2017-18;-10;17;0.00158;0.78
2017-18;-8;17;0.00123;0.77
2017-18;-6;17;0.0024;0.91
2017-18;-4;17;0.00257;0.87
2017-18;-2;17;0.0023;0.82
2017-18;0;17;0.00462;0.87
2017-18;2;17;0.00211;0.86
2017-18;4;17;0.00207;0.8
2017-18;6;17;0.00224;0.88
2017-18;8;17;0.00134;0.81
2017-18;10;17;0.00133;0.71
2017-18;12;17;0.00157;0.73
2017-18;14;17;0.00115;0.85
2017-18;16;17;0.00076;0.68
2017-18;18;17;0.00044;0.65
2017-18;20;17;0.00034;1.07
2017-18;22;17;0.00293;1.11
2017-18;24;17;0.00033;0.79
2017-18;-22;19;0.00232;1.16
2017-18;-20;19;0.00242;0.97
2017-18;-18;19;0.0002;0.83
2017-18;-16;19;0.0005;0.67
2017-18;-14;19;0.0013;0.77
2017-18;-12;19;0.00201;0.83
2017-18;-10;19;0.0022;0.83
2017-18;-8;19;0.00191;0.87
2017-18;-6;19;0.00198;0.82
2017-18;-4;19;0.00147;0.81
2017-18;-2;19;0.00165;0.7
2017-18;0;19;0.00333;0.85
2017-18;2;19;0.00155;0.93
2017-18;4;19;0.00115;0.85
2017-18;6;19;0.00184;0.79
2017-18;8;19;0.00192;0.83
2017-18;10;19;0.0021;0.81
2017-18;12;19;0.00188;0.83
2017-18;14;19;0.00134;0.83
2017-18;16;19;0.00074;0.81
2017-18;18;19;0.00023;0.79
2017-18;20;19;0.00231;1.12
2017-18;22;19;0.00252;1.03
2017-18;-22;21;0.0006;1.01
2017-18;-20;21;0.00367;1.07
2017-18;-18;21;0.0014;1.05
2017-18;-16;21;0.00034;0.79
2017-18;-14;21;0.0009;0.75
2017-18;-12;21;0.00187;0.84
2017-18;-10;21;0.0028;0.79
2017-18;-8;21;0.00295;0.73
2017-18;-6;21;0.00189;0.74
2017-18;-4;21;0.00168;0.82
2017-18;-2;21;0.00215;0.95
2017-18;0;21;0.00388;0.91
2017-18;2;21;0.00209;0.84
2017-18;4;21;0.00164;0.79
2017-18;6;21;0.00179;0.81
2017-18;8;21;0.00259;0.84
2017-18;10;21;0.00261;0.77
2017-18;12;21;0.00173;0.88
2017-18;14;21;0.00113;0.78
2017-18;16;21;0.00045;0.76
2017-18;18;21;0.00164;1.18
2017-18;20;21;0.00438;1.09
2017-18;22;21;0.001;1.13
2017-18;-22;23;0.00016;1.06
2017-18;-20;23;0.00181;1.05
2017-18;-18;23;0.00535;1.06
2017-18;-16;23;0.00146;1.01
2017-18;-14;23;0.00042;0.64
2017-18;-12;23;0.00118;0.74
2017-18;-10;23;0.00207;0.72
2017-18;-8;23;0.00215;0.78
2017-18;-6;23;0.00205;0.79
2017-18;-4;23;0.00172;0.86
2017-18;-2;23;0.00167;0.84
2017-18;0;23;0.00274;0.86
2017-18;2;23;0.00167;0.91
2017-18;4;23;0.00173;0.86
2017-18;6;23;0.00155;0.81
2017-18;8;23;0.00193;0.81
2017-18;10;23;0.00186;0.79
2017-18;12;23;0.00136;0.87
2017-18;14;23;0.00052;0.6
2017-18;16;23;0.00188;0.99
2017-18;18;23;0.00593;1.06
2017-18;20;23;0.00229;1.02
2017-18;22;23;0.00024;1.18
2017-18;-20;25;0.00048;1.09
2017-18;-18;25;0.00316;1.17
2017-18;-16;25;0.0075;1.09
2017-18;-14;25;0.00334;1.18
2017-18;-12;25;0.00052;0.69
2017-18;-10;25;0.00088;0.84
2017-18;-8;25;0.00122;0.8
2017-18;-6;25;0.00146;0.84
2017-18;-4;25;0.00171;0.87
2017-18;-2;25;0.00175;0.81
2017-18;0;25;0.00291;0.8
2017-18;2;25;0.00171;0.81
2017-18;4;25;0.00193;0.83
2017-18;6;25;0.00144;0.85
2017-18;8;25;0.00139;0.69
2017-18;10;25;0.0011;0.76
2017-18;12;25;0.00052;0.74
2017-18;14;25;0.0033;1.07
2017-18;16;25;0.00838;1.14
2017-18;18;25;0.00361;1.07
2017-18;20;25;0.00076;0.98
2017-18;-18;27;0.00088;0.95
2017-18;-16;27;0.0033;1.04
2017-18;-14;27;0.00894;1.07
2017-18;-12;27;0.00752;1.09
2017-18;-10;27;0.00207;1.06
2017-18;-8;27;0.00043;0.83
2017-18;-6;27;0.00051;0.79
2017-18;-4;27;0.00069;0.71
2017-18;-2;27;0.0008;0.78
2017-18;0;27;0.00146;0.76
2017-18;2;27;0.00096;0.84
2017-18;4;27;0.0008;0.67
2017-18;6;27;0.00052;0.8
2017-18;8;27;0.00052;0.65
2017-18;10;27;0.00217;1.05
2017-18;12;27;0.0071;1.05
2017-18;14;27;0.00962;1.14
2017-18;16;27;0.00422;1.09
2017-18;18;27;0.00109;0.89
2017-18;20;27;0.00019;1.08
2017-18;-18;29;0.00017;0.86
2017-18;-16;29;0.00077;0.96
2017-18;-14;29;0.00298;1.01
2017-18;-12;29;0.00603;1.06
2017-18;-10;29;0.00866;1.09
2017-18;-8;29;0.00652;1.09
2017-18;-6;29;0.0036;1.06
2017-18;-4;29;0.00148;1.12
2017-18;-2;29;0.00106;1.03
2017-18;0;29;0.00126;1.03
2017-18;2;29;0.00115;1.04
2017-18;4;29;0.00171;1.25
2017-18;6;29;0.0031;1.17
2017-18;8;29;0.00628;1.12
2017-18;10;29;0.00831;1.07
2017-18;12;29;0.00603;1.08
2017-18;14;29;0.00284;1.01
2017-18;16;29;0.001;1.11
2017-18;18;29;0.00027;1.16
2017-18;-16;31;0.00024;0.55
2017-18;-14;31;0.00046;0.91
2017-18;-12;31;0.00122;1.02
2017-18;-10;31;0.0022;0.93
2017-18;-8;31;0.00347;1.05
2017-18;-6;31;0.00443;1.04
2017-18;-4;31;0.00416;1.05
2017-18;-2;31;0.00618;1.12
2017-18;0;31;0.00957;1.11
2017-18;2;31;0.00691;1.15
2017-18;4;31;0.0049;1.16
2017-18;6;31;0.00436;1.03
2017-18;8;31;0.00339;1.09
2017-18;10;31;0.00239;0.94
2017-18;12;31;0.00134;0.93
2017-18;14;31;0.00071;0.77
2017-18;16;31;0.0003;0.82
2018-19;-24;3;0.00049;1.22
2018-19;-22;3;0.00088;1.17
2018-19;-14;3;0.00018;0.97
2018-19;-10;3;0.00019;0.75
2018-19;0;3;0.00028;1.15
2018-19;10;3;0.00016;0.86
2018-19;12;3;0.00019;0.85
2018-19;14;3;0.00021;0.67
2018-19;22;3;0.00161;1.22
2018-19;24;3;0.00219;1.27
2018-19;-24;5;0.00313;1.12
2018-19;-22;5;0.00483;1.13
2018-19;-20;5;0.00038;0.85
2018-19;-18;5;0.00046;0.69
2018-19;-16;5;0.00066;0.69
2018-19;-14;5;0.00088;0.87
2018-19;-12;5;0.00101;0.83
2018-19;-10;5;0.00101;0.82
2018-19;-8;5;0.00088;0.79
2018-19;-6;5;0.00101;0.79
2018-19;-4;5;0.002;0.7
2018-19;-2;5;0.01917;1.21
2018-19;0;5;0.08799;1.46
2018-19;2;5;0.02088;1.24
2018-19;4;5;0.00207;0.72
2018-19;6;5;0.001;0.74
2018-19;8;5;0.00085;0.64
2018-19;10;5;0.00102;0.88
2018-19;12;5;0.00083;0.78
2018-19;14;5;0.00082;0.8
2018-19;16;5;0.00066;0.74
2018-19;18;5;0.00047;0.86
2018-19;20;5;0.00054;0.8
2018-19;22;5;0.00612;1.16
2018-19;24;5;0.00665;1.23
2018-19;-24;7;0.00558;1.27
2018-19;-22;7;0.00703;1.12
2018-19;-20;7;0.00041;0.9
2018-19;-18;7;0.00056;0.77
2018-19;-16;7;0.0008;0.81
2018-19;-14;7;0.00134;0.85
2018-19;-12;7;0.00146;0.85
2018-19;-10;7;0.00152;0.93
2018-19;-8;7;0.00187;0.78
2018-19;-6;7;0.00322;0.81
2018-19;-4;7;0.00742;0.77
2018-19;-2;7;0.04246;1.07
2018-19;0;7;0.10101;1.37
2018-19;2;7;0.03537;1.04
2018-19;4;7;0.00672;0.76
2018-19;6;7;0.00274;0.78
2018-19;8;7;0.00165;0.79
2018-19;10;7;0.00165;0.79
2018-19;12;7;0.00149;0.78
2018-19;14;7;0.00127;0.89
2018-19;16;7;0.00089;0.83
2018-19;18;7;0.00054;0.68
2018-19;20;7;0.00057;0.73
2018-19;22;7;0.0062;1.1
2018-19;24;7;0.00668;1.13
2018-19;-24;9;0.00412;1.02
2018-19;-22;9;0.00476;1.15
2018-19;-20;9;0.00033;0.73
2018-19;-18;9;0.00038;0.77
2018-19;-16;9;0.00057;0.74
2018-19;-14;9;0.00084;0.94
2018-19;-12;9;0.00115;0.68
2018-19;-10;9;0.00122;0.9
2018-19;-8;9;0.00162;0.79
2018-19;-6;9;0.00299;0.8
2018-19;-4;9;0.00493;0.76
2018-19;-2;9;0.00948;0.75
2018-19;0;9;0.01777;0.89
2018-19;2;9;0.00811;0.79
2018-19;4;9;0.00432;0.71
2018-19;6;9;0.00252;0.77
2018-19;8;9;0.00153;0.69
2018-19;10;9;0.00137;0.88
2018-19;12;9;0.00113;0.72
2018-19;14;9;0.00102;0.79
2018-19;16;9;0.00057;0.84
2018-19;18;9;0.00039;0.57
2018-19;20;9;0.00035;0.61
2018-19;22;9;0.00317;1.12
2018-19;24;9;0.00331;1.12
2018-19;-24;11;0.00286;1.07
2018-19;-22;11;0.00322;1.1
2018-19;-20;11;0.00021;0.98
2018-19;-18;11;0.00029;0.81
2018-19;-16;11;0.00051;0.79
2018-19;-14;11;0.00075;0.81
2018-19;-12;11;0.00097;0.67
2018-19;-10;11;0.00124;0.78
2018-19;-8;11;0.00143;0.75
2018-19;-6;11;0.0022;0.83
2018-19;-4;11;0.00337;0.86
2018-19;-2;11;0.00574;0.77
2018-19;0;11;0.01079;0.87
2018-19;2;11;0.00506;0.79
2018-19;4;11;0.00334;0.74
2018-19;6;11;0.00229;0.72
2018-19;8;11;0.00138;0.87
2018-19;10;11;0.00115;0.83
2018-19;12;11;0.00102;0.75
2018-19;14;11;0.00086;0.74
2018-19;16;11;0.00062;0.95
2018-19;18;11;0.00031;0.99
2018-19;20;11;0.00025;0.69
2018-19;22;11;0.00188;1.15
2018-19;24;11;0.00218;1.21
2018-19;-24;13;0.00175;1.08
2018-19;-22;13;0.00223;1.11
2018-19;-20;13;0.00019;0.6
2018-19;-18;13;0.00034;0.68
2018-19;-16;13;0.00048;0.83
2018-19;-14;13;0.00077;0.84
2018-19;-12;13;0.0008;0.93
2018-19;-10;13;0.00115;0.82
2018-19;-8;13;0.00113;0.84
2018-19;-6;13;0.00208;0.8
2018-19;-4;13;0.00274;0.84
2018-19;-2;13;0.00413;0.84
2018-19;0;13;0.00796;0.81
2018-19;2;13;0.00386;0.83
2018-19;4;13;0.00261;0.82
2018-19;6;13;0.00194;0.8
2018-19;8;13;0.00123;0.74
2018-19;10;13;0.00103;0.86
2018-19;12;13;0.00108;0.71
2018-19;14;13;0.00086;0.7
2018-19;16;13;0.00056;0.77
2018-19;18;13;0.00031;0.64
2018-19;20;13;0.00023;1.1
2018-19;22;13;0.00146;1.02
2018-19;24;13;0.00129;1.19
2018-19;-24;15;0.00083;1.03
2018-19;-22;15;0.00212;1.02
2018-19;-20;15;0.00015;0.85
2018-19;-18;15;0.00029;0.76
2018-19;-16;15;0.00059;0.95
2018-19;-14;15;0.0008;0.87
2018-19;-12;15;0.00114;0.79
2018-19;-10;15;0.00117;0.82
2018-19;-8;15;0.00104;0.85
2018-19;-6;15;0.002;0.81
2018-19;-4;15;0.00258;0.88
2018-19;-2;15;0.00298;0.77
2018-19;0;15;0.00536;0.82
2018-19;2;15;0.00271;0.83
2018-19;4;15;0.00259;0.94
2018-19;6;15;0.00206;0.87
2018-19;8;15;0.00108;0.74
2018-19;10;15;0.00121;0.85
2018-19;12;15;0.00089;0.77
2018-19;14;15;0.00093;0.85
2018-19;16;15;0.00052;0.87
2018-19;18;15;0.00036;0.78
2018-19;20;15;0.00025;0.65
2018-19;22;15;0.00164;1.25
2018-19;24;15;0.00074;0.98
2018-19;-24;17;0.00041;1.31
2018-19;-22;17;0.00357;1.13
2018-19;-20;17;0.00031;0.72
2018-19;-18;17;0.00025;0.57
2018-19;-16;17;0.00058;0.87
2018-19;-14;17;0.00114;0.82
2018-19;-12;17;0.00134;0.8
2018-19;-10;17;0.00123;0.94
2018-19;-8;17;0.00114;0.79
2018-19;-6;17;0.00262;0.79
2018-19;-4;17;0.00216;0.86
2018-19;-2;17;0.00242;0.87
2018-19;0;17;0.00437;0.88
2018-19;2;17;0.00221;0.79
2018-19;4;17;0.00241;0.81
2018-19;6;17;0.00217;0.92
2018-19;8;17;0.00128;0.83
2018-19;10;17;0.00129;0.83
2018-19;12;17;0.00128;0.77
2018-19;14;17;0.00091;0.83
2018-19;16;17;0.00046;0.95
2018-19;18;17;0.00029;0.84
2018-19;20;17;0.00036;1.14
2018-19;22;17;0.00316;1.16
2018-19;24;17;0.00047;0.82
2018-19;-22;19;0.00243;1.01
2018-19;-20;19;0.00256;1.05
2018-19;-18;19;0.00016;1.06
2018-19;-16;19;0.00039;0.73
2018-19;-14;19;0.00095;0.94
2018-19;-12;19;0.00171;0.86
2018-19;-10;19;0.00152;0.8
2018-19;-8;19;0.00191;0.92
2018-19;-6;19;0.00171;0.87
2018-19;-4;19;0.00128;0.86
2018-19;-2;19;0.00165;0.84
2018-19;0;19;0.0029;0.82
2018-19;2;19;0.00158;0.78
2018-19;4;19;0.00129;0.87
2018-19;6;19;0.00151;0.82
2018-19;8;19;0.00182;0.83
2018-19;10;19;0.00168;0.83
2018-19;12;19;0.00151;0.81
2018-19;14;19;0.00099;0.84
2018-19;16;19;0.0005;0.8
2018-19;18;19;0.00019;0.57
2018-19;20;19;0.00263;1.07
2018-19;22;19;0.00287;1.06
2018-19;-22;21;0.00085;1.11
2018-19;-20;21;0.00417;1.08
2018-19;-18;21;0.0016;1.13
2018-19;-16;21;0.00019;0.66
2018-19;-14;21;0.00064;0.84
2018-19;-12;21;0.00171;0.8
2018-19;-10;21;0.00217;0.8
2018-19;-8;21;0.00209;0.85
2018-19;-6;21;0.00168;0.8
2018-19;-4;21;0.0015;0.86
2018-19;-2;21;0.00202;0.8
2018-19;0;21;0.0032;0.86
2018-19;2;21;0.00184;0.8
2018-19;4;21;0.00143;0.78
2018-19;6;21;0.0014;0.72
2018-19;8;21;0.0019;0.81
2018-19;10;21;0.00175;0.8
2018-19;12;21;0.00148;0.8
2018-19;14;21;0.00095;0.73
2018-19;16;21;0.00031;0.76
2018-19;18;21;0.00174;1.06
2018-19;20;21;0.00531;1.13
2018-19;22;21;0.00105;1.03
2018-19;-22;23;0.00022;1.12
2018-19;-20;23;0.00218;1.05
2018-19;-18;23;0.00525;1.07
2018-19;-16;23;0.00146;1.16
2018-19;-14;23;0.00039;0.75
2018-19;-12;23;0.00084;0.82
2018-19;-10;23;0.00143;0.7
2018-19;-8;23;0.00167;0.81
2018-19;-6;23;0.00153;0.75
2018-19;-4;23;0.0014;1.0
2018-19;-2;23;0.0013;0.94
2018-19;0;23;0.00215;0.86
2018-19;2;23;0.00146;0.92
2018-19;4;23;0.00129;0.84
2018-19;6;23;0.00127;0.89
2018-19;8;23;0.00132;0.78
2018-19;10;23;0.00143;0.91
2018-19;12;23;0.00086;0.9
2018-19;14;23;0.00038;0.5
2018-19;16;23;0.00172;1.07
2018-19;18;23;0.00672;1.01
2018-19;20;23;0.00275;1.12
2018-19;22;23;0.00033;1.17
2018-19;-20;25;0.00074;0.92
2018-19;-18;25;0.00428;1.07
2018-19;-16;25;0.00853;1.07
2018-19;-14;25;0.0032;1.08
2018-19;-12;25;0.00035;0.8
2018-19;-10;25;0.00055;0.67
2018-19;-8;25;0.00089;0.8
2018-19;-6;25;0.00102;0.8
2018-19;-4;25;0.00117;0.82
2018-19;-2;25;0.00131;0.75
2018-19;0;25;0.00208;0.83
2018-19;2;25;0.00144;0.79
2018-19;4;25;0.00108;0.72
2018-19;6;25;0.00097;0.86
2018-19;8;25;0.00086;0.72
2018-19;10;25;0.00067;0.64
2018-19;12;25;0.00039;0.85
2018-19;14;25;0.00289;1.11
2018-19;16;25;0.0093;1.1
2018-19;18;25;0.00499;1.0
2018-19;20;25;0.00124;1.16
2018-19;-20;27;0.00025;0.89
2018-19;-18;27;0.00114;1.16
2018-19;-16;27;0.00412;1.04
2018-19;-14;27;0.00994;1.08
2018-19;-12;27;0.00719;0.99
2018-19;-10;27;0.00181;1.0
2018-19;-8;27;0.00028;0.67
2018-19;-6;27;0.00034;0.78
2018-19;-4;27;0.00039;0.76
2018-19;-2;27;0.00066;0.66
2018-19;0;27;0.0009;0.7
2018-19;2;27;0.00052;0.55
2018-19;4;27;0.00046;0.69
2018-19;6;27;0.00038;0.69
2018-19;8;27;0.00026;0.72
2018-19;10;27;0.00182;1.09
2018-19;12;27;0.00628;1.02
2018-19;14;27;0.00957;1.1
2018-19;16;27;0.00478;1.06
2018-19;18;27;0.00143;1.21
2018-19;20;27;0.00031;0.99
2018-19;-18;29;0.00026;1.05
2018-19;-16;29;0.00112;1.05
2018-19;-14;29;0.0029;1.02
2018-19;-12;29;0.00637;1.1
2018-19;-10;29;0.00878;1.12
2018-19;-8;29;0.00621;1.08
2018-19;-6;29;0.00343;1.08
2018-19;-4;29;0.00151;0.86
2018-19;-2;29;0.00099;1.02
2018-19;0;29;0.00109;1.06
2018-19;2;29;0.00112;1.07
2018-19;4;29;0.00153;1.07
2018-19;6;29;0.00302;1.04
2018-19;8;29;0.00553;1.04
2018-19;10;29;0.00756;1.09
2018-19;12;29;0.00622;1.06
2018-19;14;29;0.00333;0.89
2018-19;16;29;0.00131;0.9
2018-19;18;29;0.00033;1.18
2018-19;-16;31;0.00024;1.04
2018-19;-14;31;0.00057;0.9
2018-19;-12;31;0.00132;1.13
2018-19;-10;31;0.00242;0.98
2018-19;-8;31;0.00365;0.96
2018-19;-6;31;0.00453;1.1
2018-19;-4;31;0.00493;1.0
2018-19;-2;31;0.00697;1.01
2018-19;0;31;0.00922;1.02
2018-19;2;31;0.00653;1.11
2018-19;4;31;0.00494;1.0
2018-19;6;31;0.00433;0.96
2018-19;8;31;0.00341;1.02
2018-19;10;31;0.00248;0.91
2018-19;12;31;0.00148;0.92
2018-19;14;31;0.00076;0.98
2018-19;16;31;0.00036;1.01
2019-20;-2;5;0.03693;1.12
2019-20;0;5;0.30225;1.28
2019-20;2;5;0.02867;1.06
2019-20;-2;7;0.11171;1.04
2019-20;0;7;0.24751;0.83
2019-20;2;7;0.11141;1.01
2019-20;-2;9;0.02929;1.06
2019-20;0;9;0.10284;1.04
2019-20;2;9;0.0294;1.0
2020-21;-2;5;0.03782;1.12
2020-21;0;5;0.27774;1.29
2020-21;2;5;0.02926;1.09
2020-21;-2;7;0.11457;1.06
2020-21;0;7;0.26751;0.88
2020-21;2;7;0.11323;1.05
2020-21;-2;9;0.02955;1.07
2020-21;0;9;0.09997;1.05
2020-21;2;9;0.03033;1.05
2021-22;-2;5;0.04255;1.09
2021-22;0;5;0.2684;1.31
2021-22;2;5;0.03219;1.06
2021-22;-2;7;0.11634;1.0
2021-22;0;7;0.26968;0.89
2021-22;2;7;0.11322;1.03
2021-22;-2;9;0.02997;0.97
2021-22;0;9;0.09822;1.03
2021-22;2;9;0.02942;1.0
2022-23;-24;3;0.00107;1.12
2022-23;-22;3;0.00127;1.23
2022-23;0;3;0.00018;1.42
2022-23;12;3;0.00015;0.84
2022-23;22;3;0.00207;0.94
2022-23;24;3;0.00255;1.2
2022-23;-24;5;0.00471;1.22
2022-23;-22;5;0.00545;1.15
2022-23;-20;5;0.00025;0.67
2022-23;-18;5;0.00026;0.58
2022-23;-16;5;0.00062;0.84
2022-23;-14;5;0.00084;1.05
2022-23;-12;5;0.00091;0.83
2022-23;-10;5;0.00096;0.83
2022-23;-8;5;0.00066;0.8
2022-23;-6;5;0.00086;0.84
2022-23;-4;5;0.00269;0.88
2022-23;-2;5;0.01857;1.3
2022-23;0;5;0.07412;1.51
2022-23;2;5;0.01927;1.35
2022-23;4;5;0.00253;0.88
2022-23;6;5;0.00074;0.75
2022-23;8;5;0.00069;0.8
2022-23;10;5;0.00099;0.91
2022-23;12;5;0.00091;0.91
2022-23;14;5;0.00077;0.72
2022-23;16;5;0.00047;0.83
2022-23;18;5;0.00028;0.7
2022-23;20;5;0.00034;0.86
2022-23;22;5;0.00659;1.15
2022-23;24;5;0.00946;1.15
2022-23;-24;7;0.00739;1.2
2022-23;-22;7;0.00738;1.11
2022-23;-20;7;0.00031;0.64
2022-23;-18;7;0.00041;0.91
2022-23;-16;7;0.0008;0.87
2022-23;-14;7;0.00104;0.87
2022-23;-12;7;0.00133;0.68
2022-23;-10;7;0.0017;0.89
2022-23;-8;7;0.00174;0.82
2022-23;-6;7;0.00373;0.87
2022-23;-4;7;0.01265;0.96
2022-23;-2;7;0.04335;1.19
2022-23;0;7;0.07356;1.49
2022-23;2;7;0.04017;1.16
2022-23;4;7;0.0099;0.91
2022-23;6;7;0.00297;0.79
2022-23;8;7;0.0015;0.82
2022-23;10;7;0.00148;0.89
2022-23;12;7;0.00139;0.79
2022-23;14;7;0.00116;0.8
2022-23;16;7;0.00072;0.81
2022-23;18;7;0.00028;0.88
2022-23;20;7;0.0004;0.8
2022-23;22;7;0.00645;1.14
2022-23;24;7;0.00973;1.22
2022-23;-24;9;0.00455;1.13
2022-23;-22;9;0.00452;1.21
2022-23;-20;9;0.00024;0.76
2022-23;-18;9;0.00023;0.71
2022-23;-16;9;0.00049;0.96
2022-23;-14;9;0.00081;0.82
2022-23;-12;9;0.00094;0.78
2022-23;-10;9;0.0013;0.93
2022-23;-8;9;0.00163;0.8
2022-23;-6;9;0.00388;0.81
2022-23;-4;9;0.00809;0.86
2022-23;-2;9;0.01252;0.92
2022-23;0;9;0.01941;1.05
2022-23;2;9;0.01224;0.93
2022-23;4;9;0.00687;0.77
2022-23;6;9;0.00316;0.81
2022-23;8;9;0.00158;0.81
2022-23;10;9;0.00127;0.85
2022-23;12;9;0.00093;0.87
2022-23;14;9;0.00082;0.82
2022-23;16;9;0.00046;1.02
2022-23;18;9;0.00025;0.6
2022-23;20;9;0.0002;0.79
2022-23;22;9;0.00319;1.16
2022-23;24;9;0.00458;1.2
2022-23;-24;11;0.00321;1.07
2022-23;-22;11;0.00337;1.17
2022-23;-18;11;0.0002;0.51
2022-23;-16;11;0.00048;0.84
2022-23;-14;11;0.00058;0.93
2022-23;-12;11;0.00069;0.78
2022-23;-10;11;0.00132;0.85
2022-23;-8;11;0.00157;0.92
2022-23;-6;11;0.00261;0.82
2022-23;-4;11;0.00483;0.8
2022-23;-2;11;0.00678;0.85
2022-23;0;11;0.01271;0.95
2022-23;2;11;0.00668;0.85
2022-23;4;11;0.00437;0.89
2022-23;6;11;0.00255;0.84
2022-23;8;11;0.00152;0.83
2022-23;10;11;0.00128;0.72
2022-23;12;11;0.00082;0.9
2022-23;14;11;0.00059;0.69
2022-23;16;11;0.00052;0.84
2022-23;18;11;0.00017;0.65
2022-23;20;11;0.00016;0.91
2022-23;22;11;0.00187;1.07
2022-23;24;11;0.00266;1.11
2022-23;-24;13;0.00192;1.07
2022-23;-22;13;0.00241;1.1
2022-23;-18;13;0.00017;0.61
2022-23;-16;13;0.00034;1.07
2022-23;-14;13;0.00057;0.89
2022-23;-12;13;0.00074;0.75
2022-23;-10;13;0.00115;0.81
2022-23;-8;13;0.00151;0.91
2022-23;-6;13;0.00234;0.92
2022-23;-4;13;0.00382;0.94
2022-23;-2;13;0.00505;0.91
2022-23;0;13;0.00867;0.91
2022-23;2;13;0.00493;0.89
2022-23;4;13;0.00309;0.91
2022-23;6;13;0.00216;0.86
2022-23;8;13;0.00132;0.84
2022-23;10;13;0.00104;0.82
2022-23;12;13;0.00077;0.82
2022-23;14;13;0.00068;1.01
2022-23;16;13;0.00037;0.9
2022-23;18;13;0.00017;1.0
2022-23;20;13;0.00015;0.77
2022-23;22;13;0.00144;1.1
2022-23;24;13;0.00181;1.17
2022-23;-24;15;0.00115;1.15
2022-23;-22;15;0.00207;1.19
2022-23;-18;15;0.00019;0.95
2022-23;-16;15;0.00034;0.79
2022-23;-14;15;0.00069;0.68
2022-23;-12;15;0.00084;0.93
2022-23;-10;15;0.00127;0.85
2022-23;-8;15;0.00123;0.91
2022-23;-6;15;0.00235;0.87
2022-23;-4;15;0.00358;0.96
2022-23;-2;15;0.00389;0.85
2022-23;0;15;0.00579;0.95
2022-23;2;15;0.00357;0.86
2022-23;4;15;0.00321;0.93
2022-23;6;15;0.00204;0.95
2022-23;8;15;0.00129;0.91
2022-23;10;15;0.00113;0.86
2022-23;12;15;0.00096;0.82
2022-23;14;15;0.00066;0.79
2022-23;16;15;0.00036;0.81
2022-23;18;15;0.00021;0.84
2022-23;20;15;0.00017;0.5
2022-23;22;15;0.00152;1.24
2022-23;24;15;0.00114;1.19
2022-23;-24;17;0.00052;0.87
2022-23;-22;17;0.00357;1.11
2022-23;-20;17;0.00018;0.97
2022-23;-18;17;0.00014;0.8
2022-23;-16;17;0.00039;0.92
2022-23;-14;17;0.00076;0.79
2022-23;-12;17;0.00123;0.89
2022-23;-10;17;0.00147;0.84
2022-23;-8;17;0.00136;0.94
2022-23;-6;17;0.0024;0.95
2022-23;-4;17;0.00276;0.91
2022-23;-2;17;0.00283;0.99
2022-23;0;17;0.00474;0.99
2022-23;2;17;0.00278;0.92
2022-23;4;17;0.0025;0.92
2022-23;6;17;0.00225;0.93
2022-23;8;17;0.00117;0.87
2022-23;10;17;0.00104;0.93
2022-23;12;17;0.00092;0.78
2022-23;14;17;0.00073;1.0
2022-23;16;17;0.00032;0.66
2022-23;18;17;0.00018;0.46
2022-23;20;17;0.0002;0.95
2022-23;22;17;0.00363;1.29
2022-23;24;17;0.00068;0.97
2022-23;-22;19;0.00355;1.13
2022-23;-20;19;0.0023;1.13
2022-23;-16;19;0.00027;0.66
2022-23;-14;19;0.00061;0.85
2022-23;-12;19;0.00121;0.77
2022-23;-10;19;0.00177;0.89
2022-23;-8;19;0.00168;0.87
2022-23;-6;19;0.00143;0.91
2022-23;-4;19;0.00123;0.93
2022-23;-2;19;0.00163;0.92
2022-23;0;19;0.00297;0.94
2022-23;2;19;0.00156;0.9
2022-23;4;19;0.00111;0.94
2022-23;6;19;0.00131;0.85
2022-23;8;19;0.00173;1.03
2022-23;10;19;0.00143;0.8
2022-23;12;19;0.00093;0.79
2022-23;14;19;0.00066;0.79
2022-23;16;19;0.0003;0.63
2022-23;18;19;0.00015;0.81
2022-23;20;19;0.00211;1.06
2022-23;22;19;0.00388;1.12
2022-23;24;19;0.00022;1.57
2022-23;-22;21;0.00134;1.14
2022-23;-20;21;0.00483;1.07
2022-23;-18;21;0.00116;1.08
2022-23;-14;21;0.00033;0.72
2022-23;-12;21;0.00102;0.99
2022-23;-10;21;0.00167;0.93
2022-23;-8;21;0.0015;0.84
2022-23;-6;21;0.00113;0.87
2022-23;-4;21;0.00129;0.87
2022-23;-2;21;0.00173;0.89
2022-23;0;21;0.00288;0.91
2022-23;2;21;0.00174;0.86
2022-23;4;21;0.00108;0.91
2022-23;6;21;0.00114;0.85
2022-23;8;21;0.00144;0.92
2022-23;10;21;0.00126;0.78
2022-23;12;21;0.0009;0.94
2022-23;14;21;0.00037;0.86
2022-23;16;21;0.00021;0.71
2022-23;18;21;0.00117;1.12
2022-23;20;21;0.00602;1.08
2022-23;22;21;0.00194;1.12
2022-23;-22;23;0.00036;0.9
2022-23;-20;23;0.00326;1.14
2022-23;-18;23;0.00607;1.06
2022-23;-16;23;0.00131;1.14
2022-23;-14;23;0.00026;0.75
2022-23;-12;23;0.00049;0.74
2022-23;-10;23;0.00086;0.83
2022-23;-8;23;0.00101;0.85
2022-23;-6;23;0.00096;0.86
2022-23;-4;23;0.00115;0.84
2022-23;-2;23;0.0012;0.8
2022-23;0;23;0.00174;0.88
2022-23;2;23;0.00114;0.81
2022-23;4;23;0.00094;0.88
2022-23;6;23;0.00091;0.77
2022-23;8;23;0.00098;0.84
2022-23;10;23;0.00082;0.82
2022-23;12;23;0.0005;0.74
2022-23;14;23;0.00027;0.7
2022-23;16;23;0.00143;0.93
2022-23;18;23;0.00708;1.08
2022-23;20;23;0.00455;1.0
2022-23;22;23;0.0005;0.93
2022-23;-20;25;0.00091;0.96
2022-23;-18;25;0.00492;1.09
2022-23;-16;25;0.00928;1.09
2022-23;-14;25;0.0024;1.16
2022-23;-12;25;0.00022;1.17
2022-23;-10;25;0.00032;0.9
2022-23;-8;25;0.00053;0.87
2022-23;-6;25;0.00057;0.52
2022-23;-4;25;0.00069;0.91
2022-23;-2;25;0.00077;0.92
2022-23;0;25;0.00111;0.8
2022-23;2;25;0.0007;0.85
2022-23;4;25;0.00066;0.83
2022-23;6;25;0.00057;0.77
2022-23;8;25;0.00059;0.62
2022-23;10;25;0.00034;0.83
2022-23;12;25;0.00025;0.73
2022-23;14;25;0.00246;1.02
2022-23;16;25;0.00964;1.12
2022-23;18;25;0.00655;1.11
2022-23;20;25;0.00153;1.06
2022-23;22;25;0.00016;0.91
2022-23;-20;27;0.00028;0.65
2022-23;-18;27;0.00136;0.89
2022-23;-16;27;0.00552;1.07
2022-23;-14;27;0.0101;1.08
2022-23;-12;27;0.00569;1.04
2022-23;-10;27;0.00115;1.12
2022-23;-8;27;0.00022;0.89
2022-23;-4;27;0.00025;0.75
2022-23;-2;27;0.00034;0.81
2022-23;0;27;0.00048;0.67
2022-23;2;27;0.00041;0.77
2022-23;4;27;0.00032;0.93
2022-23;6;27;0.00023;0.88
2022-23;8;27;0.00023;0.8
2022-23;10;27;0.00125;0.89
2022-23;12;27;0.00511;1.05
2022-23;14;27;0.00952;1.08
2022-23;16;27;0.00692;1.05
2022-23;18;27;0.00196;1.01
2022-23;20;27;0.00033;0.91
2022-23;-18;29;0.00044;0.9
2022-23;-16;29;0.0014;0.97
2022-23;-14;29;0.00355;1.07
2022-23;-12;29;0.00729;1.11
2022-23;-10;29;0.00803;1.04
2022-23;-8;29;0.00453;1.05
2022-23;-6;29;0.00227;1.02
2022-23;-4;29;0.00115;1.14
2022-23;-2;29;0.00069;1.09
2022-23;0;29;0.00066;0.93
2022-23;2;29;0.00065;1.14
2022-23;4;29;0.0011;1.07
2022-23;6;29;0.00209;1.04
2022-23;8;29;0.00449;1.07
2022-23;10;29;0.00652;1.07
2022-23;12;29;0.00696;1.06
2022-23;14;29;0.00443;1.06
2022-23;16;29;0.00207;0.94
2022-23;18;29;0.0007;1.15
2022-23;20;29;0.00018;1.03
2022-23;-18;31;0.00016;1.06
2022-23;-16;31;0.00037;1.03
2022-23;-14;31;0.00075;0.91
2022-23;-12;31;0.00155;1.0
2022-23;-10;31;0.00319;1.11
2022-23;-8;31;0.00409;0.97
2022-23;-6;31;0.00436;1.07
2022-23;-4;31;0.00519;1.07
2022-23;-2;31;0.00582;1.11
2022-23;0;31;0.00764;1.11
2022-23;2;31;0.00652;1.06
2022-23;4;31;0.00459;1.08
2022-23;6;31;0.00426;1.1
2022-23;8;31;0.00411;0.99
2022-23;10;31;0.00299;1.05
2022-23;12;31;0.00187;1.11
2022-23;14;31;0.00114;1.21
2022-23;16;31;0.00048;0.97
2022-23;18;31;0.00021;0.75
2023-24;22;1;0.00016;0.88
2023-24;24;1;0.00014;1.6
2023-24;-24;3;0.00112;1.29
2023-24;-22;3;0.00148;1.22
2023-24;-14;3;0.0002;0.76
2023-24;-12;3;0.00016;0.76
2023-24;-10;3;0.00016;0.94
2023-24;-2;3;0.00014;0.93
2023-24;0;3;0.00031;1.58
2023-24;2;3;0.00015;1.27
2023-24;12;3;0.00018;0.89
2023-24;22;3;0.00227;1.12
2023-24;24;3;0.00291;1.15
2023-24;-24;5;0.00555;1.27
2023-24;-22;5;0.00687;1.18
2023-24;-20;5;0.00025;0.83
2023-24;-18;5;0.00029;0.79
2023-24;-16;5;0.00049;0.85
2023-24;-14;5;0.00101;0.99
2023-24;-12;5;0.00089;0.86
2023-24;-10;5;0.00096;0.86
2023-24;-8;5;0.00063;0.71
2023-24;-6;5;0.00086;0.77
2023-24;-4;5;0.00337;0.98
2023-24;-2;5;0.01884;1.33
2023-24;0;5;0.0734;1.52
2023-24;2;5;0.01977;1.35
2023-24;4;5;0.00295;0.9
2023-24;6;5;0.00098;0.78
2023-24;8;5;0.00069;0.77
2023-24;10;5;0.00092;0.87
2023-24;12;5;0.00081;0.77
2023-24;14;5;0.00076;0.83
2023-24;16;5;0.00051;0.81
2023-24;18;5;0.00028;0.92
2023-24;20;5;0.00022;0.71
2023-24;22;5;0.00717;1.19
2023-24;24;5;0.00964;1.19
2023-24;-24;7;0.00705;1.21
2023-24;-22;7;0.00758;1.15
2023-24;-20;7;0.00028;0.92
2023-24;-18;7;0.00037;0.7
2023-24;-16;7;0.00064;0.88
2023-24;-14;7;0.00125;0.82
2023-24;-12;7;0.00157;0.85
2023-24;-10;7;0.00159;0.92
2023-24;-8;7;0.00173;0.9
2023-24;-6;7;0.00353;0.85
2023-24;-4;7;0.01282;0.9
2023-24;-2;7;0.04117;1.18
2023-24;0;7;0.07166;1.46
2023-24;2;7;0.03872;1.16
2023-24;4;7;0.0101;0.9
2023-24;6;7;0.00298;0.82
2023-24;8;7;0.00165;0.85
2023-24;10;7;0.00141;0.79
2023-24;12;7;0.00143;0.87
2023-24;14;7;0.00116;0.72
2023-24;16;7;0.00071;0.89
2023-24;18;7;0.00038;0.77
2023-24;20;7;0.00031;0.88
2023-24;22;7;0.00616;1.2
2023-24;24;7;0.00936;1.11
2023-24;-24;9;0.00463;1.1
2023-24;-22;9;0.00456;1.18
2023-24;-20;9;0.00017;0.94
2023-24;-18;9;0.00021;0.71
2023-24;-16;9;0.00045;0.84
2023-24;-14;9;0.00073;0.96
2023-24;-12;9;0.00097;0.82
2023-24;-10;9;0.00152;0.82
2023-24;-8;9;0.00167;0.83
2023-24;-6;9;0.00382;0.87
2023-24;-4;9;0.00859;0.86
2023-24;-2;9;0.01346;0.9
2023-24;0;9;0.02035;1.07
2023-24;2;9;0.01293;0.92
2023-24;4;9;0.00676;0.79
2023-24;6;9;0.00338;0.82
2023-24;8;9;0.00166;0.84
2023-24;10;9;0.0012;0.78
2023-24;12;9;0.00111;0.83
2023-24;14;9;0.00081;0.9
2023-24;16;9;0.00044;0.79
2023-24;18;9;0.0002;0.74
2023-24;20;9;0.00022;0.72
2023-24;22;9;0.00327;1.21
2023-24;24;9;0.00486;1.18
2023-24;-24;11;0.00328;1.2
2023-24;-22;11;0.00325;1.15
2023-24;-18;11;0.00015;0.75
2023-24;-16;11;0.00043;0.95
2023-24;-14;11;0.00063;0.88
2023-24;-12;11;0.00081;0.8
2023-24;-10;11;0.00114;0.77
2023-24;-8;11;0.00156;0.92
2023-24;-6;11;0.00307;0.81
2023-24;-4;11;0.00473;0.83
2023-24;-2;11;0.00737;0.85
2023-24;0;11;0.01234;0.92
2023-24;2;11;0.00759;0.88
2023-24;4;11;0.00449;0.79
2023-24;6;11;0.00256;0.9
2023-24;8;11;0.00159;0.85
2023-24;10;11;0.00117;0.72
2023-24;12;11;0.00092;0.84
2023-24;14;11;0.00066;0.76
2023-24;16;11;0.00038;0.66
2023-24;18;11;0.0002;0.7
2023-24;20;11;0.00015;0.85
2023-24;22;11;0.00193;1.1
2023-24;24;11;0.00303;1.14
2023-24;-24;13;0.00215;1.03
2023-24;-22;13;0.00233;1.19
2023-24;-16;13;0.00036;0.89
2023-24;-14;13;0.00056;0.63
2023-24;-12;13;0.00082;0.79
2023-24;-10;13;0.00104;0.85
2023-24;-8;13;0.00127;0.89
2023-24;-6;13;0.00225;0.8
2023-24;-4;13;0.00346;0.89
2023-24;-2;13;0.00482;0.86
2023-24;0;13;0.00879;0.91
2023-24;2;13;0.00448;0.91
2023-24;4;13;0.0032;0.87
2023-24;6;13;0.00224;0.84
2023-24;8;13;0.00143;0.9
2023-24;10;13;0.00114;0.85
2023-24;12;13;0.00078;0.92
2023-24;14;13;0.00056;0.66
2023-24;16;13;0.00037;0.85
2023-24;18;13;0.00018;0.77
2023-24;20;13;0.00015;0.9
2023-24;22;13;0.00152;0.99
2023-24;24;13;0.00186;1.09
2023-24;-24;15;0.00111;1.11
2023-24;-22;15;0.00205;1.15
2023-24;-18;15;0.00018;0.58
2023-24;-16;15;0.00029;0.87
2023-24;-14;15;0.00068;0.75
2023-24;-12;15;0.00086;0.77
2023-24;-10;15;0.00128;0.88
2023-24;-8;15;0.00125;1.02
2023-24;-6;15;0.0022;0.95
2023-24;-4;15;0.00331;0.96
2023-24;-2;15;0.00368;0.92
2023-24;0;15;0.00538;0.93
2023-24;2;15;0.00341;0.88
2023-24;4;15;0.00306;0.9
2023-24;6;15;0.00203;0.95
2023-24;8;15;0.00125;0.86
2023-24;10;15;0.00121;0.86
2023-24;12;15;0.0009;0.94
2023-24;14;15;0.00067;0.91
2023-24;16;15;0.0003;0.75
2023-24;18;15;0.00018;0.95
2023-24;20;15;0.00016;0.94
2023-24;22;15;0.00133;1.22
2023-24;24;15;0.0012;1.14
2023-24;-24;17;0.00058;1.07
2023-24;-22;17;0.00406;1.08
2023-24;-20;17;0.00023;1.27
2023-24;-18;17;0.00017;0.76
2023-24;-16;17;0.00037;0.79
2023-24;-14;17;0.00086;0.81
2023-24;-12;17;0.00116;0.82
2023-24;-10;17;0.00134;0.91
2023-24;-8;17;0.00132;0.86
2023-24;-6;17;0.00234;0.88
2023-24;-4;17;0.00268;0.9
2023-24;-2;17;0.00286;0.9
2023-24;0;17;0.0046;0.96
2023-24;2;17;0.00294;0.94
2023-24;4;17;0.00227;0.98
2023-24;6;17;0.00203;0.83
2023-24;8;17;0.00128;0.93
2023-24;10;17;0.00097;0.94
2023-24;12;17;0.001;0.79
2023-24;14;17;0.00057;1.02
2023-24;16;17;0.00035;0.92
2023-24;18;17;0.00017;0.61
2023-24;20;17;0.00023;1.16
2023-24;22;17;0.00368;1.06
2023-24;24;17;0.00078;0.99
2023-24;-24;19;0.0002;1.29
2023-24;-22;19;0.00305;1.07
2023-24;-20;19;0.00224;1.15
2023-24;-16;19;0.00029;0.84
2023-24;-14;19;0.00062;0.68
2023-24;-12;19;0.00107;0.83
2023-24;-10;19;0.00157;0.77
2023-24;-8;19;0.00161;0.88
2023-24;-6;19;0.00173;0.88
2023-24;-4;19;0.00143;0.94
2023-24;-2;19;0.00161;0.89
2023-24;0;19;0.00256;0.87
2023-24;2;19;0.00175;0.91
2023-24;4;19;0.00117;0.97
2023-24;6;19;0.00151;0.9
2023-24;8;19;0.00157;0.93
2023-24;10;19;0.00114;0.74
2023-24;12;19;0.00116;0.78
2023-24;14;19;0.00064;0.91
2023-24;16;19;0.0003;0.78
2023-24;20;19;0.00205;1.14
2023-24;22;19;0.00436;1.03
2023-24;24;19;0.00021;1.36
2023-24;-22;21;0.00135;1.01
2023-24;-20;21;0.00468;1.15
2023-24;-18;21;0.00134;1.13
2023-24;-16;21;0.00018;1.0
2023-24;-14;21;0.00041;0.71
2023-24;-12;21;0.00087;0.81
2023-24;-10;21;0.00136;0.7
2023-24;-8;21;0.00148;0.81
2023-24;-6;21;0.00107;0.86
2023-24;-4;21;0.00123;0.87
2023-24;-2;21;0.00176;1.05
2023-24;0;21;0.00262;0.96
2023-24;2;21;0.0017;0.94
2023-24;4;21;0.00104;0.86
2023-24;6;21;0.00109;0.74
2023-24;8;21;0.00133;0.94
2023-24;10;21;0.00114;0.93
2023-24;12;21;0.00079;0.67
2023-24;14;21;0.00039;0.64
2023-24;16;21;0.0002;0.6
2023-24;18;21;0.00137;1.08
2023-24;20;21;0.00558;1.12
2023-24;22;21;0.00203;1.03
2023-24;-22;23;0.00043;1.09
2023-24;-20;23;0.00334;1.07
2023-24;-18;23;0.00604;1.09
2023-24;-16;23;0.00124;1.01
2023-24;-14;23;0.00021;0.71
2023-24;-12;23;0.00045;0.62
2023-24;-10;23;0.00072;0.76
2023-24;-8;23;0.00079;0.81
2023-24;-6;23;0.00084;0.81
2023-24;-4;23;0.00107;0.84
2023-24;-2;23;0.00127;0.88
2023-24;0;23;0.0015;0.8
2023-24;2;23;0.00111;0.94
2023-24;4;23;0.00078;0.72
2023-24;6;23;0.00078;0.63
2023-24;8;23;0.00081;0.84
2023-24;10;23;0.00067;0.82
2023-24;12;23;0.0004;0.95
2023-24;14;23;0.00018;0.79
2023-24;16;23;0.00143;1.1
2023-24;18;23;0.00686;1.05
2023-24;20;23;0.00467;1.08
2023-24;22;23;0.00061;1.17
2023-24;-20;25;0.00106;1.15
2023-24;-18;25;0.00463;1.12
2023-24;-16;25;0.00871;1.14
2023-24;-14;25;0.0023;1.02
2023-24;-12;25;0.0002;0.84
2023-24;-10;25;0.00029;0.94
2023-24;-8;25;0.0003;0.65
2023-24;-6;25;0.00044;0.83
2023-24;-4;25;0.00057;1.02
2023-24;-2;25;0.00059;0.94
2023-24;0;25;0.00097;0.8
2023-24;2;25;0.00069;1.0
2023-24;4;25;0.00055;0.94
2023-24;6;25;0.00037;0.76
2023-24;8;25;0.0003;0.52
2023-24;10;25;0.00033;0.74
2023-24;12;25;0.00019;0.83
2023-24;14;25;0.00238;1.05
2023-24;16;25;0.00893;1.05
2023-24;18;25;0.00669;1.12
2023-24;20;25;0.00164;1.17
2023-24;22;25;0.00016;0.71
2023-24;-20;27;0.00035;0.93
2023-24;-18;27;0.00154;1.08
2023-24;-16;27;0.00609;1.05
2023-24;-14;27;0.01028;1.09
2023-24;-12;27;0.00565;1.12
2023-24;-10;27;0.00109;0.97
2023-24;-8;27;0.00021;0.76
2023-24;-6;27;0.00015;0.45
2023-24;-4;27;0.0002;0.74
2023-24;-2;27;0.00025;0.67
2023-24;0;27;0.00043;0.83
2023-24;2;27;0.00023;0.53
2023-24;4;27;0.00017;0.81
2023-24;6;27;0.00017;0.59
2023-24;8;27;0.00022;0.61
2023-24;10;27;0.00136;1.11
2023-24;12;27;0.00542;1.13
2023-24;14;27;0.01004;1.08
2023-24;16;27;0.00694;1.12
2023-24;18;27;0.00201;1.03
2023-24;20;27;0.00041;1.06
2023-24;-18;29;0.00039;1.0
2023-24;-16;29;0.00162;1.0
2023-24;-14;29;0.00376;1.07
2023-24;-12;29;0.00752;1.12
2023-24;-10;29;0.00808;1.12
2023-24;-8;29;0.0047;1.06
2023-24;-6;29;0.00206;1.24
2023-24;-4;29;0.00119;1.17
2023-24;-2;29;0.00071;1.04
2023-24;0;29;0.00077;1.04
2023-24;2;29;0.00075;1.01
2023-24;4;29;0.00123;1.21
2023-24;6;29;0.002;1.04
2023-24;8;29;0.00482;1.12
2023-24;10;29;0.00673;1.07
2023-24;12;29;0.00656;1.11
2023-24;14;29;0.00452;1.17
2023-24;16;29;0.00203;1.0
2023-24;18;29;0.00063;0.76
2023-24;20;29;0.00017;1.22
2023-24;-16;31;0.00043;1.02
2023-24;-14;31;0.001;1.22
2023-24;-12;31;0.00162;1.04
2023-24;-10;31;0.0031;1.1
2023-24;-8;31;0.0039;1.07
2023-24;-6;31;0.00472;1.05
2023-24;-4;31;0.00539;1.15
2023-24;-2;31;0.00557;1.11
2023-24;0;31;0.0075;1.13
2023-24;2;31;0.00649;1.05
2023-24;4;31;0.00461;1.1
2023-24;6;31;0.00443;1.1
2023-24;8;31;0.00402;1.03
2023-24;10;31;0.00291;1.08
2023-24;12;31;0.00199;0.98
2023-24;14;31;0.00125;0.96
2023-24;16;31;0.00058;1.06
2023-24;18;31;0.00015;1.22
2024-25;-24;3;0.00105;1.25
2024-25;-22;3;0.00155;1.28
2024-25;-14;3;0.00016;0.82
2024-25;-12;3;0.00019;0.8
2024-25;0;3;0.00025;1.33
2024-25;2;3;0.00017;1.14
2024-25;12;3;0.00017;0.89
2024-25;14;3;0.00017;1.0
2024-25;22;3;0.00276;1.19
2024-25;24;3;0.00356;1.22
2024-25;-24;5;0.00529;1.11
2024-25;-22;5;0.00747;1.17
2024-25;-20;5;0.00026;0.95
2024-25;-18;5;0.00019;0.78
2024-25;-16;5;0.00047;0.98
2024-25;-14;5;0.00072;0.77
2024-25;-12;5;0.00083;0.88
2024-25;-10;5;0.00092;0.9
2024-25;-8;5;0.00072;0.9
2024-25;-6;5;0.00096;0.88
2024-25;-4;5;0.0034;0.93
2024-25;-2;5;0.01714;1.35
2024-25;0;5;0.06751;1.51
2024-25;2;5;0.01698;1.34
2024-25;4;5;0.00301;0.99
2024-25;6;5;0.00109;0.91
2024-25;8;5;0.00082;0.87
2024-25;10;5;0.00087;0.85
2024-25;12;5;0.00081;0.86
2024-25;14;5;0.00066;0.93
2024-25;16;5;0.00041;0.92
2024-25;18;5;0.00025;0.98
2024-25;20;5;0.00027;0.81
2024-25;22;5;0.00839;1.12
2024-25;24;5;0.00967;1.1
2024-25;-24;7;0.00746;1.19
2024-25;-22;7;0.00882;1.14
2024-25;-20;7;0.00031;0.88
2024-25;-18;7;0.00021;0.62
2024-25;-16;7;0.00052;0.91
2024-25;-14;7;0.00089;0.76
2024-25;-12;7;0.00114;0.83
2024-25;-10;7;0.00166;0.92
2024-25;-8;7;0.00171;0.81
2024-25;-6;7;0.00376;0.82
2024-25;-4;7;0.01317;0.97
2024-25;-2;7;0.03985;1.2
2024-25;0;7;0.06774;1.46
2024-25;2;7;0.03756;1.18
2024-25;4;7;0.0113;0.93
2024-25;6;7;0.00349;0.8
2024-25;8;7;0.00152;0.94
2024-25;10;7;0.00117;0.86
2024-25;12;7;0.00113;0.9
2024-25;14;7;0.00089;0.89
2024-25;16;7;0.00061;0.65
2024-25;18;7;0.00025;1.06
2024-25;20;7;0.00035;0.51
2024-25;22;7;0.00671;1.16
2024-25;24;7;0.00935;1.15
2024-25;-24;9;0.00474;1.23
2024-25;-22;9;0.0052;1.2
2024-25;-20;9;0.00014;0.67
2024-25;-18;9;0.00021;0.68
2024-25;-16;9;0.00036;0.83
2024-25;-14;9;0.00062;0.89
2024-25;-12;9;0.00078;0.76
2024-25;-10;9;0.00144;0.86
2024-25;-8;9;0.00201;0.93
2024-25;-6;9;0.00423;0.82
2024-25;-4;9;0.00927;0.9
2024-25;-2;9;0.01318;0.92
2024-25;0;9;0.019;1.06
2024-25;2;9;0.01349;0.97
2024-25;4;9;0.00755;0.84
2024-25;6;9;0.00332;0.7
2024-25;8;9;0.00195;0.85
2024-25;10;9;0.00126;0.84
2024-25;12;9;0.0008;0.8
2024-25;14;9;0.00087;0.88
2024-25;16;9;0.00051;1.06
2024-25;18;9;0.00021;0.62
2024-25;20;9;0.00025;0.87
2024-25;22;9;0.0034;1.15
2024-25;24;9;0.00507;1.18
2024-25;-24;11;0.00351;1.12
2024-25;-22;11;0.00378;1.15
2024-25;-18;11;0.00016;0.59
2024-25;-16;11;0.00027;0.81
2024-25;-14;11;0.00048;0.76
2024-25;-12;11;0.00067;0.72
2024-25;-10;11;0.0013;0.93
2024-25;-8;11;0.00163;0.85
2024-25;-6;11;0.00318;0.86
2024-25;-4;11;0.00609;0.88
2024-25;-2;11;0.00812;0.86
2024-25;0;11;0.01261;0.98
2024-25;2;11;0.0076;0.91
2024-25;4;11;0.00524;0.77
2024-25;6;11;0.0028;0.77
2024-25;8;11;0.00148;0.79
2024-25;10;11;0.00111;0.89
2024-25;12;11;0.00079;0.9
2024-25;14;11;0.00051;0.84
2024-25;16;11;0.00032;0.67
2024-25;18;11;0.00018;0.79
2024-25;20;11;0.00015;0.81
2024-25;22;11;0.00194;1.22
2024-25;24;11;0.00312;1.25
2024-25;-24;13;0.002;1.19
2024-25;-22;13;0.00282;1.06
2024-25;-16;13;0.00026;0.87
2024-25;-14;13;0.00049;0.8
2024-25;-12;13;0.00071;1.01
2024-25;-10;13;0.00093;0.84
2024-25;-8;13;0.00115;0.82
2024-25;-6;13;0.00223;0.84
2024-25;-4;13;0.00375;0.9
2024-25;-2;13;0.0049;0.92
2024-25;0;13;0.0081;0.93
2024-25;2;13;0.00513;0.91
2024-25;4;13;0.00355;0.87
2024-25;6;13;0.00217;0.9
2024-25;8;13;0.00125;0.78
2024-25;10;13;0.00091;0.88
2024-25;12;13;0.00066;0.75
2024-25;14;13;0.00048;0.62
2024-25;16;13;0.00031;0.6
2024-25;20;13;0.00021;0.86
2024-25;22;13;0.00153;1.05
2024-25;24;13;0.0019;1.27
2024-25;-24;15;0.00105;1.06
2024-25;-22;15;0.00237;1.07
2024-25;-18;15;0.00016;0.86
2024-25;-16;15;0.00031;0.68
2024-25;-14;15;0.00042;0.81
2024-25;-12;15;0.00073;0.89
2024-25;-10;15;0.00081;0.91
2024-25;-8;15;0.00114;1.0
2024-25;-6;15;0.00224;0.98
2024-25;-4;15;0.0035;0.89
2024-25;-2;15;0.00372;0.87
2024-25;0;15;0.00589;0.93
2024-25;2;15;0.00398;0.92
2024-25;4;15;0.00292;0.91
2024-25;6;15;0.00222;0.94
2024-25;8;15;0.00122;0.85
2024-25;10;15;0.00093;0.74
2024-25;12;15;0.00068;0.79
2024-25;14;15;0.00052;0.97
2024-25;16;15;0.00032;0.84
2024-25;20;15;0.00016;0.82
2024-25;22;15;0.00171;1.17
2024-25;24;15;0.00134;1.2
2024-25;-24;17;0.00046;0.86
2024-25;-22;17;0.00392;1.12
2024-25;-20;17;0.00024;1.16
2024-25;-16;17;0.00029;0.87
2024-25;-14;17;0.00059;0.7
2024-25;-12;17;0.00087;0.8
2024-25;-10;17;0.00128;0.87
2024-25;-8;17;0.00118;0.95
2024-25;-6;17;0.0025;0.93
2024-25;-4;17;0.00284;0.91
2024-25;-2;17;0.00291;0.87
2024-25;0;17;0.00426;0.86
2024-25;2;17;0.00302;0.98
2024-25;4;17;0.00249;0.94
2024-25;6;17;0.00222;0.86
2024-25;8;17;0.00122;0.95
2024-25;10;17;0.001;0.78
2024-25;12;17;0.00088;0.86
2024-25;14;17;0.00058;0.83
2024-25;16;17;0.00029;0.84
2024-25;18;17;0.00016;0.91
2024-25;20;17;0.0003;0.94
2024-25;22;17;0.004;1.06
2024-25;24;17;0.00072;1.1
2024-25;-24;19;0.00014;1.2
2024-25;-22;19;0.00375;1.06
2024-25;-20;19;0.00212;1.23
2024-25;-16;19;0.00021;0.5
2024-25;-14;19;0.00034;0.81
2024-25;-12;19;0.00085;0.73
2024-25;-10;19;0.00127;0.78
2024-25;-8;19;0.00127;0.87
2024-25;-6;19;0.00148;1.01
2024-25;-4;19;0.00135;0.88
2024-25;-2;19;0.00153;0.87
2024-25;0;19;0.00262;0.89
2024-25;2;19;0.00153;0.83
2024-25;4;19;0.00118;0.96
2024-25;6;19;0.00124;0.94
2024-25;8;19;0.00126;0.8
2024-25;10;19;0.00096;0.85
2024-25;12;19;0.00084;0.75
2024-25;14;19;0.00053;0.77
2024-25;16;19;0.00029;0.75
2024-25;18;19;0.00022;0.78
2024-25;20;19;0.00226;1.12
2024-25;22;19;0.00434;1.07
2024-25;24;19;0.00018;1.38
2024-25;-22;21;0.00153;1.23
2024-25;-20;21;0.00529;1.1
2024-25;-18;21;0.00125;1.11
2024-25;-16;21;0.00021;0.89
2024-25;-14;21;0.00032;0.68
2024-25;-12;21;0.00062;0.93
2024-25;-10;21;0.00107;0.81
2024-25;-8;21;0.00112;0.75
2024-25;-6;21;0.00092;0.91
2024-25;-4;21;0.00118;0.87
2024-25;-2;21;0.00152;0.85
2024-25;0;21;0.00229;0.92
2024-25;2;21;0.00165;0.89
2024-25;4;21;0.00113;0.97
2024-25;6;21;0.00094;0.8
2024-25;8;21;0.00117;0.86
2024-25;10;21;0.001;0.82
2024-25;12;21;0.00073;0.95
2024-25;14;21;0.00045;0.67
2024-25;16;21;0.00022;0.77
2024-25;18;21;0.00152;0.97
2024-25;20;21;0.00647;1.16
2024-25;22;21;0.00216;1.16
2024-25;-22;23;0.00052;1.05
2024-25;-20;23;0.00338;1.14
2024-25;-18;23;0.00662;1.05
2024-25;-16;23;0.00138;1.11
2024-25;-12;23;0.0003;0.66
2024-25;-10;23;0.00059;0.67
2024-25;-8;23;0.00068;0.83
2024-25;-6;23;0.00065;0.78
2024-25;-4;23;0.00077;0.76
2024-25;-2;23;0.00078;1.03
2024-25;0;23;0.00127;0.76
2024-25;2;23;0.00091;0.88
2024-25;4;23;0.00086;0.95
2024-25;6;23;0.00058;0.71
2024-25;8;23;0.00067;0.79
2024-25;10;23;0.0005;0.92
2024-25;12;23;0.00036;0.94
2024-25;14;23;0.00023;0.84
2024-25;16;23;0.00192;1.13
2024-25;18;23;0.00842;1.06
2024-25;20;23;0.00477;1.1
2024-25;22;23;0.00067;1.09
2024-25;-20;25;0.00133;1.2
2024-25;-18;25;0.00502;1.04
2024-25;-16;25;0.00877;1.06
2024-25;-14;25;0.00228;1.04
2024-25;-12;25;0.00032;0.85
2024-25;-10;25;0.00023;0.83
2024-25;-8;25;0.00028;0.75
2024-25;-6;25;0.00031;0.84
2024-25;-4;25;0.00054;0.97
2024-25;-2;25;0.00051;0.7
2024-25;0;25;0.0007;0.71
2024-25;2;25;0.00049;0.73
2024-25;4;25;0.00041;0.52
2024-25;6;25;0.00041;0.57
2024-25;8;25;0.00031;0.63
2024-25;10;25;0.00021;0.5
2024-25;12;25;0.00027;0.72
2024-25;14;25;0.00269;1.09
2024-25;16;25;0.00954;1.04
2024-25;18;25;0.0066;1.11
2024-25;20;25;0.00164;0.97
2024-25;22;25;0.00021;0.48
2024-25;-20;27;0.00037;1.15
2024-25;-18;27;0.00186;0.98
2024-25;-16;27;0.00666;1.04
2024-25;-14;27;0.00968;1.04
2024-25;-12;27;0.00574;1.09
2024-25;-10;27;0.00112;1.14
2024-25;-8;27;0.00015;1.06
2024-25;-4;27;0.00017;0.61
2024-25;-2;27;0.00019;0.63
2024-25;0;27;0.00025;0.87
2024-25;2;27;0.00021;0.53
2024-25;6;27;0.00019;0.75
2024-25;8;27;0.00021;1.18
2024-25;10;27;0.00154;0.94
2024-25;12;27;0.00541;1.12
2024-25;14;27;0.0095;1.07
2024-25;16;27;0.00702;1.12
2024-25;18;27;0.00221;1.06
2024-25;20;27;0.00052;1.06
2024-25;-20;29;0.00014;0.5
2024-25;-18;29;0.00053;0.96
2024-25;-16;29;0.00179;1.03
2024-25;-14;29;0.0044;1.01
2024-25;-12;29;0.00767;1.03
2024-25;-10;29;0.00836;1.06
2024-25;-8;29;0.0045;1.03
2024-25;-6;29;0.00209;1.16
2024-25;-4;29;0.00105;1.0
2024-25;-2;29;0.00079;1.12
2024-25;0;29;0.00093;1.01
2024-25;2;29;0.00088;1.11
2024-25;4;29;0.00117;1.07
2024-25;6;29;0.00255;1.09
2024-25;8;29;0.0052;1.12
2024-25;10;29;0.00659;1.01
2024-25;12;29;0.00666;1.1
2024-25;14;29;0.00457;1.02
2024-25;16;29;0.00239;0.98
2024-25;18;29;0.00081;0.98
2024-25;20;29;0.00027;1.16
2024-25;-18;31;0.00029;0.77
2024-25;-16;31;0.00053;0.91
2024-25;-14;31;0.00118;0.84
2024-25;-12;31;0.00185;1.08
2024-25;-10;31;0.00358;1.08
2024-25;-8;31;0.00454;1.11
2024-25;-6;31;0.00471;1.09
2024-25;-4;31;0.00555;1.09
2024-25;-2;31;0.00614;1.02
2024-25;0;31;0.00745;1.02
2024-25;2;31;0.0066;1.07
2024-25;4;31;0.00516;1.11
2024-25;6;31;0.00468;1.06
2024-25;8;31;0.00435;1.07
2024-25;10;31;0.00315;1.04
2024-25;12;31;0.00223;1.05
2024-25;14;31;0.00136;0.96
2024-25;16;31;0.00065;0.91
2024-25;18;31;0.00026;1.02
